Saved configuration to: runs/calib8x8_brain_neuromod_trainable_slow_long_seed3_20260702-041002/config.txt
Training Brain on cuda for 60 RL episodes
  Inner: 800000 timesteps, regime switch every 100000 steps
  Parallel Envs: 1
  Brain vectorization: sync
  Decision interval: 10 inner updates

--- Starting Meta-RL PPO Training (Target: 60) ---
update 10/390 | step=20480 | SPS=1288
update 20/390 | step=40960 | SPS=1311
update 30/390 | step=61440 | SPS=1347
update 40/390 | step=81920 | SPS=1351
[100016] Regime switch detected! 0 -> 1. Snapshotting anchor model.
update 50/390 | step=102400 | SPS=1346
update 60/390 | step=122880 | SPS=1352
update 70/390 | step=143360 | SPS=1372
update 80/390 | step=163840 | SPS=1377
update 90/390 | step=184320 | SPS=1393
[200016] Regime switch detected! 1 -> 0. Snapshotting anchor model.
update 100/390 | step=204800 | SPS=1405
update 110/390 | step=225280 | SPS=1413
update 120/390 | step=245760 | SPS=1417
update 130/390 | step=266240 | SPS=1419
update 140/390 | step=286720 | SPS=1413
[300016] Regime switch detected! 0 -> 1. Snapshotting anchor model.
update 150/390 | step=307200 | SPS=1406
update 160/390 | step=327680 | SPS=1399
update 170/390 | step=348160 | SPS=1397
update 180/390 | step=368640 | SPS=1398
update 190/390 | step=389120 | SPS=1395
[400016] Regime switch detected! 1 -> 0. Snapshotting anchor model.
update 200/390 | step=409600 | SPS=1392
update 210/390 | step=430080 | SPS=1389
update 220/390 | step=450560 | SPS=1385
update 230/390 | step=471040 | SPS=1382
update 240/390 | step=491520 | SPS=1379
[500016] Regime switch detected! 0 -> 1. Snapshotting anchor model.
update 250/390 | step=512000 | SPS=1377
update 260/390 | step=532480 | SPS=1378
update 270/390 | step=552960 | SPS=1381
update 280/390 | step=573440 | SPS=1381
update 290/390 | step=593920 | SPS=1378
[600016] Regime switch detected! 1 -> 0. Snapshotting anchor model.
update 300/390 | step=614400 | SPS=1375
update 310/390 | step=634880 | SPS=1374
update 320/390 | step=655360 | SPS=1372
update 330/390 | step=675840 | SPS=1370
update 340/390 | step=696320 | SPS=1368
[700016] Regime switch detected! 0 -> 1. Snapshotting anchor model.
update 350/390 | step=716800 | SPS=1367
update 360/390 | step=737280 | SPS=1368
update 370/390 | step=757760 | SPS=1369
update 380/390 | step=778240 | SPS=1372
update 390/390 | step=798720 | SPS=1374
Episode 1/60 | reward=4.6834 | avg10=4.6834 | avg_success_rate=0.9600 | steps=38 | time=583.9s
update 10/390 | step=20480 | SPS=1370
update 20/390 | step=40960 | SPS=1344
update 30/390 | step=61440 | SPS=1338
update 40/390 | step=81920 | SPS=1375
[100016] Regime switch detected! 0 -> 1. Snapshotting anchor model.
update 50/390 | step=102400 | SPS=1397
update 60/390 | step=122880 | SPS=1416
update 70/390 | step=143360 | SPS=1428
update 80/390 | step=163840 | SPS=1424
update 90/390 | step=184320 | SPS=1412
[200016] Regime switch detected! 1 -> 0. Snapshotting anchor model.
update 100/390 | step=204800 | SPS=1400
update 110/390 | step=225280 | SPS=1389
update 120/390 | step=245760 | SPS=1382
update 130/390 | step=266240 | SPS=1376
update 140/390 | step=286720 | SPS=1373
[300016] Regime switch detected! 0 -> 1. Snapshotting anchor model.
update 150/390 | step=307200 | SPS=1367
update 160/390 | step=327680 | SPS=1364
update 170/390 | step=348160 | SPS=1359
update 180/390 | step=368640 | SPS=1361
update 190/390 | step=389120 | SPS=1358
[400016] Regime switch detected! 1 -> 0. Snapshotting anchor model.
update 200/390 | step=409600 | SPS=1356
update 210/390 | step=430080 | SPS=1354
update 220/390 | step=450560 | SPS=1349
update 230/390 | step=471040 | SPS=1348
update 240/390 | step=491520 | SPS=1345
[500016] Regime switch detected! 0 -> 1. Snapshotting anchor model.
update 250/390 | step=512000 | SPS=1344
update 260/390 | step=532480 | SPS=1343
update 270/390 | step=552960 | SPS=1340
update 280/390 | step=573440 | SPS=1339
update 290/390 | step=593920 | SPS=1338
[600016] Regime switch detected! 1 -> 0. Snapshotting anchor model.
update 300/390 | step=614400 | SPS=1337
update 310/390 | step=634880 | SPS=1336
update 320/390 | step=655360 | SPS=1334
update 330/390 | step=675840 | SPS=1333
update 340/390 | step=696320 | SPS=1332
[700016] Regime switch detected! 0 -> 1. Snapshotting anchor model.
update 350/390 | step=716800 | SPS=1331
update 360/390 | step=737280 | SPS=1330
update 370/390 | step=757760 | SPS=1331
update 380/390 | step=778240 | SPS=1330
update 390/390 | step=798720 | SPS=1329
Episode 2/60 | reward=4.5106 | avg10=4.5970 | avg_success_rate=0.9600 | steps=38 | time=603.9s
update 10/390 | step=20480 | SPS=1388
update 20/390 | step=40960 | SPS=1346
update 30/390 | step=61440 | SPS=1336
update 40/390 | step=81920 | SPS=1329
[100016] Regime switch detected! 0 -> 1. Snapshotting anchor model.
update 50/390 | step=102400 | SPS=1328
update 60/390 | step=122880 | SPS=1326
update 70/390 | step=143360 | SPS=1324
update 80/390 | step=163840 | SPS=1318
update 90/390 | step=184320 | SPS=1319
[200016] Regime switch detected! 1 -> 0. Snapshotting anchor model.
update 100/390 | step=204800 | SPS=1320
update 110/390 | step=225280 | SPS=1317
update 120/390 | step=245760 | SPS=1315
update 130/390 | step=266240 | SPS=1312
update 140/390 | step=286720 | SPS=1312
[300016] Regime switch detected! 0 -> 1. Snapshotting anchor model.
update 150/390 | step=307200 | SPS=1310
update 160/390 | step=327680 | SPS=1308
update 170/390 | step=348160 | SPS=1311
update 180/390 | step=368640 | SPS=1314
update 190/390 | step=389120 | SPS=1322
[400016] Regime switch detected! 1 -> 0. Snapshotting anchor model.
update 200/390 | step=409600 | SPS=1329
update 210/390 | step=430080 | SPS=1334
update 220/390 | step=450560 | SPS=1339
update 230/390 | step=471040 | SPS=1338
update 240/390 | step=491520 | SPS=1337
[500016] Regime switch detected! 0 -> 1. Snapshotting anchor model.
update 250/390 | step=512000 | SPS=1336
update 260/390 | step=532480 | SPS=1335
update 270/390 | step=552960 | SPS=1333
update 280/390 | step=573440 | SPS=1333
update 290/390 | step=593920 | SPS=1333
[600016] Regime switch detected! 1 -> 0. Snapshotting anchor model.
update 300/390 | step=614400 | SPS=1333
update 310/390 | step=634880 | SPS=1337
update 320/390 | step=655360 | SPS=1342
update 330/390 | step=675840 | SPS=1343
update 340/390 | step=696320 | SPS=1342
[700016] Regime switch detected! 0 -> 1. Snapshotting anchor model.
update 350/390 | step=716800 | SPS=1342
update 360/390 | step=737280 | SPS=1342
update 370/390 | step=757760 | SPS=1345
update 380/390 | step=778240 | SPS=1349
update 390/390 | step=798720 | SPS=1351
Episode 3/60 | reward=3.5371 | avg10=4.2437 | avg_success_rate=0.9500 | steps=38 | time=594.1s
update 10/390 | step=20480 | SPS=1505
update 20/390 | step=40960 | SPS=1410
update 30/390 | step=61440 | SPS=1378
update 40/390 | step=81920 | SPS=1361
[100016] Regime switch detected! 0 -> 1. Snapshotting anchor model.
update 50/390 | step=102400 | SPS=1351
update 60/390 | step=122880 | SPS=1343
update 70/390 | step=143360 | SPS=1336
update 80/390 | step=163840 | SPS=1325
update 90/390 | step=184320 | SPS=1312
[200016] Regime switch detected! 1 -> 0. Snapshotting anchor model.
update 100/390 | step=204800 | SPS=1314
update 110/390 | step=225280 | SPS=1305
update 120/390 | step=245760 | SPS=1304
update 130/390 | step=266240 | SPS=1297
update 140/390 | step=286720 | SPS=1291
[300016] Regime switch detected! 0 -> 1. Snapshotting anchor model.
update 150/390 | step=307200 | SPS=1292
update 160/390 | step=327680 | SPS=1293
update 170/390 | step=348160 | SPS=1287
update 180/390 | step=368640 | SPS=1283
update 190/390 | step=389120 | SPS=1286
[400016] Regime switch detected! 1 -> 0. Snapshotting anchor model.
update 200/390 | step=409600 | SPS=1287
update 210/390 | step=430080 | SPS=1283
update 220/390 | step=450560 | SPS=1279
update 230/390 | step=471040 | SPS=1275
update 240/390 | step=491520 | SPS=1271
[500016] Regime switch detected! 0 -> 1. Snapshotting anchor model.
update 250/390 | step=512000 | SPS=1273
update 260/390 | step=532480 | SPS=1270
update 270/390 | step=552960 | SPS=1266
update 280/390 | step=573440 | SPS=1265
update 290/390 | step=593920 | SPS=1266
[600016] Regime switch detected! 1 -> 0. Snapshotting anchor model.
update 300/390 | step=614400 | SPS=1268
update 310/390 | step=634880 | SPS=1268
update 320/390 | step=655360 | SPS=1269
update 330/390 | step=675840 | SPS=1269
update 340/390 | step=696320 | SPS=1269
[700016] Regime switch detected! 0 -> 1. Snapshotting anchor model.
update 350/390 | step=716800 | SPS=1270
update 360/390 | step=737280 | SPS=1269
update 370/390 | step=757760 | SPS=1270
update 380/390 | step=778240 | SPS=1269
update 390/390 | step=798720 | SPS=1270
Episode 4/60 | reward=3.0066 | avg10=3.9344 | avg_success_rate=0.5000 | steps=38 | time=632.0s
update 10/390 | step=20480 | SPS=1245
update 20/390 | step=40960 | SPS=1260
update 30/390 | step=61440 | SPS=1276
update 40/390 | step=81920 | SPS=1277
[100016] Regime switch detected! 0 -> 1. Snapshotting anchor model.
update 50/390 | step=102400 | SPS=1265
update 60/390 | step=122880 | SPS=1253
update 70/390 | step=143360 | SPS=1262
update 80/390 | step=163840 | SPS=1256
update 90/390 | step=184320 | SPS=1254
[200016] Regime switch detected! 1 -> 0. Snapshotting anchor model.
update 100/390 | step=204800 | SPS=1250
update 110/390 | step=225280 | SPS=1255
update 120/390 | step=245760 | SPS=1259
update 130/390 | step=266240 | SPS=1265
update 140/390 | step=286720 | SPS=1268
[300016] Regime switch detected! 0 -> 1. Snapshotting anchor model.
update 150/390 | step=307200 | SPS=1271
update 160/390 | step=327680 | SPS=1274
update 170/390 | step=348160 | SPS=1276
update 180/390 | step=368640 | SPS=1275
update 190/390 | step=389120 | SPS=1273
[400016] Regime switch detected! 1 -> 0. Snapshotting anchor model.
update 200/390 | step=409600 | SPS=1269
update 210/390 | step=430080 | SPS=1266
update 220/390 | step=450560 | SPS=1263
update 230/390 | step=471040 | SPS=1260
update 240/390 | step=491520 | SPS=1257
[500016] Regime switch detected! 0 -> 1. Snapshotting anchor model.
update 250/390 | step=512000 | SPS=1259
update 260/390 | step=532480 | SPS=1262
update 270/390 | step=552960 | SPS=1264
update 280/390 | step=573440 | SPS=1266
update 290/390 | step=593920 | SPS=1266
[600016] Regime switch detected! 1 -> 0. Snapshotting anchor model.
update 300/390 | step=614400 | SPS=1266
update 310/390 | step=634880 | SPS=1265
update 320/390 | step=655360 | SPS=1263
update 330/390 | step=675840 | SPS=1264
update 340/390 | step=696320 | SPS=1264
[700016] Regime switch detected! 0 -> 1. Snapshotting anchor model.
update 350/390 | step=716800 | SPS=1261
update 360/390 | step=737280 | SPS=1259
update 370/390 | step=757760 | SPS=1258
update 380/390 | step=778240 | SPS=1256
update 390/390 | step=798720 | SPS=1256
Episode 5/60 | reward=4.1822 | avg10=3.9840 | avg_success_rate=0.9600 | steps=38 | time=639.0s
  [brain ckpt] runs/calib8x8_brain_neuromod_trainable_slow_long_seed3_20260702-041002/episode_5/brain_ep5.pt
update 10/390 | step=20480 | SPS=1265
update 20/390 | step=40960 | SPS=1289
update 30/390 | step=61440 | SPS=1270
update 40/390 | step=81920 | SPS=1272
[100016] Regime switch detected! 0 -> 1. Snapshotting anchor model.
update 50/390 | step=102400 | SPS=1278
update 60/390 | step=122880 | SPS=1276
update 70/390 | step=143360 | SPS=1276
update 80/390 | step=163840 | SPS=1267
update 90/390 | step=184320 | SPS=1261
[200016] Regime switch detected! 1 -> 0. Snapshotting anchor model.
update 100/390 | step=204800 | SPS=1253
update 110/390 | step=225280 | SPS=1259
update 120/390 | step=245760 | SPS=1263
update 130/390 | step=266240 | SPS=1262
update 140/390 | step=286720 | SPS=1260
[300016] Regime switch detected! 0 -> 1. Snapshotting anchor model.
update 150/390 | step=307200 | SPS=1261
update 160/390 | step=327680 | SPS=1266
update 170/390 | step=348160 | SPS=1270
update 180/390 | step=368640 | SPS=1272
update 190/390 | step=389120 | SPS=1273
[400016] Regime switch detected! 1 -> 0. Snapshotting anchor model.
update 200/390 | step=409600 | SPS=1274
update 210/390 | step=430080 | SPS=1274
update 220/390 | step=450560 | SPS=1271
update 230/390 | step=471040 | SPS=1271
update 240/390 | step=491520 | SPS=1269
[500016] Regime switch detected! 0 -> 1. Snapshotting anchor model.
update 250/390 | step=512000 | SPS=1269
update 260/390 | step=532480 | SPS=1272
update 270/390 | step=552960 | SPS=1273
update 280/390 | step=573440 | SPS=1275
update 290/390 | step=593920 | SPS=1277
[600016] Regime switch detected! 1 -> 0. Snapshotting anchor model.
update 300/390 | step=614400 | SPS=1277
update 310/390 | step=634880 | SPS=1277
update 320/390 | step=655360 | SPS=1277
update 330/390 | step=675840 | SPS=1275
update 340/390 | step=696320 | SPS=1274
[700016] Regime switch detected! 0 -> 1. Snapshotting anchor model.
update 350/390 | step=716800 | SPS=1273
update 360/390 | step=737280 | SPS=1273
update 370/390 | step=757760 | SPS=1273
update 380/390 | step=778240 | SPS=1273
update 390/390 | step=798720 | SPS=1274
Episode 6/60 | reward=3.4909 | avg10=3.9018 | avg_success_rate=0.8200 | steps=38 | time=629.9s
update 10/390 | step=20480 | SPS=1398
update 20/390 | step=40960 | SPS=1370
update 30/390 | step=61440 | SPS=1375
update 40/390 | step=81920 | SPS=1355
[100016] Regime switch detected! 0 -> 1. Snapshotting anchor model.
update 50/390 | step=102400 | SPS=1345
update 60/390 | step=122880 | SPS=1317
update 70/390 | step=143360 | SPS=1320
update 80/390 | step=163840 | SPS=1313
update 90/390 | step=184320 | SPS=1301
[200016] Regime switch detected! 1 -> 0. Snapshotting anchor model.
update 100/390 | step=204800 | SPS=1288
update 110/390 | step=225280 | SPS=1288
update 120/390 | step=245760 | SPS=1290
update 130/390 | step=266240 | SPS=1295
update 140/390 | step=286720 | SPS=1296
[300016] Regime switch detected! 0 -> 1. Snapshotting anchor model.
update 150/390 | step=307200 | SPS=1300
update 160/390 | step=327680 | SPS=1303
update 170/390 | step=348160 | SPS=1300
update 180/390 | step=368640 | SPS=1299
update 190/390 | step=389120 | SPS=1298
[400016] Regime switch detected! 1 -> 0. Snapshotting anchor model.
update 200/390 | step=409600 | SPS=1298
update 210/390 | step=430080 | SPS=1298
update 220/390 | step=450560 | SPS=1293
update 230/390 | step=471040 | SPS=1287
update 240/390 | step=491520 | SPS=1287
[500016] Regime switch detected! 0 -> 1. Snapshotting anchor model.
update 250/390 | step=512000 | SPS=1284
update 260/390 | step=532480 | SPS=1284
update 270/390 | step=552960 | SPS=1283
update 280/390 | step=573440 | SPS=1283
update 290/390 | step=593920 | SPS=1285
[600016] Regime switch detected! 1 -> 0. Snapshotting anchor model.
update 300/390 | step=614400 | SPS=1286
update 310/390 | step=634880 | SPS=1283
update 320/390 | step=655360 | SPS=1280
update 330/390 | step=675840 | SPS=1278
update 340/390 | step=696320 | SPS=1276
[700016] Regime switch detected! 0 -> 1. Snapshotting anchor model.
update 350/390 | step=716800 | SPS=1273
update 360/390 | step=737280 | SPS=1273
update 370/390 | step=757760 | SPS=1274
update 380/390 | step=778240 | SPS=1275
update 390/390 | step=798720 | SPS=1275
Episode 7/60 | reward=4.5104 | avg10=3.9888 | avg_success_rate=0.9800 | steps=38 | time=629.2s
update 10/390 | step=20480 | SPS=1331
update 20/390 | step=40960 | SPS=1294
update 30/390 | step=61440 | SPS=1292
update 40/390 | step=81920 | SPS=1275
[100016] Regime switch detected! 0 -> 1. Snapshotting anchor model.
update 50/390 | step=102400 | SPS=1286
update 60/390 | step=122880 | SPS=1285
update 70/390 | step=143360 | SPS=1283
update 80/390 | step=163840 | SPS=1278
update 90/390 | step=184320 | SPS=1281
[200016] Regime switch detected! 1 -> 0. Snapshotting anchor model.
update 100/390 | step=204800 | SPS=1284
update 110/390 | step=225280 | SPS=1278
update 120/390 | step=245760 | SPS=1275
update 130/390 | step=266240 | SPS=1274
update 140/390 | step=286720 | SPS=1275
[300016] Regime switch detected! 0 -> 1. Snapshotting anchor model.
update 150/390 | step=307200 | SPS=1277
update 160/390 | step=327680 | SPS=1276
update 170/390 | step=348160 | SPS=1279
update 180/390 | step=368640 | SPS=1277
update 190/390 | step=389120 | SPS=1275
[400016] Regime switch detected! 1 -> 0. Snapshotting anchor model.
update 200/390 | step=409600 | SPS=1276
update 210/390 | step=430080 | SPS=1275
update 220/390 | step=450560 | SPS=1270
update 230/390 | step=471040 | SPS=1266
update 240/390 | step=491520 | SPS=1264
[500016] Regime switch detected! 0 -> 1. Snapshotting anchor model.
update 250/390 | step=512000 | SPS=1264
update 260/390 | step=532480 | SPS=1266
update 270/390 | step=552960 | SPS=1263
update 280/390 | step=573440 | SPS=1261
update 290/390 | step=593920 | SPS=1261
[600016] Regime switch detected! 1 -> 0. Snapshotting anchor model.
update 300/390 | step=614400 | SPS=1261
update 310/390 | step=634880 | SPS=1259
update 320/390 | step=655360 | SPS=1257
update 330/390 | step=675840 | SPS=1258
update 340/390 | step=696320 | SPS=1260
[700016] Regime switch detected! 0 -> 1. Snapshotting anchor model.
update 350/390 | step=716800 | SPS=1260
update 360/390 | step=737280 | SPS=1261
update 370/390 | step=757760 | SPS=1263
update 380/390 | step=778240 | SPS=1264
update 390/390 | step=798720 | SPS=1265
Episode 8/60 | reward=3.9053 | avg10=3.9783 | avg_success_rate=0.9600 | steps=38 | time=634.5s
update 10/390 | step=20480 | SPS=1251
update 20/390 | step=40960 | SPS=1280
update 30/390 | step=61440 | SPS=1287
update 40/390 | step=81920 | SPS=1264
[100016] Regime switch detected! 0 -> 1. Snapshotting anchor model.
update 50/390 | step=102400 | SPS=1271
update 60/390 | step=122880 | SPS=1266
update 70/390 | step=143360 | SPS=1275
update 80/390 | step=163840 | SPS=1278
update 90/390 | step=184320 | SPS=1281
[200016] Regime switch detected! 1 -> 0. Snapshotting anchor model.
update 100/390 | step=204800 | SPS=1276
update 110/390 | step=225280 | SPS=1281
update 120/390 | step=245760 | SPS=1277
update 130/390 | step=266240 | SPS=1280
update 140/390 | step=286720 | SPS=1281
[300016] Regime switch detected! 0 -> 1. Snapshotting anchor model.
update 150/390 | step=307200 | SPS=1282
update 160/390 | step=327680 | SPS=1285
update 170/390 | step=348160 | SPS=1287
update 180/390 | step=368640 | SPS=1287
update 190/390 | step=389120 | SPS=1288
[400016] Regime switch detected! 1 -> 0. Snapshotting anchor model.
update 200/390 | step=409600 | SPS=1289
update 210/390 | step=430080 | SPS=1290
update 220/390 | step=450560 | SPS=1291
update 230/390 | step=471040 | SPS=1291
update 240/390 | step=491520 | SPS=1293
[500016] Regime switch detected! 0 -> 1. Snapshotting anchor model.
update 250/390 | step=512000 | SPS=1292
update 260/390 | step=532480 | SPS=1292
update 270/390 | step=552960 | SPS=1291
update 280/390 | step=573440 | SPS=1291
update 290/390 | step=593920 | SPS=1287
[600016] Regime switch detected! 1 -> 0. Snapshotting anchor model.
update 300/390 | step=614400 | SPS=1284
update 310/390 | step=634880 | SPS=1281
update 320/390 | step=655360 | SPS=1277
update 330/390 | step=675840 | SPS=1278
update 340/390 | step=696320 | SPS=1279
[700016] Regime switch detected! 0 -> 1. Snapshotting anchor model.
update 350/390 | step=716800 | SPS=1279
update 360/390 | step=737280 | SPS=1279
update 370/390 | step=757760 | SPS=1281
update 380/390 | step=778240 | SPS=1280
update 390/390 | step=798720 | SPS=1277
Episode 9/60 | reward=4.2360 | avg10=4.0069 | avg_success_rate=0.9700 | steps=38 | time=628.3s
update 10/390 | step=20480 | SPS=1243
update 20/390 | step=40960 | SPS=1274
update 30/390 | step=61440 | SPS=1305
update 40/390 | step=81920 | SPS=1281
[100016] Regime switch detected! 0 -> 1. Snapshotting anchor model.
update 50/390 | step=102400 | SPS=1281
update 60/390 | step=122880 | SPS=1266
update 70/390 | step=143360 | SPS=1265
update 80/390 | step=163840 | SPS=1264
update 90/390 | step=184320 | SPS=1255
[200016] Regime switch detected! 1 -> 0. Snapshotting anchor model.
update 100/390 | step=204800 | SPS=1249
update 110/390 | step=225280 | SPS=1253
update 120/390 | step=245760 | SPS=1254
update 130/390 | step=266240 | SPS=1257
update 140/390 | step=286720 | SPS=1262
[300016] Regime switch detected! 0 -> 1. Snapshotting anchor model.
update 150/390 | step=307200 | SPS=1263
update 160/390 | step=327680 | SPS=1260
update 170/390 | step=348160 | SPS=1259
update 180/390 | step=368640 | SPS=1262
update 190/390 | step=389120 | SPS=1263
[400016] Regime switch detected! 1 -> 0. Snapshotting anchor model.
update 200/390 | step=409600 | SPS=1265
update 210/390 | step=430080 | SPS=1268
update 220/390 | step=450560 | SPS=1269
update 230/390 | step=471040 | SPS=1268
update 240/390 | step=491520 | SPS=1269
[500016] Regime switch detected! 0 -> 1. Snapshotting anchor model.
update 250/390 | step=512000 | SPS=1265
update 260/390 | step=532480 | SPS=1262
update 270/390 | step=552960 | SPS=1262
update 280/390 | step=573440 | SPS=1263
update 290/390 | step=593920 | SPS=1263
[600016] Regime switch detected! 1 -> 0. Snapshotting anchor model.
update 300/390 | step=614400 | SPS=1265
update 310/390 | step=634880 | SPS=1266
update 320/390 | step=655360 | SPS=1268
update 330/390 | step=675840 | SPS=1269
update 340/390 | step=696320 | SPS=1267
[700016] Regime switch detected! 0 -> 1. Snapshotting anchor model.
update 350/390 | step=716800 | SPS=1267
update 360/390 | step=737280 | SPS=1267
update 370/390 | step=757760 | SPS=1267
update 380/390 | step=778240 | SPS=1267
update 390/390 | step=798720 | SPS=1266
Episode 10/60 | reward=3.4961 | avg10=3.9559 | avg_success_rate=0.9600 | steps=38 | time=633.5s
  [brain ckpt] runs/calib8x8_brain_neuromod_trainable_slow_long_seed3_20260702-041002/episode_10/brain_ep10.pt
update 10/390 | step=20480 | SPS=1252
update 20/390 | step=40960 | SPS=1231
update 30/390 | step=61440 | SPS=1227
update 40/390 | step=81920 | SPS=1223
[100016] Regime switch detected! 0 -> 1. Snapshotting anchor model.
update 50/390 | step=102400 | SPS=1229
update 60/390 | step=122880 | SPS=1229
update 70/390 | step=143360 | SPS=1228
update 80/390 | step=163840 | SPS=1236
update 90/390 | step=184320 | SPS=1233
[200016] Regime switch detected! 1 -> 0. Snapshotting anchor model.
update 100/390 | step=204800 | SPS=1228
update 110/390 | step=225280 | SPS=1224
update 120/390 | step=245760 | SPS=1221
update 130/390 | step=266240 | SPS=1218
update 140/390 | step=286720 | SPS=1221
[300016] Regime switch detected! 0 -> 1. Snapshotting anchor model.
update 150/390 | step=307200 | SPS=1219
update 160/390 | step=327680 | SPS=1220
update 170/390 | step=348160 | SPS=1220
update 180/390 | step=368640 | SPS=1219
update 190/390 | step=389120 | SPS=1220
[400016] Regime switch detected! 1 -> 0. Snapshotting anchor model.
update 200/390 | step=409600 | SPS=1218
update 210/390 | step=430080 | SPS=1219
update 220/390 | step=450560 | SPS=1223
update 230/390 | step=471040 | SPS=1227
update 240/390 | step=491520 | SPS=1229
[500016] Regime switch detected! 0 -> 1. Snapshotting anchor model.
update 250/390 | step=512000 | SPS=1227
update 260/390 | step=532480 | SPS=1228
update 270/390 | step=552960 | SPS=1228
update 280/390 | step=573440 | SPS=1228
update 290/390 | step=593920 | SPS=1227
[600016] Regime switch detected! 1 -> 0. Snapshotting anchor model.
update 300/390 | step=614400 | SPS=1226
update 310/390 | step=634880 | SPS=1224
update 320/390 | step=655360 | SPS=1225
update 330/390 | step=675840 | SPS=1227
update 340/390 | step=696320 | SPS=1229
[700016] Regime switch detected! 0 -> 1. Snapshotting anchor model.
update 350/390 | step=716800 | SPS=1230
update 360/390 | step=737280 | SPS=1232
update 370/390 | step=757760 | SPS=1233
update 380/390 | step=778240 | SPS=1232
update 390/390 | step=798720 | SPS=1233
Episode 11/60 | reward=4.1010 | avg10=3.8976 | avg_success_rate=0.9500 | steps=38 | time=650.9s
update 10/390 | step=20480 | SPS=1342
update 20/390 | step=40960 | SPS=1279
update 30/390 | step=61440 | SPS=1251
update 40/390 | step=81920 | SPS=1242
[100016] Regime switch detected! 0 -> 1. Snapshotting anchor model.
update 50/390 | step=102400 | SPS=1234
update 60/390 | step=122880 | SPS=1225
update 70/390 | step=143360 | SPS=1242
update 80/390 | step=163840 | SPS=1248
update 90/390 | step=184320 | SPS=1251
[200016] Regime switch detected! 1 -> 0. Snapshotting anchor model.
update 100/390 | step=204800 | SPS=1248
update 110/390 | step=225280 | SPS=1250
update 120/390 | step=245760 | SPS=1244
update 130/390 | step=266240 | SPS=1242
update 140/390 | step=286720 | SPS=1248
[300016] Regime switch detected! 0 -> 1. Snapshotting anchor model.
update 150/390 | step=307200 | SPS=1249
update 160/390 | step=327680 | SPS=1254
update 170/390 | step=348160 | SPS=1257
update 180/390 | step=368640 | SPS=1256
update 190/390 | step=389120 | SPS=1255
[400016] Regime switch detected! 1 -> 0. Snapshotting anchor model.
update 200/390 | step=409600 | SPS=1251
update 210/390 | step=430080 | SPS=1252
update 220/390 | step=450560 | SPS=1255
update 230/390 | step=471040 | SPS=1258
update 240/390 | step=491520 | SPS=1260
[500016] Regime switch detected! 0 -> 1. Snapshotting anchor model.
update 250/390 | step=512000 | SPS=1262
update 260/390 | step=532480 | SPS=1264
update 270/390 | step=552960 | SPS=1264
update 280/390 | step=573440 | SPS=1265
update 290/390 | step=593920 | SPS=1267
[600016] Regime switch detected! 1 -> 0. Snapshotting anchor model.
update 300/390 | step=614400 | SPS=1264
update 310/390 | step=634880 | SPS=1266
update 320/390 | step=655360 | SPS=1265
update 330/390 | step=675840 | SPS=1266
update 340/390 | step=696320 | SPS=1267
[700016] Regime switch detected! 0 -> 1. Snapshotting anchor model.
update 350/390 | step=716800 | SPS=1267
update 360/390 | step=737280 | SPS=1268
update 370/390 | step=757760 | SPS=1267
update 380/390 | step=778240 | SPS=1265
update 390/390 | step=798720 | SPS=1266
Episode 12/60 | reward=3.3239 | avg10=3.7789 | avg_success_rate=0.7200 | steps=38 | time=634.0s
update 10/390 | step=20480 | SPS=1285
update 20/390 | step=40960 | SPS=1292
update 30/390 | step=61440 | SPS=1296
update 40/390 | step=81920 | SPS=1292
[100016] Regime switch detected! 0 -> 1. Snapshotting anchor model.
update 50/390 | step=102400 | SPS=1292
update 60/390 | step=122880 | SPS=1292
update 70/390 | step=143360 | SPS=1294
update 80/390 | step=163840 | SPS=1290
update 90/390 | step=184320 | SPS=1293
[200016] Regime switch detected! 1 -> 0. Snapshotting anchor model.
update 100/390 | step=204800 | SPS=1292
update 110/390 | step=225280 | SPS=1295
update 120/390 | step=245760 | SPS=1297
update 130/390 | step=266240 | SPS=1299
update 140/390 | step=286720 | SPS=1300
[300016] Regime switch detected! 0 -> 1. Snapshotting anchor model.
update 150/390 | step=307200 | SPS=1297
update 160/390 | step=327680 | SPS=1300
update 170/390 | step=348160 | SPS=1301
update 180/390 | step=368640 | SPS=1296
update 190/390 | step=389120 | SPS=1296
[400016] Regime switch detected! 1 -> 0. Snapshotting anchor model.
update 200/390 | step=409600 | SPS=1297
update 210/390 | step=430080 | SPS=1296
update 220/390 | step=450560 | SPS=1297
update 230/390 | step=471040 | SPS=1295
update 240/390 | step=491520 | SPS=1291
[500016] Regime switch detected! 0 -> 1. Snapshotting anchor model.
update 250/390 | step=512000 | SPS=1287
update 260/390 | step=532480 | SPS=1283
update 270/390 | step=552960 | SPS=1280
update 280/390 | step=573440 | SPS=1278
update 290/390 | step=593920 | SPS=1276
[600016] Regime switch detected! 1 -> 0. Snapshotting anchor model.
update 300/390 | step=614400 | SPS=1277
update 310/390 | step=634880 | SPS=1275
update 320/390 | step=655360 | SPS=1273
update 330/390 | step=675840 | SPS=1272
update 340/390 | step=696320 | SPS=1272
[700016] Regime switch detected! 0 -> 1. Snapshotting anchor model.
update 350/390 | step=716800 | SPS=1270
update 360/390 | step=737280 | SPS=1268
update 370/390 | step=757760 | SPS=1267
update 380/390 | step=778240 | SPS=1265
update 390/390 | step=798720 | SPS=1263
Episode 13/60 | reward=3.8327 | avg10=3.8085 | avg_success_rate=0.9900 | steps=38 | time=635.4s
update 10/390 | step=20480 | SPS=1292
update 20/390 | step=40960 | SPS=1276
update 30/390 | step=61440 | SPS=1262
update 40/390 | step=81920 | SPS=1270
[100016] Regime switch detected! 0 -> 1. Snapshotting anchor model.
update 50/390 | step=102400 | SPS=1258
update 60/390 | step=122880 | SPS=1244
update 70/390 | step=143360 | SPS=1249
update 80/390 | step=163840 | SPS=1257
update 90/390 | step=184320 | SPS=1259
[200016] Regime switch detected! 1 -> 0. Snapshotting anchor model.
update 100/390 | step=204800 | SPS=1257
update 110/390 | step=225280 | SPS=1262
update 120/390 | step=245760 | SPS=1262
update 130/390 | step=266240 | SPS=1263
update 140/390 | step=286720 | SPS=1266
[300016] Regime switch detected! 0 -> 1. Snapshotting anchor model.
update 150/390 | step=307200 | SPS=1267
update 160/390 | step=327680 | SPS=1271
update 170/390 | step=348160 | SPS=1273
update 180/390 | step=368640 | SPS=1271
update 190/390 | step=389120 | SPS=1267
[400016] Regime switch detected! 1 -> 0. Snapshotting anchor model.
update 200/390 | step=409600 | SPS=1263
update 210/390 | step=430080 | SPS=1260
update 220/390 | step=450560 | SPS=1258
update 230/390 | step=471040 | SPS=1258
update 240/390 | step=491520 | SPS=1261
[500016] Regime switch detected! 0 -> 1. Snapshotting anchor model.
update 250/390 | step=512000 | SPS=1262
update 260/390 | step=532480 | SPS=1264
update 270/390 | step=552960 | SPS=1263
update 280/390 | step=573440 | SPS=1265
update 290/390 | step=593920 | SPS=1267
[600016] Regime switch detected! 1 -> 0. Snapshotting anchor model.
update 300/390 | step=614400 | SPS=1264
update 310/390 | step=634880 | SPS=1265
update 320/390 | step=655360 | SPS=1266
update 330/390 | step=675840 | SPS=1265
update 340/390 | step=696320 | SPS=1267
[700016] Regime switch detected! 0 -> 1. Snapshotting anchor model.
update 350/390 | step=716800 | SPS=1268
update 360/390 | step=737280 | SPS=1270
update 370/390 | step=757760 | SPS=1270
update 380/390 | step=778240 | SPS=1268
update 390/390 | step=798720 | SPS=1267
Episode 14/60 | reward=3.6549 | avg10=3.8733 | avg_success_rate=0.9900 | steps=38 | time=633.2s
update 10/390 | step=20480 | SPS=1286
update 20/390 | step=40960 | SPS=1283
update 30/390 | step=61440 | SPS=1293
update 40/390 | step=81920 | SPS=1285
[100016] Regime switch detected! 0 -> 1. Snapshotting anchor model.
update 50/390 | step=102400 | SPS=1274
update 60/390 | step=122880 | SPS=1258
update 70/390 | step=143360 | SPS=1256
update 80/390 | step=163840 | SPS=1261
update 90/390 | step=184320 | SPS=1257
[200016] Regime switch detected! 1 -> 0. Snapshotting anchor model.
update 100/390 | step=204800 | SPS=1258
update 110/390 | step=225280 | SPS=1262
update 120/390 | step=245760 | SPS=1255
update 130/390 | step=266240 | SPS=1254
update 140/390 | step=286720 | SPS=1249
[300016] Regime switch detected! 0 -> 1. Snapshotting anchor model.
update 150/390 | step=307200 | SPS=1249
update 160/390 | step=327680 | SPS=1249
update 170/390 | step=348160 | SPS=1254
update 180/390 | step=368640 | SPS=1257
update 190/390 | step=389120 | SPS=1260
[400016] Regime switch detected! 1 -> 0. Snapshotting anchor model.
update 200/390 | step=409600 | SPS=1256
update 210/390 | step=430080 | SPS=1254
update 220/390 | step=450560 | SPS=1256
update 230/390 | step=471040 | SPS=1258
update 240/390 | step=491520 | SPS=1257
[500016] Regime switch detected! 0 -> 1. Snapshotting anchor model.
update 250/390 | step=512000 | SPS=1254
update 260/390 | step=532480 | SPS=1255
update 270/390 | step=552960 | SPS=1257
update 280/390 | step=573440 | SPS=1258
update 290/390 | step=593920 | SPS=1260
[600016] Regime switch detected! 1 -> 0. Snapshotting anchor model.
update 300/390 | step=614400 | SPS=1262
update 310/390 | step=634880 | SPS=1262
update 320/390 | step=655360 | SPS=1261
update 330/390 | step=675840 | SPS=1259
update 340/390 | step=696320 | SPS=1258
[700016] Regime switch detected! 0 -> 1. Snapshotting anchor model.
update 350/390 | step=716800 | SPS=1255
update 360/390 | step=737280 | SPS=1255
update 370/390 | step=757760 | SPS=1257
update 380/390 | step=778240 | SPS=1258
update 390/390 | step=798720 | SPS=1260
Episode 15/60 | reward=2.8793 | avg10=3.7431 | avg_success_rate=0.7800 | steps=38 | time=637.0s
  [brain ckpt] runs/calib8x8_brain_neuromod_trainable_slow_long_seed3_20260702-041002/episode_15/brain_ep15.pt
update 10/390 | step=20480 | SPS=1252
update 20/390 | step=40960 | SPS=1248
update 30/390 | step=61440 | SPS=1239
update 40/390 | step=81920 | SPS=1229
[100016] Regime switch detected! 0 -> 1. Snapshotting anchor model.
update 50/390 | step=102400 | SPS=1247
update 60/390 | step=122880 | SPS=1247
update 70/390 | step=143360 | SPS=1242
update 80/390 | step=163840 | SPS=1249
update 90/390 | step=184320 | SPS=1258
[200016] Regime switch detected! 1 -> 0. Snapshotting anchor model.
update 100/390 | step=204800 | SPS=1262
update 110/390 | step=225280 | SPS=1263
update 120/390 | step=245760 | SPS=1265
update 130/390 | step=266240 | SPS=1271
update 140/390 | step=286720 | SPS=1273
[300016] Regime switch detected! 0 -> 1. Snapshotting anchor model.
update 150/390 | step=307200 | SPS=1277
update 160/390 | step=327680 | SPS=1279
update 170/390 | step=348160 | SPS=1282
update 180/390 | step=368640 | SPS=1283
update 190/390 | step=389120 | SPS=1283
[400016] Regime switch detected! 1 -> 0. Snapshotting anchor model.
update 200/390 | step=409600 | SPS=1283
update 210/390 | step=430080 | SPS=1281
update 220/390 | step=450560 | SPS=1281
update 230/390 | step=471040 | SPS=1282
update 240/390 | step=491520 | SPS=1282
[500016] Regime switch detected! 0 -> 1. Snapshotting anchor model.
update 250/390 | step=512000 | SPS=1279
update 260/390 | step=532480 | SPS=1276
update 270/390 | step=552960 | SPS=1272
update 280/390 | step=573440 | SPS=1269
update 290/390 | step=593920 | SPS=1267
[600016] Regime switch detected! 1 -> 0. Snapshotting anchor model.
update 300/390 | step=614400 | SPS=1266
update 310/390 | step=634880 | SPS=1268
update 320/390 | step=655360 | SPS=1267
update 330/390 | step=675840 | SPS=1266
update 340/390 | step=696320 | SPS=1268
[700016] Regime switch detected! 0 -> 1. Snapshotting anchor model.
update 350/390 | step=716800 | SPS=1268
update 360/390 | step=737280 | SPS=1269
update 370/390 | step=757760 | SPS=1268
update 380/390 | step=778240 | SPS=1269
update 390/390 | step=798720 | SPS=1270
Episode 16/60 | reward=4.0266 | avg10=3.7966 | avg_success_rate=0.9800 | steps=38 | time=632.1s
update 10/390 | step=20480 | SPS=1442
update 20/390 | step=40960 | SPS=1395
update 30/390 | step=61440 | SPS=1364
update 40/390 | step=81920 | SPS=1325
[100016] Regime switch detected! 0 -> 1. Snapshotting anchor model.
update 50/390 | step=102400 | SPS=1319
update 60/390 | step=122880 | SPS=1315
update 70/390 | step=143360 | SPS=1314
update 80/390 | step=163840 | SPS=1306
update 90/390 | step=184320 | SPS=1295
[200016] Regime switch detected! 1 -> 0. Snapshotting anchor model.
update 100/390 | step=204800 | SPS=1283
update 110/390 | step=225280 | SPS=1277
update 120/390 | step=245760 | SPS=1280
update 130/390 | step=266240 | SPS=1283
update 140/390 | step=286720 | SPS=1285
[300016] Regime switch detected! 0 -> 1. Snapshotting anchor model.
update 150/390 | step=307200 | SPS=1289
update 160/390 | step=327680 | SPS=1290
update 170/390 | step=348160 | SPS=1292
update 180/390 | step=368640 | SPS=1292
update 190/390 | step=389120 | SPS=1288
[400016] Regime switch detected! 1 -> 0. Snapshotting anchor model.
update 200/390 | step=409600 | SPS=1281
update 210/390 | step=430080 | SPS=1275
update 220/390 | step=450560 | SPS=1271
update 230/390 | step=471040 | SPS=1270
update 240/390 | step=491520 | SPS=1273
[500016] Regime switch detected! 0 -> 1. Snapshotting anchor model.
update 250/390 | step=512000 | SPS=1272
update 260/390 | step=532480 | SPS=1274
update 270/390 | step=552960 | SPS=1275
update 280/390 | step=573440 | SPS=1275
update 290/390 | step=593920 | SPS=1276
[600016] Regime switch detected! 1 -> 0. Snapshotting anchor model.
update 300/390 | step=614400 | SPS=1277
update 310/390 | step=634880 | SPS=1277
update 320/390 | step=655360 | SPS=1278
update 330/390 | step=675840 | SPS=1278
update 340/390 | step=696320 | SPS=1280
[700016] Regime switch detected! 0 -> 1. Snapshotting anchor model.
update 350/390 | step=716800 | SPS=1280
update 360/390 | step=737280 | SPS=1276
update 370/390 | step=757760 | SPS=1274
update 380/390 | step=778240 | SPS=1273
update 390/390 | step=798720 | SPS=1271
Episode 17/60 | reward=4.2994 | avg10=3.7755 | avg_success_rate=0.9300 | steps=38 | time=631.4s
update 10/390 | step=20480 | SPS=1283
update 20/390 | step=40960 | SPS=1235
update 30/390 | step=61440 | SPS=1266
update 40/390 | step=81920 | SPS=1274
[100016] Regime switch detected! 0 -> 1. Snapshotting anchor model.
update 50/390 | step=102400 | SPS=1260
update 60/390 | step=122880 | SPS=1258
update 70/390 | step=143360 | SPS=1255
update 80/390 | step=163840 | SPS=1255
update 90/390 | step=184320 | SPS=1262
[200016] Regime switch detected! 1 -> 0. Snapshotting anchor model.
update 100/390 | step=204800 | SPS=1270
update 110/390 | step=225280 | SPS=1269
update 120/390 | step=245760 | SPS=1264
update 130/390 | step=266240 | SPS=1267
update 140/390 | step=286720 | SPS=1272
[300016] Regime switch detected! 0 -> 1. Snapshotting anchor model.
update 150/390 | step=307200 | SPS=1273
update 160/390 | step=327680 | SPS=1277
update 170/390 | step=348160 | SPS=1277
update 180/390 | step=368640 | SPS=1278
update 190/390 | step=389120 | SPS=1278
[400016] Regime switch detected! 1 -> 0. Snapshotting anchor model.
update 200/390 | step=409600 | SPS=1280
update 210/390 | step=430080 | SPS=1281
update 220/390 | step=450560 | SPS=1282
update 230/390 | step=471040 | SPS=1284
update 240/390 | step=491520 | SPS=1282
[500016] Regime switch detected! 0 -> 1. Snapshotting anchor model.
update 250/390 | step=512000 | SPS=1283
update 260/390 | step=532480 | SPS=1285
update 270/390 | step=552960 | SPS=1286
update 280/390 | step=573440 | SPS=1286
update 290/390 | step=593920 | SPS=1286
[600016] Regime switch detected! 1 -> 0. Snapshotting anchor model.
update 300/390 | step=614400 | SPS=1287
update 310/390 | step=634880 | SPS=1285
update 320/390 | step=655360 | SPS=1282
update 330/390 | step=675840 | SPS=1279
update 340/390 | step=696320 | SPS=1276
[700016] Regime switch detected! 0 -> 1. Snapshotting anchor model.
update 350/390 | step=716800 | SPS=1276
update 360/390 | step=737280 | SPS=1274
update 370/390 | step=757760 | SPS=1272
update 380/390 | step=778240 | SPS=1271
update 390/390 | step=798720 | SPS=1268
Episode 18/60 | reward=4.9705 | avg10=3.8820 | avg_success_rate=0.9700 | steps=38 | time=633.0s
update 10/390 | step=20480 | SPS=1280
update 20/390 | step=40960 | SPS=1245
update 30/390 | step=61440 | SPS=1228
update 40/390 | step=81920 | SPS=1226
[100016] Regime switch detected! 0 -> 1. Snapshotting anchor model.
update 50/390 | step=102400 | SPS=1237
update 60/390 | step=122880 | SPS=1243
update 70/390 | step=143360 | SPS=1241
update 80/390 | step=163840 | SPS=1250
update 90/390 | step=184320 | SPS=1246
[200016] Regime switch detected! 1 -> 0. Snapshotting anchor model.
update 100/390 | step=204800 | SPS=1243
update 110/390 | step=225280 | SPS=1247
update 120/390 | step=245760 | SPS=1243
update 130/390 | step=266240 | SPS=1243
update 140/390 | step=286720 | SPS=1246
[300016] Regime switch detected! 0 -> 1. Snapshotting anchor model.
update 150/390 | step=307200 | SPS=1250
update 160/390 | step=327680 | SPS=1252
update 170/390 | step=348160 | SPS=1254
update 180/390 | step=368640 | SPS=1256
update 190/390 | step=389120 | SPS=1258
[400016] Regime switch detected! 1 -> 0. Snapshotting anchor model.
update 200/390 | step=409600 | SPS=1261
update 210/390 | step=430080 | SPS=1264
update 220/390 | step=450560 | SPS=1266
update 230/390 | step=471040 | SPS=1268
update 240/390 | step=491520 | SPS=1271
[500016] Regime switch detected! 0 -> 1. Snapshotting anchor model.
update 250/390 | step=512000 | SPS=1272
update 260/390 | step=532480 | SPS=1274
update 270/390 | step=552960 | SPS=1276
update 280/390 | step=573440 | SPS=1277
update 290/390 | step=593920 | SPS=1278
[600016] Regime switch detected! 1 -> 0. Snapshotting anchor model.
update 300/390 | step=614400 | SPS=1279
update 310/390 | step=634880 | SPS=1278
update 320/390 | step=655360 | SPS=1279
update 330/390 | step=675840 | SPS=1280
update 340/390 | step=696320 | SPS=1277
[700016] Regime switch detected! 0 -> 1. Snapshotting anchor model.
update 350/390 | step=716800 | SPS=1278
update 360/390 | step=737280 | SPS=1279
update 370/390 | step=757760 | SPS=1281
update 380/390 | step=778240 | SPS=1282
update 390/390 | step=798720 | SPS=1283
Episode 19/60 | reward=2.2219 | avg10=3.6806 | avg_success_rate=0.9600 | steps=38 | time=625.5s
update 10/390 | step=20480 | SPS=1367
update 20/390 | step=40960 | SPS=1324
update 30/390 | step=61440 | SPS=1306
update 40/390 | step=81920 | SPS=1315
[100016] Regime switch detected! 0 -> 1. Snapshotting anchor model.
update 50/390 | step=102400 | SPS=1316
update 60/390 | step=122880 | SPS=1294
update 70/390 | step=143360 | SPS=1289
update 80/390 | step=163840 | SPS=1289
update 90/390 | step=184320 | SPS=1293
[200016] Regime switch detected! 1 -> 0. Snapshotting anchor model.
update 100/390 | step=204800 | SPS=1287
update 110/390 | step=225280 | SPS=1290
update 120/390 | step=245760 | SPS=1289
update 130/390 | step=266240 | SPS=1292
update 140/390 | step=286720 | SPS=1283
[300016] Regime switch detected! 0 -> 1. Snapshotting anchor model.
update 150/390 | step=307200 | SPS=1282
update 160/390 | step=327680 | SPS=1282
update 170/390 | step=348160 | SPS=1285
update 180/390 | step=368640 | SPS=1284
update 190/390 | step=389120 | SPS=1279
[400016] Regime switch detected! 1 -> 0. Snapshotting anchor model.
update 200/390 | step=409600 | SPS=1281
update 210/390 | step=430080 | SPS=1281
update 220/390 | step=450560 | SPS=1279
update 230/390 | step=471040 | SPS=1278
update 240/390 | step=491520 | SPS=1281
[500016] Regime switch detected! 0 -> 1. Snapshotting anchor model.
update 250/390 | step=512000 | SPS=1282
update 260/390 | step=532480 | SPS=1283
update 270/390 | step=552960 | SPS=1284
update 280/390 | step=573440 | SPS=1285
update 290/390 | step=593920 | SPS=1282
[600016] Regime switch detected! 1 -> 0. Snapshotting anchor model.
update 300/390 | step=614400 | SPS=1279
update 310/390 | step=634880 | SPS=1277
update 320/390 | step=655360 | SPS=1274
update 330/390 | step=675840 | SPS=1275
update 340/390 | step=696320 | SPS=1276
[700016] Regime switch detected! 0 -> 1. Snapshotting anchor model.
update 350/390 | step=716800 | SPS=1276
update 360/390 | step=737280 | SPS=1276
update 370/390 | step=757760 | SPS=1277
update 380/390 | step=778240 | SPS=1277
update 390/390 | step=798720 | SPS=1277
Episode 20/60 | reward=4.6472 | avg10=3.7957 | avg_success_rate=1.0000 | steps=38 | time=628.3s
  [brain ckpt] runs/calib8x8_brain_neuromod_trainable_slow_long_seed3_20260702-041002/episode_20/brain_ep20.pt
update 10/390 | step=20480 | SPS=1266
update 20/390 | step=40960 | SPS=1273
update 30/390 | step=61440 | SPS=1299
update 40/390 | step=81920 | SPS=1301
[100016] Regime switch detected! 0 -> 1. Snapshotting anchor model.
update 50/390 | step=102400 | SPS=1287
update 60/390 | step=122880 | SPS=1283
update 70/390 | step=143360 | SPS=1272
update 80/390 | step=163840 | SPS=1263
update 90/390 | step=184320 | SPS=1257
[200016] Regime switch detected! 1 -> 0. Snapshotting anchor model.
update 100/390 | step=204800 | SPS=1256
update 110/390 | step=225280 | SPS=1254
update 120/390 | step=245760 | SPS=1247
update 130/390 | step=266240 | SPS=1254
update 140/390 | step=286720 | SPS=1250
[300016] Regime switch detected! 0 -> 1. Snapshotting anchor model.
update 150/390 | step=307200 | SPS=1252
update 160/390 | step=327680 | SPS=1253
update 170/390 | step=348160 | SPS=1254
update 180/390 | step=368640 | SPS=1257
update 190/390 | step=389120 | SPS=1261
[400016] Regime switch detected! 1 -> 0. Snapshotting anchor model.
update 200/390 | step=409600 | SPS=1258
update 210/390 | step=430080 | SPS=1254
update 220/390 | step=450560 | SPS=1255
update 230/390 | step=471040 | SPS=1258
update 240/390 | step=491520 | SPS=1258
[500016] Regime switch detected! 0 -> 1. Snapshotting anchor model.
update 250/390 | step=512000 | SPS=1257
update 260/390 | step=532480 | SPS=1256
update 270/390 | step=552960 | SPS=1257
update 280/390 | step=573440 | SPS=1255
update 290/390 | step=593920 | SPS=1255
[600016] Regime switch detected! 1 -> 0. Snapshotting anchor model.
update 300/390 | step=614400 | SPS=1257
update 310/390 | step=634880 | SPS=1256
update 320/390 | step=655360 | SPS=1255
update 330/390 | step=675840 | SPS=1252
update 340/390 | step=696320 | SPS=1251
[700016] Regime switch detected! 0 -> 1. Snapshotting anchor model.
update 350/390 | step=716800 | SPS=1250
update 360/390 | step=737280 | SPS=1251
update 370/390 | step=757760 | SPS=1251
update 380/390 | step=778240 | SPS=1253
update 390/390 | step=798720 | SPS=1251
Episode 21/60 | reward=2.9333 | avg10=3.6790 | avg_success_rate=0.8000 | steps=38 | time=641.1s
update 10/390 | step=20480 | SPS=1332
update 20/390 | step=40960 | SPS=1304
update 30/390 | step=61440 | SPS=1274
update 40/390 | step=81920 | SPS=1269
[100016] Regime switch detected! 0 -> 1. Snapshotting anchor model.
update 50/390 | step=102400 | SPS=1267
update 60/390 | step=122880 | SPS=1262
update 70/390 | step=143360 | SPS=1266
update 80/390 | step=163840 | SPS=1274
update 90/390 | step=184320 | SPS=1267
[200016] Regime switch detected! 1 -> 0. Snapshotting anchor model.
update 100/390 | step=204800 | SPS=1276
update 110/390 | step=225280 | SPS=1279
update 120/390 | step=245760 | SPS=1280
update 130/390 | step=266240 | SPS=1273
update 140/390 | step=286720 | SPS=1267
[300016] Regime switch detected! 0 -> 1. Snapshotting anchor model.
update 150/390 | step=307200 | SPS=1266
update 160/390 | step=327680 | SPS=1264
update 170/390 | step=348160 | SPS=1259
update 180/390 | step=368640 | SPS=1258
update 190/390 | step=389120 | SPS=1257
[400016] Regime switch detected! 1 -> 0. Snapshotting anchor model.
update 200/390 | step=409600 | SPS=1261
update 210/390 | step=430080 | SPS=1263
update 220/390 | step=450560 | SPS=1263
update 230/390 | step=471040 | SPS=1264
update 240/390 | step=491520 | SPS=1265
[500016] Regime switch detected! 0 -> 1. Snapshotting anchor model.
update 250/390 | step=512000 | SPS=1266
update 260/390 | step=532480 | SPS=1268
update 270/390 | step=552960 | SPS=1269
update 280/390 | step=573440 | SPS=1271
update 290/390 | step=593920 | SPS=1273
[600016] Regime switch detected! 1 -> 0. Snapshotting anchor model.
update 300/390 | step=614400 | SPS=1272
update 310/390 | step=634880 | SPS=1269
update 320/390 | step=655360 | SPS=1270
update 330/390 | step=675840 | SPS=1272
update 340/390 | step=696320 | SPS=1273
[700016] Regime switch detected! 0 -> 1. Snapshotting anchor model.
update 350/390 | step=716800 | SPS=1272
update 360/390 | step=737280 | SPS=1270
update 370/390 | step=757760 | SPS=1269
update 380/390 | step=778240 | SPS=1270
update 390/390 | step=798720 | SPS=1270
Episode 22/60 | reward=5.4362 | avg10=3.8902 | avg_success_rate=0.9900 | steps=38 | time=631.9s
update 10/390 | step=20480 | SPS=1339
update 20/390 | step=40960 | SPS=1288
update 30/390 | step=61440 | SPS=1275
update 40/390 | step=81920 | SPS=1266
[100016] Regime switch detected! 0 -> 1. Snapshotting anchor model.
update 50/390 | step=102400 | SPS=1271
update 60/390 | step=122880 | SPS=1269
update 70/390 | step=143360 | SPS=1272
update 80/390 | step=163840 | SPS=1275
update 90/390 | step=184320 | SPS=1277
[200016] Regime switch detected! 1 -> 0. Snapshotting anchor model.
update 100/390 | step=204800 | SPS=1283
update 110/390 | step=225280 | SPS=1288
update 120/390 | step=245760 | SPS=1291
update 130/390 | step=266240 | SPS=1295
update 140/390 | step=286720 | SPS=1296
[300016] Regime switch detected! 0 -> 1. Snapshotting anchor model.
update 150/390 | step=307200 | SPS=1300
update 160/390 | step=327680 | SPS=1300
update 170/390 | step=348160 | SPS=1302
update 180/390 | step=368640 | SPS=1301
update 190/390 | step=389120 | SPS=1301
[400016] Regime switch detected! 1 -> 0. Snapshotting anchor model.
update 200/390 | step=409600 | SPS=1295
update 210/390 | step=430080 | SPS=1295
update 220/390 | step=450560 | SPS=1293
update 230/390 | step=471040 | SPS=1290
update 240/390 | step=491520 | SPS=1289
[500016] Regime switch detected! 0 -> 1. Snapshotting anchor model.
update 250/390 | step=512000 | SPS=1287
update 260/390 | step=532480 | SPS=1287
update 270/390 | step=552960 | SPS=1286
update 280/390 | step=573440 | SPS=1282
update 290/390 | step=593920 | SPS=1282
[600016] Regime switch detected! 1 -> 0. Snapshotting anchor model.
update 300/390 | step=614400 | SPS=1278
update 310/390 | step=634880 | SPS=1277
update 320/390 | step=655360 | SPS=1276
update 330/390 | step=675840 | SPS=1278
update 340/390 | step=696320 | SPS=1279
[700016] Regime switch detected! 0 -> 1. Snapshotting anchor model.
update 350/390 | step=716800 | SPS=1280
update 360/390 | step=737280 | SPS=1281
update 370/390 | step=757760 | SPS=1282
update 380/390 | step=778240 | SPS=1283
update 390/390 | step=798720 | SPS=1284
Episode 23/60 | reward=3.5888 | avg10=3.8658 | avg_success_rate=0.8500 | steps=38 | time=625.0s
update 10/390 | step=20480 | SPS=1268
update 20/390 | step=40960 | SPS=1284
update 30/390 | step=61440 | SPS=1285
update 40/390 | step=81920 | SPS=1285
[100016] Regime switch detected! 0 -> 1. Snapshotting anchor model.
update 50/390 | step=102400 | SPS=1282
update 60/390 | step=122880 | SPS=1269
update 70/390 | step=143360 | SPS=1280
update 80/390 | step=163840 | SPS=1283
update 90/390 | step=184320 | SPS=1288
[200016] Regime switch detected! 1 -> 0. Snapshotting anchor model.
update 100/390 | step=204800 | SPS=1290
update 110/390 | step=225280 | SPS=1295
update 120/390 | step=245760 | SPS=1297
update 130/390 | step=266240 | SPS=1300
update 140/390 | step=286720 | SPS=1301
[300016] Regime switch detected! 0 -> 1. Snapshotting anchor model.
update 150/390 | step=307200 | SPS=1302
update 160/390 | step=327680 | SPS=1302
update 170/390 | step=348160 | SPS=1302
update 180/390 | step=368640 | SPS=1300
update 190/390 | step=389120 | SPS=1302
[400016] Regime switch detected! 1 -> 0. Snapshotting anchor model.
update 200/390 | step=409600 | SPS=1301
update 210/390 | step=430080 | SPS=1298
update 220/390 | step=450560 | SPS=1299
update 230/390 | step=471040 | SPS=1301
update 240/390 | step=491520 | SPS=1302
[500016] Regime switch detected! 0 -> 1. Snapshotting anchor model.
update 250/390 | step=512000 | SPS=1304
update 260/390 | step=532480 | SPS=1305
update 270/390 | step=552960 | SPS=1304
update 280/390 | step=573440 | SPS=1303
update 290/390 | step=593920 | SPS=1304
[600016] Regime switch detected! 1 -> 0. Snapshotting anchor model.
update 300/390 | step=614400 | SPS=1305
update 310/390 | step=634880 | SPS=1305
update 320/390 | step=655360 | SPS=1305
update 330/390 | step=675840 | SPS=1304
update 340/390 | step=696320 | SPS=1302
[700016] Regime switch detected! 0 -> 1. Snapshotting anchor model.
update 350/390 | step=716800 | SPS=1300
update 360/390 | step=737280 | SPS=1297
update 370/390 | step=757760 | SPS=1293
update 380/390 | step=778240 | SPS=1290
update 390/390 | step=798720 | SPS=1287
Episode 24/60 | reward=3.4060 | avg10=3.8409 | avg_success_rate=0.9800 | steps=38 | time=623.4s
update 10/390 | step=20480 | SPS=1265
update 20/390 | step=40960 | SPS=1270
update 30/390 | step=61440 | SPS=1258
update 40/390 | step=81920 | SPS=1252
[100016] Regime switch detected! 0 -> 1. Snapshotting anchor model.
update 50/390 | step=102400 | SPS=1245
update 60/390 | step=122880 | SPS=1247
update 70/390 | step=143360 | SPS=1258
update 80/390 | step=163840 | SPS=1263
update 90/390 | step=184320 | SPS=1263
[200016] Regime switch detected! 1 -> 0. Snapshotting anchor model.
update 100/390 | step=204800 | SPS=1264
update 110/390 | step=225280 | SPS=1267
update 120/390 | step=245760 | SPS=1270
update 130/390 | step=266240 | SPS=1273
update 140/390 | step=286720 | SPS=1277
[300016] Regime switch detected! 0 -> 1. Snapshotting anchor model.
update 150/390 | step=307200 | SPS=1281
update 160/390 | step=327680 | SPS=1284
update 170/390 | step=348160 | SPS=1286
update 180/390 | step=368640 | SPS=1286
update 190/390 | step=389120 | SPS=1289
[400016] Regime switch detected! 1 -> 0. Snapshotting anchor model.
update 200/390 | step=409600 | SPS=1290
update 210/390 | step=430080 | SPS=1290
update 220/390 | step=450560 | SPS=1291
update 230/390 | step=471040 | SPS=1288
update 240/390 | step=491520 | SPS=1288
[500016] Regime switch detected! 0 -> 1. Snapshotting anchor model.
update 250/390 | step=512000 | SPS=1290
update 260/390 | step=532480 | SPS=1292
update 270/390 | step=552960 | SPS=1293
update 280/390 | step=573440 | SPS=1293
update 290/390 | step=593920 | SPS=1291
[600016] Regime switch detected! 1 -> 0. Snapshotting anchor model.
update 300/390 | step=614400 | SPS=1293
update 310/390 | step=634880 | SPS=1294
update 320/390 | step=655360 | SPS=1293
update 330/390 | step=675840 | SPS=1292
update 340/390 | step=696320 | SPS=1291
[700016] Regime switch detected! 0 -> 1. Snapshotting anchor model.
update 350/390 | step=716800 | SPS=1292
update 360/390 | step=737280 | SPS=1291
update 370/390 | step=757760 | SPS=1289
update 380/390 | step=778240 | SPS=1288
update 390/390 | step=798720 | SPS=1285
Episode 25/60 | reward=3.5927 | avg10=3.9123 | avg_success_rate=0.9800 | steps=38 | time=624.5s
  [brain ckpt] runs/calib8x8_brain_neuromod_trainable_slow_long_seed3_20260702-041002/episode_25/brain_ep25.pt
update 10/390 | step=20480 | SPS=1302
update 20/390 | step=40960 | SPS=1271
update 30/390 | step=61440 | SPS=1269
update 40/390 | step=81920 | SPS=1287
[100016] Regime switch detected! 0 -> 1. Snapshotting anchor model.
update 50/390 | step=102400 | SPS=1296
update 60/390 | step=122880 | SPS=1298
update 70/390 | step=143360 | SPS=1302
update 80/390 | step=163840 | SPS=1301
update 90/390 | step=184320 | SPS=1303
[200016] Regime switch detected! 1 -> 0. Snapshotting anchor model.
update 100/390 | step=204800 | SPS=1304
update 110/390 | step=225280 | SPS=1306
update 120/390 | step=245760 | SPS=1306
update 130/390 | step=266240 | SPS=1310
update 140/390 | step=286720 | SPS=1310
[300016] Regime switch detected! 0 -> 1. Snapshotting anchor model.
update 150/390 | step=307200 | SPS=1312
update 160/390 | step=327680 | SPS=1313
update 170/390 | step=348160 | SPS=1313
update 180/390 | step=368640 | SPS=1311
update 190/390 | step=389120 | SPS=1313
[400016] Regime switch detected! 1 -> 0. Snapshotting anchor model.
update 200/390 | step=409600 | SPS=1313
update 210/390 | step=430080 | SPS=1311
update 220/390 | step=450560 | SPS=1310
update 230/390 | step=471040 | SPS=1307
update 240/390 | step=491520 | SPS=1307
[500016] Regime switch detected! 0 -> 1. Snapshotting anchor model.
update 250/390 | step=512000 | SPS=1306
update 260/390 | step=532480 | SPS=1302
update 270/390 | step=552960 | SPS=1297
update 280/390 | step=573440 | SPS=1295
update 290/390 | step=593920 | SPS=1295
[600016] Regime switch detected! 1 -> 0. Snapshotting anchor model.
update 300/390 | step=614400 | SPS=1295
update 310/390 | step=634880 | SPS=1291
update 320/390 | step=655360 | SPS=1288
update 330/390 | step=675840 | SPS=1286
update 340/390 | step=696320 | SPS=1284
[700016] Regime switch detected! 0 -> 1. Snapshotting anchor model.
update 350/390 | step=716800 | SPS=1282
update 360/390 | step=737280 | SPS=1279
update 370/390 | step=757760 | SPS=1276
update 380/390 | step=778240 | SPS=1274
update 390/390 | step=798720 | SPS=1273
Episode 26/60 | reward=3.6694 | avg10=3.8765 | avg_success_rate=0.9900 | steps=38 | time=630.4s
update 10/390 | step=20480 | SPS=1244
update 20/390 | step=40960 | SPS=1238
update 30/390 | step=61440 | SPS=1244
update 40/390 | step=81920 | SPS=1234
[100016] Regime switch detected! 0 -> 1. Snapshotting anchor model.
update 50/390 | step=102400 | SPS=1233
update 60/390 | step=122880 | SPS=1240
update 70/390 | step=143360 | SPS=1248
update 80/390 | step=163840 | SPS=1258
update 90/390 | step=184320 | SPS=1255
[200016] Regime switch detected! 1 -> 0. Snapshotting anchor model.
update 100/390 | step=204800 | SPS=1248
update 110/390 | step=225280 | SPS=1242
update 120/390 | step=245760 | SPS=1245
update 130/390 | step=266240 | SPS=1243
update 140/390 | step=286720 | SPS=1245
[300016] Regime switch detected! 0 -> 1. Snapshotting anchor model.
update 150/390 | step=307200 | SPS=1251
update 160/390 | step=327680 | SPS=1249
update 170/390 | step=348160 | SPS=1245
update 180/390 | step=368640 | SPS=1245
update 190/390 | step=389120 | SPS=1246
[400016] Regime switch detected! 1 -> 0. Snapshotting anchor model.
update 200/390 | step=409600 | SPS=1248
update 210/390 | step=430080 | SPS=1249
update 220/390 | step=450560 | SPS=1251
update 230/390 | step=471040 | SPS=1255
update 240/390 | step=491520 | SPS=1257
[500016] Regime switch detected! 0 -> 1. Snapshotting anchor model.
update 250/390 | step=512000 | SPS=1259
update 260/390 | step=532480 | SPS=1262
update 270/390 | step=552960 | SPS=1263
update 280/390 | step=573440 | SPS=1263
update 290/390 | step=593920 | SPS=1265
[600016] Regime switch detected! 1 -> 0. Snapshotting anchor model.
update 300/390 | step=614400 | SPS=1266
update 310/390 | step=634880 | SPS=1266
update 320/390 | step=655360 | SPS=1267
update 330/390 | step=675840 | SPS=1267
update 340/390 | step=696320 | SPS=1269
[700016] Regime switch detected! 0 -> 1. Snapshotting anchor model.
update 350/390 | step=716800 | SPS=1270
update 360/390 | step=737280 | SPS=1271
update 370/390 | step=757760 | SPS=1268
update 380/390 | step=778240 | SPS=1265
update 390/390 | step=798720 | SPS=1265
Episode 27/60 | reward=3.3142 | avg10=3.7780 | avg_success_rate=0.7600 | steps=38 | time=634.2s
update 10/390 | step=20480 | SPS=1249
update 20/390 | step=40960 | SPS=1231
update 30/390 | step=61440 | SPS=1257
update 40/390 | step=81920 | SPS=1251
[100016] Regime switch detected! 0 -> 1. Snapshotting anchor model.
update 50/390 | step=102400 | SPS=1252
update 60/390 | step=122880 | SPS=1246
update 70/390 | step=143360 | SPS=1248
update 80/390 | step=163840 | SPS=1252
update 90/390 | step=184320 | SPS=1253
[200016] Regime switch detected! 1 -> 0. Snapshotting anchor model.
update 100/390 | step=204800 | SPS=1248
update 110/390 | step=225280 | SPS=1247
update 120/390 | step=245760 | SPS=1254
update 130/390 | step=266240 | SPS=1255
update 140/390 | step=286720 | SPS=1249
[300016] Regime switch detected! 0 -> 1. Snapshotting anchor model.
update 150/390 | step=307200 | SPS=1249
update 160/390 | step=327680 | SPS=1248
update 170/390 | step=348160 | SPS=1247
update 180/390 | step=368640 | SPS=1245
update 190/390 | step=389120 | SPS=1249
[400016] Regime switch detected! 1 -> 0. Snapshotting anchor model.
update 200/390 | step=409600 | SPS=1252
update 210/390 | step=430080 | SPS=1252
update 220/390 | step=450560 | SPS=1254
update 230/390 | step=471040 | SPS=1256
update 240/390 | step=491520 | SPS=1259
[500016] Regime switch detected! 0 -> 1. Snapshotting anchor model.
update 250/390 | step=512000 | SPS=1262
update 260/390 | step=532480 | SPS=1261
update 270/390 | step=552960 | SPS=1262
update 280/390 | step=573440 | SPS=1263
update 290/390 | step=593920 | SPS=1260
[600016] Regime switch detected! 1 -> 0. Snapshotting anchor model.
update 300/390 | step=614400 | SPS=1259
update 310/390 | step=634880 | SPS=1258
update 320/390 | step=655360 | SPS=1260
update 330/390 | step=675840 | SPS=1262
update 340/390 | step=696320 | SPS=1263
[700016] Regime switch detected! 0 -> 1. Snapshotting anchor model.
update 350/390 | step=716800 | SPS=1263
update 360/390 | step=737280 | SPS=1261
update 370/390 | step=757760 | SPS=1260
update 380/390 | step=778240 | SPS=1260
update 390/390 | step=798720 | SPS=1259
Episode 28/60 | reward=3.3423 | avg10=3.6152 | avg_success_rate=0.9000 | steps=38 | time=637.2s
update 10/390 | step=20480 | SPS=1233
update 20/390 | step=40960 | SPS=1227
update 30/390 | step=61440 | SPS=1228
update 40/390 | step=81920 | SPS=1247
[100016] Regime switch detected! 0 -> 1. Snapshotting anchor model.
update 50/390 | step=102400 | SPS=1243
update 60/390 | step=122880 | SPS=1236
update 70/390 | step=143360 | SPS=1233
update 80/390 | step=163840 | SPS=1233
update 90/390 | step=184320 | SPS=1241
[200016] Regime switch detected! 1 -> 0. Snapshotting anchor model.
update 100/390 | step=204800 | SPS=1238
update 110/390 | step=225280 | SPS=1240
update 120/390 | step=245760 | SPS=1244
update 130/390 | step=266240 | SPS=1244
update 140/390 | step=286720 | SPS=1242
[300016] Regime switch detected! 0 -> 1. Snapshotting anchor model.
update 150/390 | step=307200 | SPS=1244
update 160/390 | step=327680 | SPS=1242
update 170/390 | step=348160 | SPS=1242
update 180/390 | step=368640 | SPS=1243
update 190/390 | step=389120 | SPS=1246
[400016] Regime switch detected! 1 -> 0. Snapshotting anchor model.
update 200/390 | step=409600 | SPS=1249
update 210/390 | step=430080 | SPS=1247
update 220/390 | step=450560 | SPS=1245
update 230/390 | step=471040 | SPS=1244
update 240/390 | step=491520 | SPS=1245
[500016] Regime switch detected! 0 -> 1. Snapshotting anchor model.
update 250/390 | step=512000 | SPS=1244
update 260/390 | step=532480 | SPS=1242
update 270/390 | step=552960 | SPS=1245
update 280/390 | step=573440 | SPS=1247
update 290/390 | step=593920 | SPS=1250
[600016] Regime switch detected! 1 -> 0. Snapshotting anchor model.
update 300/390 | step=614400 | SPS=1253
update 310/390 | step=634880 | SPS=1254
update 320/390 | step=655360 | SPS=1257
update 330/390 | step=675840 | SPS=1259
update 340/390 | step=696320 | SPS=1261
[700016] Regime switch detected! 0 -> 1. Snapshotting anchor model.
update 350/390 | step=716800 | SPS=1262
update 360/390 | step=737280 | SPS=1262
update 370/390 | step=757760 | SPS=1261
update 380/390 | step=778240 | SPS=1262
update 390/390 | step=798720 | SPS=1261
Episode 29/60 | reward=3.7907 | avg10=3.7721 | avg_success_rate=0.9900 | steps=38 | time=636.2s
update 10/390 | step=20480 | SPS=1269
update 20/390 | step=40960 | SPS=1243
update 30/390 | step=61440 | SPS=1231
update 40/390 | step=81920 | SPS=1231
[100016] Regime switch detected! 0 -> 1. Snapshotting anchor model.
update 50/390 | step=102400 | SPS=1232
update 60/390 | step=122880 | SPS=1231
update 70/390 | step=143360 | SPS=1234
update 80/390 | step=163840 | SPS=1244
update 90/390 | step=184320 | SPS=1246
[200016] Regime switch detected! 1 -> 0. Snapshotting anchor model.
update 100/390 | step=204800 | SPS=1257
update 110/390 | step=225280 | SPS=1259
update 120/390 | step=245760 | SPS=1261
update 130/390 | step=266240 | SPS=1263
update 140/390 | step=286720 | SPS=1262
[300016] Regime switch detected! 0 -> 1. Snapshotting anchor model.
update 150/390 | step=307200 | SPS=1264
update 160/390 | step=327680 | SPS=1265
update 170/390 | step=348160 | SPS=1266
update 180/390 | step=368640 | SPS=1265
update 190/390 | step=389120 | SPS=1267
[400016] Regime switch detected! 1 -> 0. Snapshotting anchor model.
update 200/390 | step=409600 | SPS=1266
update 210/390 | step=430080 | SPS=1265
update 220/390 | step=450560 | SPS=1263
update 230/390 | step=471040 | SPS=1265
update 240/390 | step=491520 | SPS=1267
[500016] Regime switch detected! 0 -> 1. Snapshotting anchor model.
update 250/390 | step=512000 | SPS=1269
update 260/390 | step=532480 | SPS=1269
update 270/390 | step=552960 | SPS=1270
update 280/390 | step=573440 | SPS=1272
update 290/390 | step=593920 | SPS=1271
[600016] Regime switch detected! 1 -> 0. Snapshotting anchor model.
update 300/390 | step=614400 | SPS=1269
update 310/390 | step=634880 | SPS=1267
update 320/390 | step=655360 | SPS=1264
update 330/390 | step=675840 | SPS=1263
update 340/390 | step=696320 | SPS=1262
[700016] Regime switch detected! 0 -> 1. Snapshotting anchor model.
update 350/390 | step=716800 | SPS=1263
update 360/390 | step=737280 | SPS=1263
update 370/390 | step=757760 | SPS=1264
update 380/390 | step=778240 | SPS=1267
update 390/390 | step=798720 | SPS=1268
Episode 30/60 | reward=4.3649 | avg10=3.7439 | avg_success_rate=0.9500 | steps=38 | time=632.9s
  [brain ckpt] runs/calib8x8_brain_neuromod_trainable_slow_long_seed3_20260702-041002/episode_30/brain_ep30.pt
update 10/390 | step=20480 | SPS=1406
update 20/390 | step=40960 | SPS=1349
update 30/390 | step=61440 | SPS=1308
update 40/390 | step=81920 | SPS=1300
[100016] Regime switch detected! 0 -> 1. Snapshotting anchor model.
update 50/390 | step=102400 | SPS=1302
update 60/390 | step=122880 | SPS=1303
update 70/390 | step=143360 | SPS=1308
update 80/390 | step=163840 | SPS=1303
update 90/390 | step=184320 | SPS=1295
[200016] Regime switch detected! 1 -> 0. Snapshotting anchor model.
update 100/390 | step=204800 | SPS=1293
update 110/390 | step=225280 | SPS=1297
update 120/390 | step=245760 | SPS=1288
update 130/390 | step=266240 | SPS=1286
update 140/390 | step=286720 | SPS=1278
[300016] Regime switch detected! 0 -> 1. Snapshotting anchor model.
update 150/390 | step=307200 | SPS=1277
update 160/390 | step=327680 | SPS=1276
update 170/390 | step=348160 | SPS=1278
update 180/390 | step=368640 | SPS=1279
update 190/390 | step=389120 | SPS=1282
[400016] Regime switch detected! 1 -> 0. Snapshotting anchor model.
update 200/390 | step=409600 | SPS=1283
update 210/390 | step=430080 | SPS=1284
update 220/390 | step=450560 | SPS=1282
update 230/390 | step=471040 | SPS=1281
update 240/390 | step=491520 | SPS=1278
[500016] Regime switch detected! 0 -> 1. Snapshotting anchor model.
update 250/390 | step=512000 | SPS=1277
update 260/390 | step=532480 | SPS=1272
update 270/390 | step=552960 | SPS=1272
update 280/390 | step=573440 | SPS=1272
update 290/390 | step=593920 | SPS=1274
[600016] Regime switch detected! 1 -> 0. Snapshotting anchor model.
update 300/390 | step=614400 | SPS=1276
update 310/390 | step=634880 | SPS=1276
update 320/390 | step=655360 | SPS=1276
update 330/390 | step=675840 | SPS=1277
update 340/390 | step=696320 | SPS=1276
[700016] Regime switch detected! 0 -> 1. Snapshotting anchor model.
update 350/390 | step=716800 | SPS=1278
update 360/390 | step=737280 | SPS=1275
update 370/390 | step=757760 | SPS=1273
update 380/390 | step=778240 | SPS=1272
update 390/390 | step=798720 | SPS=1274
Episode 31/60 | reward=4.2459 | avg10=3.8751 | avg_success_rate=0.9800 | steps=38 | time=629.7s
update 10/390 | step=20480 | SPS=1270
update 20/390 | step=40960 | SPS=1260
update 30/390 | step=61440 | SPS=1286
update 40/390 | step=81920 | SPS=1286
[100016] Regime switch detected! 0 -> 1. Snapshotting anchor model.
update 50/390 | step=102400 | SPS=1289
update 60/390 | step=122880 | SPS=1293
update 70/390 | step=143360 | SPS=1297
update 80/390 | step=163840 | SPS=1296
update 90/390 | step=184320 | SPS=1293
[200016] Regime switch detected! 1 -> 0. Snapshotting anchor model.
update 100/390 | step=204800 | SPS=1293
update 110/390 | step=225280 | SPS=1297
update 120/390 | step=245760 | SPS=1293
update 130/390 | step=266240 | SPS=1297
update 140/390 | step=286720 | SPS=1297
[300016] Regime switch detected! 0 -> 1. Snapshotting anchor model.
update 150/390 | step=307200 | SPS=1300
update 160/390 | step=327680 | SPS=1300
update 170/390 | step=348160 | SPS=1300
update 180/390 | step=368640 | SPS=1297
update 190/390 | step=389120 | SPS=1299
[400016] Regime switch detected! 1 -> 0. Snapshotting anchor model.
update 200/390 | step=409600 | SPS=1298
update 210/390 | step=430080 | SPS=1290
update 220/390 | step=450560 | SPS=1292
update 230/390 | step=471040 | SPS=1292
update 240/390 | step=491520 | SPS=1292
[500016] Regime switch detected! 0 -> 1. Snapshotting anchor model.
update 250/390 | step=512000 | SPS=1288
update 260/390 | step=532480 | SPS=1284
update 270/390 | step=552960 | SPS=1284
update 280/390 | step=573440 | SPS=1283
update 290/390 | step=593920 | SPS=1284
[600016] Regime switch detected! 1 -> 0. Snapshotting anchor model.
update 300/390 | step=614400 | SPS=1285
update 310/390 | step=634880 | SPS=1285
update 320/390 | step=655360 | SPS=1286
update 330/390 | step=675840 | SPS=1286
update 340/390 | step=696320 | SPS=1285
[700016] Regime switch detected! 0 -> 1. Snapshotting anchor model.
update 350/390 | step=716800 | SPS=1286
update 360/390 | step=737280 | SPS=1286
update 370/390 | step=757760 | SPS=1286
update 380/390 | step=778240 | SPS=1286
update 390/390 | step=798720 | SPS=1287
Episode 32/60 | reward=3.4473 | avg10=3.6762 | avg_success_rate=0.9500 | steps=38 | time=623.7s
update 10/390 | step=20480 | SPS=1227
update 20/390 | step=40960 | SPS=1229
update 30/390 | step=61440 | SPS=1255
update 40/390 | step=81920 | SPS=1271
[100016] Regime switch detected! 0 -> 1. Snapshotting anchor model.
update 50/390 | step=102400 | SPS=1285
update 60/390 | step=122880 | SPS=1293
update 70/390 | step=143360 | SPS=1303
update 80/390 | step=163840 | SPS=1305
update 90/390 | step=184320 | SPS=1304
[200016] Regime switch detected! 1 -> 0. Snapshotting anchor model.
update 100/390 | step=204800 | SPS=1293
update 110/390 | step=225280 | SPS=1286
update 120/390 | step=245760 | SPS=1285
update 130/390 | step=266240 | SPS=1289
update 140/390 | step=286720 | SPS=1291
[300016] Regime switch detected! 0 -> 1. Snapshotting anchor model.
update 150/390 | step=307200 | SPS=1296
update 160/390 | step=327680 | SPS=1298
update 170/390 | step=348160 | SPS=1300
update 180/390 | step=368640 | SPS=1295
update 190/390 | step=389120 | SPS=1290
[400016] Regime switch detected! 1 -> 0. Snapshotting anchor model.
update 200/390 | step=409600 | SPS=1284
update 210/390 | step=430080 | SPS=1281
update 220/390 | step=450560 | SPS=1281
update 230/390 | step=471040 | SPS=1281
update 240/390 | step=491520 | SPS=1283
[500016] Regime switch detected! 0 -> 1. Snapshotting anchor model.
update 250/390 | step=512000 | SPS=1284
update 260/390 | step=532480 | SPS=1279
update 270/390 | step=552960 | SPS=1276
update 280/390 | step=573440 | SPS=1274
update 290/390 | step=593920 | SPS=1272
[600016] Regime switch detected! 1 -> 0. Snapshotting anchor model.
update 300/390 | step=614400 | SPS=1271
update 310/390 | step=634880 | SPS=1270
update 320/390 | step=655360 | SPS=1269
update 330/390 | step=675840 | SPS=1267
update 340/390 | step=696320 | SPS=1267
[700016] Regime switch detected! 0 -> 1. Snapshotting anchor model.
update 350/390 | step=716800 | SPS=1269
update 360/390 | step=737280 | SPS=1269
update 370/390 | step=757760 | SPS=1268
update 380/390 | step=778240 | SPS=1268
update 390/390 | step=798720 | SPS=1269
Episode 33/60 | reward=3.2531 | avg10=3.6427 | avg_success_rate=0.9900 | steps=38 | time=632.4s
update 10/390 | step=20480 | SPS=1273
update 20/390 | step=40960 | SPS=1250
update 30/390 | step=61440 | SPS=1236
update 40/390 | step=81920 | SPS=1254
[100016] Regime switch detected! 0 -> 1. Snapshotting anchor model.
update 50/390 | step=102400 | SPS=1265
update 60/390 | step=122880 | SPS=1276
update 70/390 | step=143360 | SPS=1286
update 80/390 | step=163840 | SPS=1289
update 90/390 | step=184320 | SPS=1293
[200016] Regime switch detected! 1 -> 0. Snapshotting anchor model.
update 100/390 | step=204800 | SPS=1283
update 110/390 | step=225280 | SPS=1276
update 120/390 | step=245760 | SPS=1271
update 130/390 | step=266240 | SPS=1275
update 140/390 | step=286720 | SPS=1278
[300016] Regime switch detected! 0 -> 1. Snapshotting anchor model.
update 150/390 | step=307200 | SPS=1278
update 160/390 | step=327680 | SPS=1280
update 170/390 | step=348160 | SPS=1281
update 180/390 | step=368640 | SPS=1275
update 190/390 | step=389120 | SPS=1277
[400016] Regime switch detected! 1 -> 0. Snapshotting anchor model.
update 200/390 | step=409600 | SPS=1278
update 210/390 | step=430080 | SPS=1279
update 220/390 | step=450560 | SPS=1276
update 230/390 | step=471040 | SPS=1271
update 240/390 | step=491520 | SPS=1269
[500016] Regime switch detected! 0 -> 1. Snapshotting anchor model.
update 250/390 | step=512000 | SPS=1267
update 260/390 | step=532480 | SPS=1267
update 270/390 | step=552960 | SPS=1267
update 280/390 | step=573440 | SPS=1268
update 290/390 | step=593920 | SPS=1269
[600016] Regime switch detected! 1 -> 0. Snapshotting anchor model.
update 300/390 | step=614400 | SPS=1270
update 310/390 | step=634880 | SPS=1271
update 320/390 | step=655360 | SPS=1270
update 330/390 | step=675840 | SPS=1268
update 340/390 | step=696320 | SPS=1267
[700016] Regime switch detected! 0 -> 1. Snapshotting anchor model.
update 350/390 | step=716800 | SPS=1264
update 360/390 | step=737280 | SPS=1262
update 370/390 | step=757760 | SPS=1260
update 380/390 | step=778240 | SPS=1257
update 390/390 | step=798720 | SPS=1255
Episode 34/60 | reward=3.3205 | avg10=3.6341 | avg_success_rate=0.8500 | steps=38 | time=639.1s
update 10/390 | step=20480 | SPS=1225
update 20/390 | step=40960 | SPS=1231
update 30/390 | step=61440 | SPS=1236
update 40/390 | step=81920 | SPS=1222
[100016] Regime switch detected! 0 -> 1. Snapshotting anchor model.
update 50/390 | step=102400 | SPS=1225
update 60/390 | step=122880 | SPS=1226
update 70/390 | step=143360 | SPS=1228
update 80/390 | step=163840 | SPS=1221
update 90/390 | step=184320 | SPS=1217
[200016] Regime switch detected! 1 -> 0. Snapshotting anchor model.
update 100/390 | step=204800 | SPS=1213
update 110/390 | step=225280 | SPS=1213
update 120/390 | step=245760 | SPS=1214
update 130/390 | step=266240 | SPS=1220
update 140/390 | step=286720 | SPS=1220
[300016] Regime switch detected! 0 -> 1. Snapshotting anchor model.
update 150/390 | step=307200 | SPS=1227
update 160/390 | step=327680 | SPS=1231
update 170/390 | step=348160 | SPS=1231
update 180/390 | step=368640 | SPS=1228
update 190/390 | step=389120 | SPS=1229
[400016] Regime switch detected! 1 -> 0. Snapshotting anchor model.
update 200/390 | step=409600 | SPS=1232
update 210/390 | step=430080 | SPS=1234
update 220/390 | step=450560 | SPS=1234
update 230/390 | step=471040 | SPS=1234
update 240/390 | step=491520 | SPS=1235
[500016] Regime switch detected! 0 -> 1. Snapshotting anchor model.
update 250/390 | step=512000 | SPS=1234
update 260/390 | step=532480 | SPS=1232
update 270/390 | step=552960 | SPS=1231
update 280/390 | step=573440 | SPS=1231
update 290/390 | step=593920 | SPS=1229
[600016] Regime switch detected! 1 -> 0. Snapshotting anchor model.
update 300/390 | step=614400 | SPS=1228
update 310/390 | step=634880 | SPS=1229
update 320/390 | step=655360 | SPS=1231
update 330/390 | step=675840 | SPS=1233
update 340/390 | step=696320 | SPS=1236
[700016] Regime switch detected! 0 -> 1. Snapshotting anchor model.
update 350/390 | step=716800 | SPS=1238
update 360/390 | step=737280 | SPS=1238
update 370/390 | step=757760 | SPS=1240
update 380/390 | step=778240 | SPS=1241
update 390/390 | step=798720 | SPS=1242
Episode 35/60 | reward=2.3514 | avg10=3.5100 | avg_success_rate=0.7500 | steps=38 | time=646.1s
  [brain ckpt] runs/calib8x8_brain_neuromod_trainable_slow_long_seed3_20260702-041002/episode_35/brain_ep35.pt
update 10/390 | step=20480 | SPS=1346
update 20/390 | step=40960 | SPS=1293
update 30/390 | step=61440 | SPS=1281
update 40/390 | step=81920 | SPS=1287
[100016] Regime switch detected! 0 -> 1. Snapshotting anchor model.
update 50/390 | step=102400 | SPS=1298
update 60/390 | step=122880 | SPS=1299
update 70/390 | step=143360 | SPS=1300
update 80/390 | step=163840 | SPS=1298
update 90/390 | step=184320 | SPS=1299
[200016] Regime switch detected! 1 -> 0. Snapshotting anchor model.
update 100/390 | step=204800 | SPS=1290
update 110/390 | step=225280 | SPS=1293
update 120/390 | step=245760 | SPS=1294
update 130/390 | step=266240 | SPS=1299
update 140/390 | step=286720 | SPS=1298
[300016] Regime switch detected! 0 -> 1. Snapshotting anchor model.
update 150/390 | step=307200 | SPS=1292
update 160/390 | step=327680 | SPS=1286
update 170/390 | step=348160 | SPS=1281
update 180/390 | step=368640 | SPS=1281
update 190/390 | step=389120 | SPS=1281
[400016] Regime switch detected! 1 -> 0. Snapshotting anchor model.
update 200/390 | step=409600 | SPS=1282
update 210/390 | step=430080 | SPS=1281
update 220/390 | step=450560 | SPS=1278
update 230/390 | step=471040 | SPS=1280
update 240/390 | step=491520 | SPS=1278
[500016] Regime switch detected! 0 -> 1. Snapshotting anchor model.
update 250/390 | step=512000 | SPS=1278
update 260/390 | step=532480 | SPS=1274
update 270/390 | step=552960 | SPS=1273
update 280/390 | step=573440 | SPS=1274
update 290/390 | step=593920 | SPS=1272
[600016] Regime switch detected! 1 -> 0. Snapshotting anchor model.
update 300/390 | step=614400 | SPS=1274
update 310/390 | step=634880 | SPS=1275
update 320/390 | step=655360 | SPS=1277
update 330/390 | step=675840 | SPS=1278
update 340/390 | step=696320 | SPS=1279
[700016] Regime switch detected! 0 -> 1. Snapshotting anchor model.
update 350/390 | step=716800 | SPS=1278
update 360/390 | step=737280 | SPS=1277
update 370/390 | step=757760 | SPS=1274
update 380/390 | step=778240 | SPS=1274
update 390/390 | step=798720 | SPS=1275
Episode 36/60 | reward=3.3451 | avg10=3.4775 | avg_success_rate=0.9700 | steps=38 | time=629.6s
update 10/390 | step=20480 | SPS=1271
update 20/390 | step=40960 | SPS=1249
update 30/390 | step=61440 | SPS=1271
update 40/390 | step=81920 | SPS=1277
[100016] Regime switch detected! 0 -> 1. Snapshotting anchor model.
update 50/390 | step=102400 | SPS=1291
update 60/390 | step=122880 | SPS=1292
update 70/390 | step=143360 | SPS=1280
update 80/390 | step=163840 | SPS=1284
update 90/390 | step=184320 | SPS=1284
[200016] Regime switch detected! 1 -> 0. Snapshotting anchor model.
update 100/390 | step=204800 | SPS=1286
update 110/390 | step=225280 | SPS=1278
update 120/390 | step=245760 | SPS=1272
update 130/390 | step=266240 | SPS=1268
update 140/390 | step=286720 | SPS=1266
[300016] Regime switch detected! 0 -> 1. Snapshotting anchor model.
update 150/390 | step=307200 | SPS=1270
update 160/390 | step=327680 | SPS=1271
update 170/390 | step=348160 | SPS=1274
update 180/390 | step=368640 | SPS=1275
update 190/390 | step=389120 | SPS=1275
[400016] Regime switch detected! 1 -> 0. Snapshotting anchor model.
update 200/390 | step=409600 | SPS=1276
update 210/390 | step=430080 | SPS=1270
update 220/390 | step=450560 | SPS=1270
update 230/390 | step=471040 | SPS=1268
update 240/390 | step=491520 | SPS=1270
[500016] Regime switch detected! 0 -> 1. Snapshotting anchor model.
update 250/390 | step=512000 | SPS=1267
update 260/390 | step=532480 | SPS=1263
update 270/390 | step=552960 | SPS=1263
update 280/390 | step=573440 | SPS=1265
update 290/390 | step=593920 | SPS=1263
[600016] Regime switch detected! 1 -> 0. Snapshotting anchor model.
update 300/390 | step=614400 | SPS=1264
update 310/390 | step=634880 | SPS=1266
update 320/390 | step=655360 | SPS=1266
update 330/390 | step=675840 | SPS=1265
update 340/390 | step=696320 | SPS=1263
[700016] Regime switch detected! 0 -> 1. Snapshotting anchor model.
update 350/390 | step=716800 | SPS=1264
update 360/390 | step=737280 | SPS=1264
update 370/390 | step=757760 | SPS=1265
update 380/390 | step=778240 | SPS=1266
update 390/390 | step=798720 | SPS=1268
Episode 37/60 | reward=3.5163 | avg10=3.4978 | avg_success_rate=0.9700 | steps=38 | time=633.1s
update 10/390 | step=20480 | SPS=1264
update 20/390 | step=40960 | SPS=1256
update 30/390 | step=61440 | SPS=1275
update 40/390 | step=81920 | SPS=1261
[100016] Regime switch detected! 0 -> 1. Snapshotting anchor model.
update 50/390 | step=102400 | SPS=1254
update 60/390 | step=122880 | SPS=1245
update 70/390 | step=143360 | SPS=1250
update 80/390 | step=163840 | SPS=1247
update 90/390 | step=184320 | SPS=1255
[200016] Regime switch detected! 1 -> 0. Snapshotting anchor model.
update 100/390 | step=204800 | SPS=1259
update 110/390 | step=225280 | SPS=1258
update 120/390 | step=245760 | SPS=1258
update 130/390 | step=266240 | SPS=1263
update 140/390 | step=286720 | SPS=1259
[300016] Regime switch detected! 0 -> 1. Snapshotting anchor model.
update 150/390 | step=307200 | SPS=1263
update 160/390 | step=327680 | SPS=1267
update 170/390 | step=348160 | SPS=1271
update 180/390 | step=368640 | SPS=1265
update 190/390 | step=389120 | SPS=1264
[400016] Regime switch detected! 1 -> 0. Snapshotting anchor model.
update 200/390 | step=409600 | SPS=1263
update 210/390 | step=430080 | SPS=1260
update 220/390 | step=450560 | SPS=1257
update 230/390 | step=471040 | SPS=1255
update 240/390 | step=491520 | SPS=1253
[500016] Regime switch detected! 0 -> 1. Snapshotting anchor model.
update 250/390 | step=512000 | SPS=1255
update 260/390 | step=532480 | SPS=1252
update 270/390 | step=552960 | SPS=1252
update 280/390 | step=573440 | SPS=1252
update 290/390 | step=593920 | SPS=1255
[600016] Regime switch detected! 1 -> 0. Snapshotting anchor model.
update 300/390 | step=614400 | SPS=1254
update 310/390 | step=634880 | SPS=1256
update 320/390 | step=655360 | SPS=1257
update 330/390 | step=675840 | SPS=1257
update 340/390 | step=696320 | SPS=1259
[700016] Regime switch detected! 0 -> 1. Snapshotting anchor model.
update 350/390 | step=716800 | SPS=1259
update 360/390 | step=737280 | SPS=1257
update 370/390 | step=757760 | SPS=1255
update 380/390 | step=778240 | SPS=1254
update 390/390 | step=798720 | SPS=1255
Episode 38/60 | reward=4.2731 | avg10=3.5908 | avg_success_rate=1.0000 | steps=38 | time=639.6s
update 10/390 | step=20480 | SPS=1241
update 20/390 | step=40960 | SPS=1229
update 30/390 | step=61440 | SPS=1237
update 40/390 | step=81920 | SPS=1235
[100016] Regime switch detected! 0 -> 1. Snapshotting anchor model.
update 50/390 | step=102400 | SPS=1238
update 60/390 | step=122880 | SPS=1247
update 70/390 | step=143360 | SPS=1260
update 80/390 | step=163840 | SPS=1262
update 90/390 | step=184320 | SPS=1263
[200016] Regime switch detected! 1 -> 0. Snapshotting anchor model.
update 100/390 | step=204800 | SPS=1255
update 110/390 | step=225280 | SPS=1252
update 120/390 | step=245760 | SPS=1250
update 130/390 | step=266240 | SPS=1246
update 140/390 | step=286720 | SPS=1245
[300016] Regime switch detected! 0 -> 1. Snapshotting anchor model.
update 150/390 | step=307200 | SPS=1251
update 160/390 | step=327680 | SPS=1255
update 170/390 | step=348160 | SPS=1256
update 180/390 | step=368640 | SPS=1258
update 190/390 | step=389120 | SPS=1262
[400016] Regime switch detected! 1 -> 0. Snapshotting anchor model.
update 200/390 | step=409600 | SPS=1264
update 210/390 | step=430080 | SPS=1263
update 220/390 | step=450560 | SPS=1261
update 230/390 | step=471040 | SPS=1260
update 240/390 | step=491520 | SPS=1261
[500016] Regime switch detected! 0 -> 1. Snapshotting anchor model.
update 250/390 | step=512000 | SPS=1259
update 260/390 | step=532480 | SPS=1258
update 270/390 | step=552960 | SPS=1261
update 280/390 | step=573440 | SPS=1262
update 290/390 | step=593920 | SPS=1264
[600016] Regime switch detected! 1 -> 0. Snapshotting anchor model.
update 300/390 | step=614400 | SPS=1266
update 310/390 | step=634880 | SPS=1265
update 320/390 | step=655360 | SPS=1267
update 330/390 | step=675840 | SPS=1267
update 340/390 | step=696320 | SPS=1267
[700016] Regime switch detected! 0 -> 1. Snapshotting anchor model.
update 350/390 | step=716800 | SPS=1267
update 360/390 | step=737280 | SPS=1267
update 370/390 | step=757760 | SPS=1267
update 380/390 | step=778240 | SPS=1267
update 390/390 | step=798720 | SPS=1267
Episode 39/60 | reward=3.9366 | avg10=3.6054 | avg_success_rate=0.9500 | steps=38 | time=633.4s
update 10/390 | step=20480 | SPS=1291
update 20/390 | step=40960 | SPS=1264
update 30/390 | step=61440 | SPS=1269
update 40/390 | step=81920 | SPS=1282
[100016] Regime switch detected! 0 -> 1. Snapshotting anchor model.
update 50/390 | step=102400 | SPS=1290
update 60/390 | step=122880 | SPS=1293
update 70/390 | step=143360 | SPS=1296
update 80/390 | step=163840 | SPS=1294
update 90/390 | step=184320 | SPS=1288
[200016] Regime switch detected! 1 -> 0. Snapshotting anchor model.
update 100/390 | step=204800 | SPS=1289
update 110/390 | step=225280 | SPS=1293
update 120/390 | step=245760 | SPS=1297
update 130/390 | step=266240 | SPS=1302
update 140/390 | step=286720 | SPS=1302
[300016] Regime switch detected! 0 -> 1. Snapshotting anchor model.
update 150/390 | step=307200 | SPS=1302
update 160/390 | step=327680 | SPS=1296
update 170/390 | step=348160 | SPS=1292
update 180/390 | step=368640 | SPS=1285
update 190/390 | step=389120 | SPS=1283
[400016] Regime switch detected! 1 -> 0. Snapshotting anchor model.
update 200/390 | step=409600 | SPS=1284
update 210/390 | step=430080 | SPS=1282
update 220/390 | step=450560 | SPS=1279
update 230/390 | step=471040 | SPS=1276
update 240/390 | step=491520 | SPS=1275
[500016] Regime switch detected! 0 -> 1. Snapshotting anchor model.
update 250/390 | step=512000 | SPS=1277
update 260/390 | step=532480 | SPS=1277
update 270/390 | step=552960 | SPS=1279
update 280/390 | step=573440 | SPS=1279
update 290/390 | step=593920 | SPS=1279
[600016] Regime switch detected! 1 -> 0. Snapshotting anchor model.
update 300/390 | step=614400 | SPS=1282
update 310/390 | step=634880 | SPS=1283
update 320/390 | step=655360 | SPS=1282
update 330/390 | step=675840 | SPS=1279
update 340/390 | step=696320 | SPS=1277
[700016] Regime switch detected! 0 -> 1. Snapshotting anchor model.
update 350/390 | step=716800 | SPS=1275
update 360/390 | step=737280 | SPS=1271
update 370/390 | step=757760 | SPS=1269
update 380/390 | step=778240 | SPS=1267
update 390/390 | step=798720 | SPS=1267
Episode 40/60 | reward=4.1585 | avg10=3.5848 | avg_success_rate=0.9800 | steps=38 | time=633.2s
  [brain ckpt] runs/calib8x8_brain_neuromod_trainable_slow_long_seed3_20260702-041002/episode_40/brain_ep40.pt
update 10/390 | step=20480 | SPS=1261
update 20/390 | step=40960 | SPS=1228
update 30/390 | step=61440 | SPS=1230
update 40/390 | step=81920 | SPS=1242
[100016] Regime switch detected! 0 -> 1. Snapshotting anchor model.
update 50/390 | step=102400 | SPS=1253
update 60/390 | step=122880 | SPS=1249
update 70/390 | step=143360 | SPS=1243
update 80/390 | step=163840 | SPS=1243
update 90/390 | step=184320 | SPS=1241
[200016] Regime switch detected! 1 -> 0. Snapshotting anchor model.
update 100/390 | step=204800 | SPS=1244
update 110/390 | step=225280 | SPS=1247
update 120/390 | step=245760 | SPS=1253
update 130/390 | step=266240 | SPS=1256
update 140/390 | step=286720 | SPS=1258
[300016] Regime switch detected! 0 -> 1. Snapshotting anchor model.
update 150/390 | step=307200 | SPS=1259
update 160/390 | step=327680 | SPS=1263
update 170/390 | step=348160 | SPS=1260
update 180/390 | step=368640 | SPS=1255
update 190/390 | step=389120 | SPS=1253
[400016] Regime switch detected! 1 -> 0. Snapshotting anchor model.
update 200/390 | step=409600 | SPS=1250
update 210/390 | step=430080 | SPS=1251
update 220/390 | step=450560 | SPS=1251
update 230/390 | step=471040 | SPS=1252
update 240/390 | step=491520 | SPS=1252
[500016] Regime switch detected! 0 -> 1. Snapshotting anchor model.
update 250/390 | step=512000 | SPS=1249
update 260/390 | step=532480 | SPS=1249
update 270/390 | step=552960 | SPS=1249
update 280/390 | step=573440 | SPS=1249
update 290/390 | step=593920 | SPS=1249
[600016] Regime switch detected! 1 -> 0. Snapshotting anchor model.
update 300/390 | step=614400 | SPS=1247
update 310/390 | step=634880 | SPS=1248
update 320/390 | step=655360 | SPS=1250
update 330/390 | step=675840 | SPS=1252
update 340/390 | step=696320 | SPS=1254
[700016] Regime switch detected! 0 -> 1. Snapshotting anchor model.
update 350/390 | step=716800 | SPS=1256
update 360/390 | step=737280 | SPS=1258
update 370/390 | step=757760 | SPS=1260
update 380/390 | step=778240 | SPS=1260
update 390/390 | step=798720 | SPS=1258
Episode 41/60 | reward=3.9428 | avg10=3.5545 | avg_success_rate=0.9500 | steps=38 | time=638.0s
update 10/390 | step=20480 | SPS=1227
update 20/390 | step=40960 | SPS=1216
update 30/390 | step=61440 | SPS=1249
update 40/390 | step=81920 | SPS=1255
[100016] Regime switch detected! 0 -> 1. Snapshotting anchor model.
update 50/390 | step=102400 | SPS=1250
update 60/390 | step=122880 | SPS=1259
update 70/390 | step=143360 | SPS=1271
update 80/390 | step=163840 | SPS=1276
update 90/390 | step=184320 | SPS=1280
[200016] Regime switch detected! 1 -> 0. Snapshotting anchor model.
update 100/390 | step=204800 | SPS=1272
update 110/390 | step=225280 | SPS=1265
update 120/390 | step=245760 | SPS=1261
update 130/390 | step=266240 | SPS=1262
update 140/390 | step=286720 | SPS=1257
[300016] Regime switch detected! 0 -> 1. Snapshotting anchor model.
update 150/390 | step=307200 | SPS=1256
update 160/390 | step=327680 | SPS=1254
update 170/390 | step=348160 | SPS=1256
update 180/390 | step=368640 | SPS=1252
update 190/390 | step=389120 | SPS=1254
[400016] Regime switch detected! 1 -> 0. Snapshotting anchor model.
update 200/390 | step=409600 | SPS=1257
update 210/390 | step=430080 | SPS=1259
update 220/390 | step=450560 | SPS=1262
update 230/390 | step=471040 | SPS=1266
update 240/390 | step=491520 | SPS=1268
[500016] Regime switch detected! 0 -> 1. Snapshotting anchor model.
update 250/390 | step=512000 | SPS=1271
update 260/390 | step=532480 | SPS=1272
update 270/390 | step=552960 | SPS=1274
update 280/390 | step=573440 | SPS=1276
update 290/390 | step=593920 | SPS=1275
[600016] Regime switch detected! 1 -> 0. Snapshotting anchor model.
update 300/390 | step=614400 | SPS=1275
update 310/390 | step=634880 | SPS=1274
update 320/390 | step=655360 | SPS=1276
update 330/390 | step=675840 | SPS=1276
update 340/390 | step=696320 | SPS=1274
[700016] Regime switch detected! 0 -> 1. Snapshotting anchor model.
update 350/390 | step=716800 | SPS=1272
update 360/390 | step=737280 | SPS=1270
update 370/390 | step=757760 | SPS=1268
update 380/390 | step=778240 | SPS=1268
update 390/390 | step=798720 | SPS=1268
Episode 42/60 | reward=2.5913 | avg10=3.4689 | avg_success_rate=0.9900 | steps=38 | time=632.8s
update 10/390 | step=20480 | SPS=1266
update 20/390 | step=40960 | SPS=1277
update 30/390 | step=61440 | SPS=1297
update 40/390 | step=81920 | SPS=1301
[100016] Regime switch detected! 0 -> 1. Snapshotting anchor model.
update 50/390 | step=102400 | SPS=1315
update 60/390 | step=122880 | SPS=1315
update 70/390 | step=143360 | SPS=1320
update 80/390 | step=163840 | SPS=1318
update 90/390 | step=184320 | SPS=1309
[200016] Regime switch detected! 1 -> 0. Snapshotting anchor model.
update 100/390 | step=204800 | SPS=1298
update 110/390 | step=225280 | SPS=1300
update 120/390 | step=245760 | SPS=1301
update 130/390 | step=266240 | SPS=1303
update 140/390 | step=286720 | SPS=1304
[300016] Regime switch detected! 0 -> 1. Snapshotting anchor model.
update 150/390 | step=307200 | SPS=1303
update 160/390 | step=327680 | SPS=1305
update 170/390 | step=348160 | SPS=1306
update 180/390 | step=368640 | SPS=1306
update 190/390 | step=389120 | SPS=1304
[400016] Regime switch detected! 1 -> 0. Snapshotting anchor model.
update 200/390 | step=409600 | SPS=1305
update 210/390 | step=430080 | SPS=1305
update 220/390 | step=450560 | SPS=1306
update 230/390 | step=471040 | SPS=1307
update 240/390 | step=491520 | SPS=1309
[500016] Regime switch detected! 0 -> 1. Snapshotting anchor model.
update 250/390 | step=512000 | SPS=1310
update 260/390 | step=532480 | SPS=1308
update 270/390 | step=552960 | SPS=1310
update 280/390 | step=573440 | SPS=1310
update 290/390 | step=593920 | SPS=1311
[600016] Regime switch detected! 1 -> 0. Snapshotting anchor model.
update 300/390 | step=614400 | SPS=1311
update 310/390 | step=634880 | SPS=1307
update 320/390 | step=655360 | SPS=1306
update 330/390 | step=675840 | SPS=1302
update 340/390 | step=696320 | SPS=1298
[700016] Regime switch detected! 0 -> 1. Snapshotting anchor model.
update 350/390 | step=716800 | SPS=1297
update 360/390 | step=737280 | SPS=1295
update 370/390 | step=757760 | SPS=1293
update 380/390 | step=778240 | SPS=1291
update 390/390 | step=798720 | SPS=1290
Episode 43/60 | reward=4.3845 | avg10=3.5820 | avg_success_rate=0.9800 | steps=38 | time=622.0s
update 10/390 | step=20480 | SPS=1295
update 20/390 | step=40960 | SPS=1258
update 30/390 | step=61440 | SPS=1263
update 40/390 | step=81920 | SPS=1262
[100016] Regime switch detected! 0 -> 1. Snapshotting anchor model.
update 50/390 | step=102400 | SPS=1277
update 60/390 | step=122880 | SPS=1273
update 70/390 | step=143360 | SPS=1260
update 80/390 | step=163840 | SPS=1250
update 90/390 | step=184320 | SPS=1247
[200016] Regime switch detected! 1 -> 0. Snapshotting anchor model.
update 100/390 | step=204800 | SPS=1258
update 110/390 | step=225280 | SPS=1259
update 120/390 | step=245760 | SPS=1254
update 130/390 | step=266240 | SPS=1252
update 140/390 | step=286720 | SPS=1249
[300016] Regime switch detected! 0 -> 1. Snapshotting anchor model.
update 150/390 | step=307200 | SPS=1246
update 160/390 | step=327680 | SPS=1249
update 170/390 | step=348160 | SPS=1251
update 180/390 | step=368640 | SPS=1247
update 190/390 | step=389120 | SPS=1245
[400016] Regime switch detected! 1 -> 0. Snapshotting anchor model.
update 200/390 | step=409600 | SPS=1242
update 210/390 | step=430080 | SPS=1244
update 220/390 | step=450560 | SPS=1243
update 230/390 | step=471040 | SPS=1244
update 240/390 | step=491520 | SPS=1243
[500016] Regime switch detected! 0 -> 1. Snapshotting anchor model.
update 250/390 | step=512000 | SPS=1242
update 260/390 | step=532480 | SPS=1245
update 270/390 | step=552960 | SPS=1248
update 280/390 | step=573440 | SPS=1249
update 290/390 | step=593920 | SPS=1248
[600016] Regime switch detected! 1 -> 0. Snapshotting anchor model.
update 300/390 | step=614400 | SPS=1247
update 310/390 | step=634880 | SPS=1245
update 320/390 | step=655360 | SPS=1246
update 330/390 | step=675840 | SPS=1248
update 340/390 | step=696320 | SPS=1249
[700016] Regime switch detected! 0 -> 1. Snapshotting anchor model.
update 350/390 | step=716800 | SPS=1250
update 360/390 | step=737280 | SPS=1249
update 370/390 | step=757760 | SPS=1249
update 380/390 | step=778240 | SPS=1251
update 390/390 | step=798720 | SPS=1252
Episode 44/60 | reward=5.0086 | avg10=3.7508 | avg_success_rate=0.9400 | steps=38 | time=640.7s
update 10/390 | step=20480 | SPS=1270
update 20/390 | step=40960 | SPS=1251
update 30/390 | step=61440 | SPS=1240
update 40/390 | step=81920 | SPS=1233
[100016] Regime switch detected! 0 -> 1. Snapshotting anchor model.
update 50/390 | step=102400 | SPS=1249
update 60/390 | step=122880 | SPS=1240
update 70/390 | step=143360 | SPS=1245
update 80/390 | step=163840 | SPS=1240
update 90/390 | step=184320 | SPS=1241
[200016] Regime switch detected! 1 -> 0. Snapshotting anchor model.
update 100/390 | step=204800 | SPS=1243
update 110/390 | step=225280 | SPS=1244
update 120/390 | step=245760 | SPS=1246
update 130/390 | step=266240 | SPS=1251
update 140/390 | step=286720 | SPS=1248
[300016] Regime switch detected! 0 -> 1. Snapshotting anchor model.
update 150/390 | step=307200 | SPS=1254
update 160/390 | step=327680 | SPS=1257
update 170/390 | step=348160 | SPS=1261
update 180/390 | step=368640 | SPS=1263
update 190/390 | step=389120 | SPS=1267
[400016] Regime switch detected! 1 -> 0. Snapshotting anchor model.
update 200/390 | step=409600 | SPS=1268
update 210/390 | step=430080 | SPS=1268
update 220/390 | step=450560 | SPS=1266
update 230/390 | step=471040 | SPS=1262
update 240/390 | step=491520 | SPS=1263
[500016] Regime switch detected! 0 -> 1. Snapshotting anchor model.
update 250/390 | step=512000 | SPS=1260
update 260/390 | step=532480 | SPS=1258
update 270/390 | step=552960 | SPS=1261
update 280/390 | step=573440 | SPS=1262
update 290/390 | step=593920 | SPS=1262
[600016] Regime switch detected! 1 -> 0. Snapshotting anchor model.
update 300/390 | step=614400 | SPS=1261
update 310/390 | step=634880 | SPS=1259
update 320/390 | step=655360 | SPS=1261
update 330/390 | step=675840 | SPS=1261
update 340/390 | step=696320 | SPS=1263
[700016] Regime switch detected! 0 -> 1. Snapshotting anchor model.
update 350/390 | step=716800 | SPS=1261
update 360/390 | step=737280 | SPS=1259
update 370/390 | step=757760 | SPS=1257
update 380/390 | step=778240 | SPS=1257
update 390/390 | step=798720 | SPS=1257
Episode 45/60 | reward=3.9298 | avg10=3.9087 | avg_success_rate=0.9400 | steps=38 | time=638.2s
  [brain ckpt] runs/calib8x8_brain_neuromod_trainable_slow_long_seed3_20260702-041002/episode_45/brain_ep45.pt
update 10/390 | step=20480 | SPS=1270
update 20/390 | step=40960 | SPS=1268
update 30/390 | step=61440 | SPS=1244
update 40/390 | step=81920 | SPS=1236
[100016] Regime switch detected! 0 -> 1. Snapshotting anchor model.
update 50/390 | step=102400 | SPS=1235
update 60/390 | step=122880 | SPS=1242
update 70/390 | step=143360 | SPS=1244
update 80/390 | step=163840 | SPS=1243
update 90/390 | step=184320 | SPS=1252
[200016] Regime switch detected! 1 -> 0. Snapshotting anchor model.
update 100/390 | step=204800 | SPS=1257
update 110/390 | step=225280 | SPS=1259
update 120/390 | step=245760 | SPS=1264
update 130/390 | step=266240 | SPS=1270
update 140/390 | step=286720 | SPS=1272
[300016] Regime switch detected! 0 -> 1. Snapshotting anchor model.
update 150/390 | step=307200 | SPS=1277
update 160/390 | step=327680 | SPS=1280
update 170/390 | step=348160 | SPS=1278
update 180/390 | step=368640 | SPS=1279
update 190/390 | step=389120 | SPS=1281
[400016] Regime switch detected! 1 -> 0. Snapshotting anchor model.
update 200/390 | step=409600 | SPS=1283
update 210/390 | step=430080 | SPS=1283
update 220/390 | step=450560 | SPS=1282
update 230/390 | step=471040 | SPS=1283
update 240/390 | step=491520 | SPS=1282
[500016] Regime switch detected! 0 -> 1. Snapshotting anchor model.
update 250/390 | step=512000 | SPS=1279
update 260/390 | step=532480 | SPS=1275
update 270/390 | step=552960 | SPS=1273
update 280/390 | step=573440 | SPS=1272
update 290/390 | step=593920 | SPS=1275
[600016] Regime switch detected! 1 -> 0. Snapshotting anchor model.
update 300/390 | step=614400 | SPS=1273
update 310/390 | step=634880 | SPS=1274
update 320/390 | step=655360 | SPS=1275
update 330/390 | step=675840 | SPS=1275
update 340/390 | step=696320 | SPS=1274
[700016] Regime switch detected! 0 -> 1. Snapshotting anchor model.
update 350/390 | step=716800 | SPS=1272
update 360/390 | step=737280 | SPS=1271
update 370/390 | step=757760 | SPS=1268
update 380/390 | step=778240 | SPS=1267
update 390/390 | step=798720 | SPS=1266
Episode 46/60 | reward=4.0856 | avg10=3.9827 | avg_success_rate=0.9600 | steps=38 | time=633.8s
update 10/390 | step=20480 | SPS=1295
update 20/390 | step=40960 | SPS=1248
update 30/390 | step=61440 | SPS=1236
update 40/390 | step=81920 | SPS=1234
[100016] Regime switch detected! 0 -> 1. Snapshotting anchor model.
update 50/390 | step=102400 | SPS=1236
update 60/390 | step=122880 | SPS=1229
update 70/390 | step=143360 | SPS=1226
update 80/390 | step=163840 | SPS=1224
update 90/390 | step=184320 | SPS=1222
[200016] Regime switch detected! 1 -> 0. Snapshotting anchor model.
update 100/390 | step=204800 | SPS=1218
update 110/390 | step=225280 | SPS=1218
update 120/390 | step=245760 | SPS=1218
update 130/390 | step=266240 | SPS=1225
update 140/390 | step=286720 | SPS=1231
[300016] Regime switch detected! 0 -> 1. Snapshotting anchor model.
update 150/390 | step=307200 | SPS=1239
update 160/390 | step=327680 | SPS=1244
update 170/390 | step=348160 | SPS=1247
update 180/390 | step=368640 | SPS=1249
update 190/390 | step=389120 | SPS=1251
[400016] Regime switch detected! 1 -> 0. Snapshotting anchor model.
update 200/390 | step=409600 | SPS=1252
update 210/390 | step=430080 | SPS=1247
update 220/390 | step=450560 | SPS=1247
update 230/390 | step=471040 | SPS=1246
update 240/390 | step=491520 | SPS=1247
[500016] Regime switch detected! 0 -> 1. Snapshotting anchor model.
update 250/390 | step=512000 | SPS=1248
update 260/390 | step=532480 | SPS=1245
update 270/390 | step=552960 | SPS=1246
update 280/390 | step=573440 | SPS=1249
update 290/390 | step=593920 | SPS=1249
[600016] Regime switch detected! 1 -> 0. Snapshotting anchor model.
update 300/390 | step=614400 | SPS=1250
update 310/390 | step=634880 | SPS=1249
update 320/390 | step=655360 | SPS=1251
update 330/390 | step=675840 | SPS=1253
update 340/390 | step=696320 | SPS=1252
[700016] Regime switch detected! 0 -> 1. Snapshotting anchor model.
update 350/390 | step=716800 | SPS=1251
update 360/390 | step=737280 | SPS=1253
update 370/390 | step=757760 | SPS=1253
update 380/390 | step=778240 | SPS=1252
update 390/390 | step=798720 | SPS=1253
Episode 47/60 | reward=4.0481 | avg10=4.0359 | avg_success_rate=1.0000 | steps=38 | time=640.1s
update 10/390 | step=20480 | SPS=1280
update 20/390 | step=40960 | SPS=1250
update 30/390 | step=61440 | SPS=1245
update 40/390 | step=81920 | SPS=1244
[100016] Regime switch detected! 0 -> 1. Snapshotting anchor model.
update 50/390 | step=102400 | SPS=1256
update 60/390 | step=122880 | SPS=1254
update 70/390 | step=143360 | SPS=1250
update 80/390 | step=163840 | SPS=1246
update 90/390 | step=184320 | SPS=1241
[200016] Regime switch detected! 1 -> 0. Snapshotting anchor model.
update 100/390 | step=204800 | SPS=1235
update 110/390 | step=225280 | SPS=1233
update 120/390 | step=245760 | SPS=1236
update 130/390 | step=266240 | SPS=1234
update 140/390 | step=286720 | SPS=1238
[300016] Regime switch detected! 0 -> 1. Snapshotting anchor model.
update 150/390 | step=307200 | SPS=1245
update 160/390 | step=327680 | SPS=1249
update 170/390 | step=348160 | SPS=1253
update 180/390 | step=368640 | SPS=1254
update 190/390 | step=389120 | SPS=1258
[400016] Regime switch detected! 1 -> 0. Snapshotting anchor model.
update 200/390 | step=409600 | SPS=1254
update 210/390 | step=430080 | SPS=1251
update 220/390 | step=450560 | SPS=1250
update 230/390 | step=471040 | SPS=1252
update 240/390 | step=491520 | SPS=1253
[500016] Regime switch detected! 0 -> 1. Snapshotting anchor model.
update 250/390 | step=512000 | SPS=1256
update 260/390 | step=532480 | SPS=1257
update 270/390 | step=552960 | SPS=1260
update 280/390 | step=573440 | SPS=1260
update 290/390 | step=593920 | SPS=1263
[600016] Regime switch detected! 1 -> 0. Snapshotting anchor model.
update 300/390 | step=614400 | SPS=1265
update 310/390 | step=634880 | SPS=1268
update 320/390 | step=655360 | SPS=1270
update 330/390 | step=675840 | SPS=1272
update 340/390 | step=696320 | SPS=1273
[700016] Regime switch detected! 0 -> 1. Snapshotting anchor model.
update 350/390 | step=716800 | SPS=1274
update 360/390 | step=737280 | SPS=1275
update 370/390 | step=757760 | SPS=1274
update 380/390 | step=778240 | SPS=1273
update 390/390 | step=798720 | SPS=1272
Episode 48/60 | reward=3.2501 | avg10=3.9336 | avg_success_rate=0.9600 | steps=38 | time=630.7s
update 10/390 | step=20480 | SPS=1272
update 20/390 | step=40960 | SPS=1282
update 30/390 | step=61440 | SPS=1263
update 40/390 | step=81920 | SPS=1257
[100016] Regime switch detected! 0 -> 1. Snapshotting anchor model.
update 50/390 | step=102400 | SPS=1278
update 60/390 | step=122880 | SPS=1283
update 70/390 | step=143360 | SPS=1293
update 80/390 | step=163840 | SPS=1295
update 90/390 | step=184320 | SPS=1296
[200016] Regime switch detected! 1 -> 0. Snapshotting anchor model.
update 100/390 | step=204800 | SPS=1289
update 110/390 | step=225280 | SPS=1283
update 120/390 | step=245760 | SPS=1278
update 130/390 | step=266240 | SPS=1275
update 140/390 | step=286720 | SPS=1271
[300016] Regime switch detected! 0 -> 1. Snapshotting anchor model.
update 150/390 | step=307200 | SPS=1274
update 160/390 | step=327680 | SPS=1276
update 170/390 | step=348160 | SPS=1278
update 180/390 | step=368640 | SPS=1280
update 190/390 | step=389120 | SPS=1283
[400016] Regime switch detected! 1 -> 0. Snapshotting anchor model.
update 200/390 | step=409600 | SPS=1284
update 210/390 | step=430080 | SPS=1284
update 220/390 | step=450560 | SPS=1285
update 230/390 | step=471040 | SPS=1284
update 240/390 | step=491520 | SPS=1287
[500016] Regime switch detected! 0 -> 1. Snapshotting anchor model.
update 250/390 | step=512000 | SPS=1287
update 260/390 | step=532480 | SPS=1284
update 270/390 | step=552960 | SPS=1284
update 280/390 | step=573440 | SPS=1284
update 290/390 | step=593920 | SPS=1287
[600016] Regime switch detected! 1 -> 0. Snapshotting anchor model.
update 300/390 | step=614400 | SPS=1286
update 310/390 | step=634880 | SPS=1287
update 320/390 | step=655360 | SPS=1287
update 330/390 | step=675840 | SPS=1289
update 340/390 | step=696320 | SPS=1289
[700016] Regime switch detected! 0 -> 1. Snapshotting anchor model.
update 350/390 | step=716800 | SPS=1291
update 360/390 | step=737280 | SPS=1289
update 370/390 | step=757760 | SPS=1287
update 380/390 | step=778240 | SPS=1285
update 390/390 | step=798720 | SPS=1284
Episode 49/60 | reward=4.1873 | avg10=3.9587 | avg_success_rate=0.9600 | steps=38 | time=625.1s
update 10/390 | step=20480 | SPS=1241
update 20/390 | step=40960 | SPS=1252
update 30/390 | step=61440 | SPS=1244
update 40/390 | step=81920 | SPS=1243
[100016] Regime switch detected! 0 -> 1. Snapshotting anchor model.
update 50/390 | step=102400 | SPS=1261
update 60/390 | step=122880 | SPS=1268
update 70/390 | step=143360 | SPS=1270
update 80/390 | step=163840 | SPS=1269
update 90/390 | step=184320 | SPS=1262
[200016] Regime switch detected! 1 -> 0. Snapshotting anchor model.
update 100/390 | step=204800 | SPS=1263
update 110/390 | step=225280 | SPS=1258
update 120/390 | step=245760 | SPS=1264
update 130/390 | step=266240 | SPS=1266
update 140/390 | step=286720 | SPS=1261
[300016] Regime switch detected! 0 -> 1. Snapshotting anchor model.
update 150/390 | step=307200 | SPS=1258
update 160/390 | step=327680 | SPS=1253
update 170/390 | step=348160 | SPS=1250
update 180/390 | step=368640 | SPS=1252
update 190/390 | step=389120 | SPS=1257
[400016] Regime switch detected! 1 -> 0. Snapshotting anchor model.
update 200/390 | step=409600 | SPS=1259
update 210/390 | step=430080 | SPS=1261
update 220/390 | step=450560 | SPS=1265
update 230/390 | step=471040 | SPS=1267
update 240/390 | step=491520 | SPS=1266
[500016] Regime switch detected! 0 -> 1. Snapshotting anchor model.
update 250/390 | step=512000 | SPS=1269
update 260/390 | step=532480 | SPS=1270
update 270/390 | step=552960 | SPS=1272
update 280/390 | step=573440 | SPS=1273
update 290/390 | step=593920 | SPS=1274
[600016] Regime switch detected! 1 -> 0. Snapshotting anchor model.
update 300/390 | step=614400 | SPS=1275
update 310/390 | step=634880 | SPS=1277
update 320/390 | step=655360 | SPS=1276
update 330/390 | step=675840 | SPS=1273
update 340/390 | step=696320 | SPS=1273
[700016] Regime switch detected! 0 -> 1. Snapshotting anchor model.
update 350/390 | step=716800 | SPS=1270
update 360/390 | step=737280 | SPS=1270
update 370/390 | step=757760 | SPS=1270
update 380/390 | step=778240 | SPS=1269
update 390/390 | step=798720 | SPS=1267
Episode 50/60 | reward=3.3397 | avg10=3.8768 | avg_success_rate=0.9900 | steps=38 | time=633.3s
  [brain ckpt] runs/calib8x8_brain_neuromod_trainable_slow_long_seed3_20260702-041002/episode_50/brain_ep50.pt
update 10/390 | step=20480 | SPS=1219
update 20/390 | step=40960 | SPS=1278
update 30/390 | step=61440 | SPS=1281
update 40/390 | step=81920 | SPS=1283
[100016] Regime switch detected! 0 -> 1. Snapshotting anchor model.
update 50/390 | step=102400 | SPS=1295
update 60/390 | step=122880 | SPS=1289
update 70/390 | step=143360 | SPS=1298
update 80/390 | step=163840 | SPS=1300
update 90/390 | step=184320 | SPS=1301
[200016] Regime switch detected! 1 -> 0. Snapshotting anchor model.
update 100/390 | step=204800 | SPS=1299
update 110/390 | step=225280 | SPS=1301
update 120/390 | step=245760 | SPS=1302
update 130/390 | step=266240 | SPS=1296
update 140/390 | step=286720 | SPS=1291
[300016] Regime switch detected! 0 -> 1. Snapshotting anchor model.
update 150/390 | step=307200 | SPS=1288
update 160/390 | step=327680 | SPS=1291
update 170/390 | step=348160 | SPS=1294
update 180/390 | step=368640 | SPS=1293
update 190/390 | step=389120 | SPS=1294
[400016] Regime switch detected! 1 -> 0. Snapshotting anchor model.
update 200/390 | step=409600 | SPS=1293
update 210/390 | step=430080 | SPS=1292
update 220/390 | step=450560 | SPS=1293
update 230/390 | step=471040 | SPS=1290
update 240/390 | step=491520 | SPS=1287
[500016] Regime switch detected! 0 -> 1. Snapshotting anchor model.
update 250/390 | step=512000 | SPS=1287
update 260/390 | step=532480 | SPS=1288
update 270/390 | step=552960 | SPS=1289
update 280/390 | step=573440 | SPS=1286
update 290/390 | step=593920 | SPS=1283
[600016] Regime switch detected! 1 -> 0. Snapshotting anchor model.
update 300/390 | step=614400 | SPS=1281
update 310/390 | step=634880 | SPS=1281
update 320/390 | step=655360 | SPS=1279
update 330/390 | step=675840 | SPS=1276
update 340/390 | step=696320 | SPS=1274
[700016] Regime switch detected! 0 -> 1. Snapshotting anchor model.
update 350/390 | step=716800 | SPS=1275
update 360/390 | step=737280 | SPS=1275
update 370/390 | step=757760 | SPS=1273
update 380/390 | step=778240 | SPS=1272
update 390/390 | step=798720 | SPS=1273
Episode 51/60 | reward=3.2932 | avg10=3.8118 | avg_success_rate=0.9800 | steps=38 | time=630.3s
update 10/390 | step=20480 | SPS=1289
update 20/390 | step=40960 | SPS=1251
update 30/390 | step=61440 | SPS=1240
update 40/390 | step=81920 | SPS=1233
[100016] Regime switch detected! 0 -> 1. Snapshotting anchor model.
update 50/390 | step=102400 | SPS=1245
update 60/390 | step=122880 | SPS=1233
update 70/390 | step=143360 | SPS=1228
update 80/390 | step=163840 | SPS=1224
update 90/390 | step=184320 | SPS=1223
[200016] Regime switch detected! 1 -> 0. Snapshotting anchor model.
update 100/390 | step=204800 | SPS=1222
update 110/390 | step=225280 | SPS=1224
update 120/390 | step=245760 | SPS=1228
update 130/390 | step=266240 | SPS=1234
update 140/390 | step=286720 | SPS=1229
[300016] Regime switch detected! 0 -> 1. Snapshotting anchor model.
update 150/390 | step=307200 | SPS=1230
update 160/390 | step=327680 | SPS=1236
update 170/390 | step=348160 | SPS=1238
update 180/390 | step=368640 | SPS=1243
update 190/390 | step=389120 | SPS=1247
[400016] Regime switch detected! 1 -> 0. Snapshotting anchor model.
update 200/390 | step=409600 | SPS=1251
update 210/390 | step=430080 | SPS=1253
update 220/390 | step=450560 | SPS=1257
update 230/390 | step=471040 | SPS=1256
update 240/390 | step=491520 | SPS=1254
[500016] Regime switch detected! 0 -> 1. Snapshotting anchor model.
update 250/390 | step=512000 | SPS=1252
update 260/390 | step=532480 | SPS=1250
update 270/390 | step=552960 | SPS=1253
update 280/390 | step=573440 | SPS=1255
update 290/390 | step=593920 | SPS=1257
[600016] Regime switch detected! 1 -> 0. Snapshotting anchor model.
update 300/390 | step=614400 | SPS=1260
update 310/390 | step=634880 | SPS=1262
update 320/390 | step=655360 | SPS=1262
update 330/390 | step=675840 | SPS=1264
update 340/390 | step=696320 | SPS=1265
[700016] Regime switch detected! 0 -> 1. Snapshotting anchor model.
update 350/390 | step=716800 | SPS=1268
update 360/390 | step=737280 | SPS=1266
update 370/390 | step=757760 | SPS=1264
update 380/390 | step=778240 | SPS=1262
update 390/390 | step=798720 | SPS=1262
Episode 52/60 | reward=3.7769 | avg10=3.9304 | avg_success_rate=0.8900 | steps=38 | time=635.9s
update 10/390 | step=20480 | SPS=1292
update 20/390 | step=40960 | SPS=1267
update 30/390 | step=61440 | SPS=1266
update 40/390 | step=81920 | SPS=1268
[100016] Regime switch detected! 0 -> 1. Snapshotting anchor model.
update 50/390 | step=102400 | SPS=1267
update 60/390 | step=122880 | SPS=1261
update 70/390 | step=143360 | SPS=1261
update 80/390 | step=163840 | SPS=1259
update 90/390 | step=184320 | SPS=1258
[200016] Regime switch detected! 1 -> 0. Snapshotting anchor model.
update 100/390 | step=204800 | SPS=1259
update 110/390 | step=225280 | SPS=1257
update 120/390 | step=245760 | SPS=1259
update 130/390 | step=266240 | SPS=1266
update 140/390 | step=286720 | SPS=1269
[300016] Regime switch detected! 0 -> 1. Snapshotting anchor model.
update 150/390 | step=307200 | SPS=1275
update 160/390 | step=327680 | SPS=1277
update 170/390 | step=348160 | SPS=1272
update 180/390 | step=368640 | SPS=1267
update 190/390 | step=389120 | SPS=1264
[400016] Regime switch detected! 1 -> 0. Snapshotting anchor model.
update 200/390 | step=409600 | SPS=1261
update 210/390 | step=430080 | SPS=1262
update 220/390 | step=450560 | SPS=1266
update 230/390 | step=471040 | SPS=1263
update 240/390 | step=491520 | SPS=1260
[500016] Regime switch detected! 0 -> 1. Snapshotting anchor model.
update 250/390 | step=512000 | SPS=1259
update 260/390 | step=532480 | SPS=1259
update 270/390 | step=552960 | SPS=1261
update 280/390 | step=573440 | SPS=1263
update 290/390 | step=593920 | SPS=1265
[600016] Regime switch detected! 1 -> 0. Snapshotting anchor model.
update 300/390 | step=614400 | SPS=1268
update 310/390 | step=634880 | SPS=1269
update 320/390 | step=655360 | SPS=1268
update 330/390 | step=675840 | SPS=1268
update 340/390 | step=696320 | SPS=1265
[700016] Regime switch detected! 0 -> 1. Snapshotting anchor model.
update 350/390 | step=716800 | SPS=1263
update 360/390 | step=737280 | SPS=1264
update 370/390 | step=757760 | SPS=1264
update 380/390 | step=778240 | SPS=1265
update 390/390 | step=798720 | SPS=1265
Episode 53/60 | reward=3.0910 | avg10=3.8010 | avg_success_rate=0.9500 | steps=38 | time=634.2s
update 10/390 | step=20480 | SPS=1253
update 20/390 | step=40960 | SPS=1250
update 30/390 | step=61440 | SPS=1247
update 40/390 | step=81920 | SPS=1250
[100016] Regime switch detected! 0 -> 1. Snapshotting anchor model.
update 50/390 | step=102400 | SPS=1255
update 60/390 | step=122880 | SPS=1241
update 70/390 | step=143360 | SPS=1237
update 80/390 | step=163840 | SPS=1235
update 90/390 | step=184320 | SPS=1242
[200016] Regime switch detected! 1 -> 0. Snapshotting anchor model.
update 100/390 | step=204800 | SPS=1236
update 110/390 | step=225280 | SPS=1234
update 120/390 | step=245760 | SPS=1235
update 130/390 | step=266240 | SPS=1237
update 140/390 | step=286720 | SPS=1242
[300016] Regime switch detected! 0 -> 1. Snapshotting anchor model.
update 150/390 | step=307200 | SPS=1246
update 160/390 | step=327680 | SPS=1251
update 170/390 | step=348160 | SPS=1254
update 180/390 | step=368640 | SPS=1256
update 190/390 | step=389120 | SPS=1260
[400016] Regime switch detected! 1 -> 0. Snapshotting anchor model.
update 200/390 | step=409600 | SPS=1262
update 210/390 | step=430080 | SPS=1263
update 220/390 | step=450560 | SPS=1263
update 230/390 | step=471040 | SPS=1265
update 240/390 | step=491520 | SPS=1268
[500016] Regime switch detected! 0 -> 1. Snapshotting anchor model.
update 250/390 | step=512000 | SPS=1271
update 260/390 | step=532480 | SPS=1269
update 270/390 | step=552960 | SPS=1268
update 280/390 | step=573440 | SPS=1266
update 290/390 | step=593920 | SPS=1265
[600016] Regime switch detected! 1 -> 0. Snapshotting anchor model.
update 300/390 | step=614400 | SPS=1266
update 310/390 | step=634880 | SPS=1268
update 320/390 | step=655360 | SPS=1270
update 330/390 | step=675840 | SPS=1270
update 340/390 | step=696320 | SPS=1268
[700016] Regime switch detected! 0 -> 1. Snapshotting anchor model.
update 350/390 | step=716800 | SPS=1266
update 360/390 | step=737280 | SPS=1265
update 370/390 | step=757760 | SPS=1264
update 380/390 | step=778240 | SPS=1263
update 390/390 | step=798720 | SPS=1263
Episode 54/60 | reward=2.4509 | avg10=3.5453 | avg_success_rate=0.8800 | steps=38 | time=635.2s
update 10/390 | step=20480 | SPS=1335
update 20/390 | step=40960 | SPS=1300
update 30/390 | step=61440 | SPS=1295
update 40/390 | step=81920 | SPS=1302
[100016] Regime switch detected! 0 -> 1. Snapshotting anchor model.
update 50/390 | step=102400 | SPS=1288
update 60/390 | step=122880 | SPS=1273
update 70/390 | step=143360 | SPS=1281
update 80/390 | step=163840 | SPS=1285
update 90/390 | step=184320 | SPS=1288
[200016] Regime switch detected! 1 -> 0. Snapshotting anchor model.
update 100/390 | step=204800 | SPS=1289
update 110/390 | step=225280 | SPS=1291
update 120/390 | step=245760 | SPS=1291
update 130/390 | step=266240 | SPS=1295
update 140/390 | step=286720 | SPS=1288
[300016] Regime switch detected! 0 -> 1. Snapshotting anchor model.
update 150/390 | step=307200 | SPS=1285
update 160/390 | step=327680 | SPS=1279
update 170/390 | step=348160 | SPS=1274
update 180/390 | step=368640 | SPS=1269
update 190/390 | step=389120 | SPS=1266
[400016] Regime switch detected! 1 -> 0. Snapshotting anchor model.
update 200/390 | step=409600 | SPS=1267
update 210/390 | step=430080 | SPS=1262
update 220/390 | step=450560 | SPS=1261
update 230/390 | step=471040 | SPS=1263
update 240/390 | step=491520 | SPS=1266
[500016] Regime switch detected! 0 -> 1. Snapshotting anchor model.
update 250/390 | step=512000 | SPS=1266
update 260/390 | step=532480 | SPS=1263
update 270/390 | step=552960 | SPS=1261
update 280/390 | step=573440 | SPS=1260
update 290/390 | step=593920 | SPS=1258
[600016] Regime switch detected! 1 -> 0. Snapshotting anchor model.
update 300/390 | step=614400 | SPS=1259
update 310/390 | step=634880 | SPS=1259
update 320/390 | step=655360 | SPS=1259
update 330/390 | step=675840 | SPS=1260
update 340/390 | step=696320 | SPS=1262
[700016] Regime switch detected! 0 -> 1. Snapshotting anchor model.
update 350/390 | step=716800 | SPS=1263
update 360/390 | step=737280 | SPS=1262
update 370/390 | step=757760 | SPS=1261
update 380/390 | step=778240 | SPS=1260
update 390/390 | step=798720 | SPS=1259
Episode 55/60 | reward=3.2481 | avg10=3.4771 | avg_success_rate=0.9500 | steps=38 | time=637.3s
  [brain ckpt] runs/calib8x8_brain_neuromod_trainable_slow_long_seed3_20260702-041002/episode_55/brain_ep55.pt
update 10/390 | step=20480 | SPS=1245
update 20/390 | step=40960 | SPS=1244
update 30/390 | step=61440 | SPS=1228
update 40/390 | step=81920 | SPS=1231
[100016] Regime switch detected! 0 -> 1. Snapshotting anchor model.
update 50/390 | step=102400 | SPS=1225
update 60/390 | step=122880 | SPS=1236
update 70/390 | step=143360 | SPS=1239
update 80/390 | step=163840 | SPS=1250
update 90/390 | step=184320 | SPS=1243
[200016] Regime switch detected! 1 -> 0. Snapshotting anchor model.
update 100/390 | step=204800 | SPS=1245
update 110/390 | step=225280 | SPS=1245
update 120/390 | step=245760 | SPS=1244
update 130/390 | step=266240 | SPS=1245
update 140/390 | step=286720 | SPS=1243
[300016] Regime switch detected! 0 -> 1. Snapshotting anchor model.
update 150/390 | step=307200 | SPS=1239
update 160/390 | step=327680 | SPS=1242
update 170/390 | step=348160 | SPS=1243
update 180/390 | step=368640 | SPS=1241
update 190/390 | step=389120 | SPS=1239
[400016] Regime switch detected! 1 -> 0. Snapshotting anchor model.
update 200/390 | step=409600 | SPS=1236
update 210/390 | step=430080 | SPS=1237
update 220/390 | step=450560 | SPS=1240
update 230/390 | step=471040 | SPS=1241
update 240/390 | step=491520 | SPS=1240
[500016] Regime switch detected! 0 -> 1. Snapshotting anchor model.
update 250/390 | step=512000 | SPS=1238
update 260/390 | step=532480 | SPS=1237
update 270/390 | step=552960 | SPS=1236
update 280/390 | step=573440 | SPS=1236
update 290/390 | step=593920 | SPS=1236
[600016] Regime switch detected! 1 -> 0. Snapshotting anchor model.
update 300/390 | step=614400 | SPS=1238
update 310/390 | step=634880 | SPS=1238
update 320/390 | step=655360 | SPS=1239
update 330/390 | step=675840 | SPS=1242
update 340/390 | step=696320 | SPS=1244
[700016] Regime switch detected! 0 -> 1. Snapshotting anchor model.
update 350/390 | step=716800 | SPS=1244
update 360/390 | step=737280 | SPS=1246
update 370/390 | step=757760 | SPS=1247
update 380/390 | step=778240 | SPS=1249
update 390/390 | step=798720 | SPS=1250
Episode 56/60 | reward=2.6053 | avg10=3.3291 | avg_success_rate=0.8500 | steps=38 | time=641.6s
update 10/390 | step=20480 | SPS=1395
update 20/390 | step=40960 | SPS=1369
update 30/390 | step=61440 | SPS=1337
update 40/390 | step=81920 | SPS=1334
[100016] Regime switch detected! 0 -> 1. Snapshotting anchor model.
update 50/390 | step=102400 | SPS=1304
update 60/390 | step=122880 | SPS=1287
update 70/390 | step=143360 | SPS=1273
update 80/390 | step=163840 | SPS=1266
update 90/390 | step=184320 | SPS=1258
[200016] Regime switch detected! 1 -> 0. Snapshotting anchor model.
update 100/390 | step=204800 | SPS=1263
update 110/390 | step=225280 | SPS=1269
update 120/390 | step=245760 | SPS=1266
update 130/390 | step=266240 | SPS=1261
update 140/390 | step=286720 | SPS=1258
[300016] Regime switch detected! 0 -> 1. Snapshotting anchor model.
update 150/390 | step=307200 | SPS=1255
update 160/390 | step=327680 | SPS=1251
update 170/390 | step=348160 | SPS=1253
update 180/390 | step=368640 | SPS=1257
update 190/390 | step=389120 | SPS=1259
[400016] Regime switch detected! 1 -> 0. Snapshotting anchor model.
update 200/390 | step=409600 | SPS=1259
update 210/390 | step=430080 | SPS=1254
update 220/390 | step=450560 | SPS=1250
update 230/390 | step=471040 | SPS=1248
update 240/390 | step=491520 | SPS=1249
[500016] Regime switch detected! 0 -> 1. Snapshotting anchor model.
update 250/390 | step=512000 | SPS=1246
update 260/390 | step=532480 | SPS=1246
update 270/390 | step=552960 | SPS=1248
update 280/390 | step=573440 | SPS=1246
update 290/390 | step=593920 | SPS=1247
[600016] Regime switch detected! 1 -> 0. Snapshotting anchor model.
update 300/390 | step=614400 | SPS=1247
update 310/390 | step=634880 | SPS=1248
update 320/390 | step=655360 | SPS=1248
update 330/390 | step=675840 | SPS=1249
update 340/390 | step=696320 | SPS=1252
[700016] Regime switch detected! 0 -> 1. Snapshotting anchor model.
update 350/390 | step=716800 | SPS=1253
update 360/390 | step=737280 | SPS=1253
update 370/390 | step=757760 | SPS=1253
update 380/390 | step=778240 | SPS=1254
update 390/390 | step=798720 | SPS=1254
Episode 57/60 | reward=-2.7045 | avg10=2.6538 | avg_success_rate=0.1500 | steps=38 | time=639.7s
update 10/390 | step=20480 | SPS=1261
update 20/390 | step=40960 | SPS=1251
update 30/390 | step=61440 | SPS=1249
update 40/390 | step=81920 | SPS=1270
[100016] Regime switch detected! 0 -> 1. Snapshotting anchor model.
update 50/390 | step=102400 | SPS=1269
update 60/390 | step=122880 | SPS=1278
update 70/390 | step=143360 | SPS=1281
update 80/390 | step=163840 | SPS=1287
update 90/390 | step=184320 | SPS=1291
[200016] Regime switch detected! 1 -> 0. Snapshotting anchor model.
update 100/390 | step=204800 | SPS=1293
update 110/390 | step=225280 | SPS=1289
update 120/390 | step=245760 | SPS=1287
update 130/390 | step=266240 | SPS=1285
update 140/390 | step=286720 | SPS=1281
[300016] Regime switch detected! 0 -> 1. Snapshotting anchor model.
update 150/390 | step=307200 | SPS=1278
update 160/390 | step=327680 | SPS=1279
update 170/390 | step=348160 | SPS=1283
update 180/390 | step=368640 | SPS=1286
update 190/390 | step=389120 | SPS=1287
[400016] Regime switch detected! 1 -> 0. Snapshotting anchor model.
update 200/390 | step=409600 | SPS=1282
update 210/390 | step=430080 | SPS=1281
update 220/390 | step=450560 | SPS=1280
update 230/390 | step=471040 | SPS=1278
update 240/390 | step=491520 | SPS=1280
[500016] Regime switch detected! 0 -> 1. Snapshotting anchor model.
update 250/390 | step=512000 | SPS=1280
update 260/390 | step=532480 | SPS=1280
update 270/390 | step=552960 | SPS=1281
update 280/390 | step=573440 | SPS=1282
update 290/390 | step=593920 | SPS=1282
[600016] Regime switch detected! 1 -> 0. Snapshotting anchor model.
update 300/390 | step=614400 | SPS=1282
update 310/390 | step=634880 | SPS=1282
update 320/390 | step=655360 | SPS=1282
update 330/390 | step=675840 | SPS=1282
update 340/390 | step=696320 | SPS=1281
[700016] Regime switch detected! 0 -> 1. Snapshotting anchor model.
update 350/390 | step=716800 | SPS=1280
update 360/390 | step=737280 | SPS=1277
update 370/390 | step=757760 | SPS=1275
update 380/390 | step=778240 | SPS=1273
update 390/390 | step=798720 | SPS=1272
Episode 58/60 | reward=3.6462 | avg10=2.6934 | avg_success_rate=0.8100 | steps=38 | time=630.8s
update 10/390 | step=20480 | SPS=1258
update 20/390 | step=40960 | SPS=1243
update 30/390 | step=61440 | SPS=1235
update 40/390 | step=81920 | SPS=1227
[100016] Regime switch detected! 0 -> 1. Snapshotting anchor model.
update 50/390 | step=102400 | SPS=1240
update 60/390 | step=122880 | SPS=1244
update 70/390 | step=143360 | SPS=1257
update 80/390 | step=163840 | SPS=1264
update 90/390 | step=184320 | SPS=1259
[200016] Regime switch detected! 1 -> 0. Snapshotting anchor model.
update 100/390 | step=204800 | SPS=1258
update 110/390 | step=225280 | SPS=1262
update 120/390 | step=245760 | SPS=1265
update 130/390 | step=266240 | SPS=1271
update 140/390 | step=286720 | SPS=1264
[300016] Regime switch detected! 0 -> 1. Snapshotting anchor model.
update 150/390 | step=307200 | SPS=1261
update 160/390 | step=327680 | SPS=1257
update 170/390 | step=348160 | SPS=1256
update 180/390 | step=368640 | SPS=1259
update 190/390 | step=389120 | SPS=1259
[400016] Regime switch detected! 1 -> 0. Snapshotting anchor model.
update 200/390 | step=409600 | SPS=1261
update 210/390 | step=430080 | SPS=1263
update 220/390 | step=450560 | SPS=1266
update 230/390 | step=471040 | SPS=1263
update 240/390 | step=491520 | SPS=1262
[500016] Regime switch detected! 0 -> 1. Snapshotting anchor model.
update 250/390 | step=512000 | SPS=1261
update 260/390 | step=532480 | SPS=1260
update 270/390 | step=552960 | SPS=1257
update 280/390 | step=573440 | SPS=1257
update 290/390 | step=593920 | SPS=1260
[600016] Regime switch detected! 1 -> 0. Snapshotting anchor model.
update 300/390 | step=614400 | SPS=1263
update 310/390 | step=634880 | SPS=1263
update 320/390 | step=655360 | SPS=1265
update 330/390 | step=675840 | SPS=1264
update 340/390 | step=696320 | SPS=1265
[700016] Regime switch detected! 0 -> 1. Snapshotting anchor model.
update 350/390 | step=716800 | SPS=1265
update 360/390 | step=737280 | SPS=1267
update 370/390 | step=757760 | SPS=1266
update 380/390 | step=778240 | SPS=1265
update 390/390 | step=798720 | SPS=1266
Episode 59/60 | reward=4.0599 | avg10=2.6807 | avg_success_rate=0.9300 | steps=38 | time=634.0s
update 10/390 | step=20480 | SPS=1272
update 20/390 | step=40960 | SPS=1250
update 30/390 | step=61440 | SPS=1250
update 40/390 | step=81920 | SPS=1241
[100016] Regime switch detected! 0 -> 1. Snapshotting anchor model.
update 50/390 | step=102400 | SPS=1248
update 60/390 | step=122880 | SPS=1262
update 70/390 | step=143360 | SPS=1257
update 80/390 | step=163840 | SPS=1261
update 90/390 | step=184320 | SPS=1254
[200016] Regime switch detected! 1 -> 0. Snapshotting anchor model.
update 100/390 | step=204800 | SPS=1252
update 110/390 | step=225280 | SPS=1247
update 120/390 | step=245760 | SPS=1248
update 130/390 | step=266240 | SPS=1247
update 140/390 | step=286720 | SPS=1246
[300016] Regime switch detected! 0 -> 1. Snapshotting anchor model.
update 150/390 | step=307200 | SPS=1251
update 160/390 | step=327680 | SPS=1256
update 170/390 | step=348160 | SPS=1260
update 180/390 | step=368640 | SPS=1263
update 190/390 | step=389120 | SPS=1259
[400016] Regime switch detected! 1 -> 0. Snapshotting anchor model.
update 200/390 | step=409600 | SPS=1256
update 210/390 | step=430080 | SPS=1253
update 220/390 | step=450560 | SPS=1258
update 230/390 | step=471040 | SPS=1259
update 240/390 | step=491520 | SPS=1261
[500016] Regime switch detected! 0 -> 1. Snapshotting anchor model.
update 250/390 | step=512000 | SPS=1261
update 260/390 | step=532480 | SPS=1260
update 270/390 | step=552960 | SPS=1260
update 280/390 | step=573440 | SPS=1263
update 290/390 | step=593920 | SPS=1263
[600016] Regime switch detected! 1 -> 0. Snapshotting anchor model.
update 300/390 | step=614400 | SPS=1260
update 310/390 | step=634880 | SPS=1258
update 320/390 | step=655360 | SPS=1256
update 330/390 | step=675840 | SPS=1256
update 340/390 | step=696320 | SPS=1259
[700016] Regime switch detected! 0 -> 1. Snapshotting anchor model.
update 350/390 | step=716800 | SPS=1259
update 360/390 | step=737280 | SPS=1259
update 370/390 | step=757760 | SPS=1258
update 380/390 | step=778240 | SPS=1258
update 390/390 | step=798720 | SPS=1260
Episode 60/60 | reward=2.4289 | avg10=2.5896 | avg_success_rate=0.8600 | steps=38 | time=636.7s
  [brain ckpt] runs/calib8x8_brain_neuromod_trainable_slow_long_seed3_20260702-041002/episode_60/brain_ep60.pt
Saved Brain model to: runs/calib8x8_brain_neuromod_trainable_slow_long_seed3_20260702-041002/brain_model.pt

Brain training complete. Total RL episodes: 60
