Saved configuration to: runs/calib8x8_brain_neuromod_trainable_slow_long_seed2_20260701-180038/config.txt
Training Brain on cuda for 60 RL episodes
  Inner: 800000 timesteps, regime switch every 100000 steps
  Parallel Envs: 1
  Brain vectorization: sync
  Decision interval: 10 inner updates

--- Starting Meta-RL PPO Training (Target: 60) ---
update 10/390 | step=20480 | SPS=1329
update 20/390 | step=40960 | SPS=1332
update 30/390 | step=61440 | SPS=1337
update 40/390 | step=81920 | SPS=1336
[100016] Regime switch detected! 0 -> 1. Snapshotting anchor model.
update 50/390 | step=102400 | SPS=1331
update 60/390 | step=122880 | SPS=1322
update 70/390 | step=143360 | SPS=1319
update 80/390 | step=163840 | SPS=1330
update 90/390 | step=184320 | SPS=1346
[200016] Regime switch detected! 1 -> 0. Snapshotting anchor model.
update 100/390 | step=204800 | SPS=1361
update 110/390 | step=225280 | SPS=1367
update 120/390 | step=245760 | SPS=1370
update 130/390 | step=266240 | SPS=1374
update 140/390 | step=286720 | SPS=1370
[300016] Regime switch detected! 0 -> 1. Snapshotting anchor model.
update 150/390 | step=307200 | SPS=1376
update 160/390 | step=327680 | SPS=1383
update 170/390 | step=348160 | SPS=1380
update 180/390 | step=368640 | SPS=1381
update 190/390 | step=389120 | SPS=1378
[400016] Regime switch detected! 1 -> 0. Snapshotting anchor model.
update 200/390 | step=409600 | SPS=1384
update 210/390 | step=430080 | SPS=1389
update 220/390 | step=450560 | SPS=1393
update 230/390 | step=471040 | SPS=1394
update 240/390 | step=491520 | SPS=1395
[500016] Regime switch detected! 0 -> 1. Snapshotting anchor model.
update 250/390 | step=512000 | SPS=1394
update 260/390 | step=532480 | SPS=1390
update 270/390 | step=552960 | SPS=1386
update 280/390 | step=573440 | SPS=1382
update 290/390 | step=593920 | SPS=1379
[600016] Regime switch detected! 1 -> 0. Snapshotting anchor model.
update 300/390 | step=614400 | SPS=1377
update 310/390 | step=634880 | SPS=1374
update 320/390 | step=655360 | SPS=1372
update 330/390 | step=675840 | SPS=1369
update 340/390 | step=696320 | SPS=1367
[700016] Regime switch detected! 0 -> 1. Snapshotting anchor model.
update 350/390 | step=716800 | SPS=1365
update 360/390 | step=737280 | SPS=1364
update 370/390 | step=757760 | SPS=1362
update 380/390 | step=778240 | SPS=1360
update 390/390 | step=798720 | SPS=1362
Episode 1/60 | reward=2.4759 | avg10=2.4759 | avg_success_rate=0.9300 | steps=38 | time=590.7s
update 10/390 | step=20480 | SPS=1497
update 20/390 | step=40960 | SPS=1500
update 30/390 | step=61440 | SPS=1491
update 40/390 | step=81920 | SPS=1497
[100016] Regime switch detected! 0 -> 1. Snapshotting anchor model.
update 50/390 | step=102400 | SPS=1498
update 60/390 | step=122880 | SPS=1490
update 70/390 | step=143360 | SPS=1494
update 80/390 | step=163840 | SPS=1492
update 90/390 | step=184320 | SPS=1491
[200016] Regime switch detected! 1 -> 0. Snapshotting anchor model.
update 100/390 | step=204800 | SPS=1491
update 110/390 | step=225280 | SPS=1481
update 120/390 | step=245760 | SPS=1477
update 130/390 | step=266240 | SPS=1470
update 140/390 | step=286720 | SPS=1468
[300016] Regime switch detected! 0 -> 1. Snapshotting anchor model.
update 150/390 | step=307200 | SPS=1469
update 160/390 | step=327680 | SPS=1471
update 170/390 | step=348160 | SPS=1461
update 180/390 | step=368640 | SPS=1453
update 190/390 | step=389120 | SPS=1453
[400016] Regime switch detected! 1 -> 0. Snapshotting anchor model.
update 200/390 | step=409600 | SPS=1446
update 210/390 | step=430080 | SPS=1441
update 220/390 | step=450560 | SPS=1437
update 230/390 | step=471040 | SPS=1433
update 240/390 | step=491520 | SPS=1431
[500016] Regime switch detected! 0 -> 1. Snapshotting anchor model.
update 250/390 | step=512000 | SPS=1431
update 260/390 | step=532480 | SPS=1431
update 270/390 | step=552960 | SPS=1433
update 280/390 | step=573440 | SPS=1435
update 290/390 | step=593920 | SPS=1436
[600016] Regime switch detected! 1 -> 0. Snapshotting anchor model.
update 300/390 | step=614400 | SPS=1438
update 310/390 | step=634880 | SPS=1438
update 320/390 | step=655360 | SPS=1439
update 330/390 | step=675840 | SPS=1435
update 340/390 | step=696320 | SPS=1430
[700016] Regime switch detected! 0 -> 1. Snapshotting anchor model.
update 350/390 | step=716800 | SPS=1425
update 360/390 | step=737280 | SPS=1422
update 370/390 | step=757760 | SPS=1417
update 380/390 | step=778240 | SPS=1416
update 390/390 | step=798720 | SPS=1417
Episode 2/60 | reward=3.1407 | avg10=2.8083 | avg_success_rate=0.9100 | steps=38 | time=566.6s
update 10/390 | step=20480 | SPS=1377
update 20/390 | step=40960 | SPS=1403
update 30/390 | step=61440 | SPS=1393
update 40/390 | step=81920 | SPS=1413
[100016] Regime switch detected! 0 -> 1. Snapshotting anchor model.
update 50/390 | step=102400 | SPS=1428
update 60/390 | step=122880 | SPS=1418
update 70/390 | step=143360 | SPS=1402
update 80/390 | step=163840 | SPS=1393
update 90/390 | step=184320 | SPS=1388
[200016] Regime switch detected! 1 -> 0. Snapshotting anchor model.
update 100/390 | step=204800 | SPS=1395
update 110/390 | step=225280 | SPS=1392
update 120/390 | step=245760 | SPS=1380
update 130/390 | step=266240 | SPS=1377
update 140/390 | step=286720 | SPS=1369
[300016] Regime switch detected! 0 -> 1. Snapshotting anchor model.
update 150/390 | step=307200 | SPS=1367
update 160/390 | step=327680 | SPS=1363
update 170/390 | step=348160 | SPS=1363
update 180/390 | step=368640 | SPS=1369
update 190/390 | step=389120 | SPS=1372
[400016] Regime switch detected! 1 -> 0. Snapshotting anchor model.
update 200/390 | step=409600 | SPS=1372
update 210/390 | step=430080 | SPS=1370
update 220/390 | step=450560 | SPS=1368
update 230/390 | step=471040 | SPS=1366
update 240/390 | step=491520 | SPS=1364
[500016] Regime switch detected! 0 -> 1. Snapshotting anchor model.
update 250/390 | step=512000 | SPS=1360
update 260/390 | step=532480 | SPS=1360
update 270/390 | step=552960 | SPS=1363
update 280/390 | step=573440 | SPS=1366
update 290/390 | step=593920 | SPS=1368
[600016] Regime switch detected! 1 -> 0. Snapshotting anchor model.
update 300/390 | step=614400 | SPS=1367
update 310/390 | step=634880 | SPS=1366
update 320/390 | step=655360 | SPS=1370
update 330/390 | step=675840 | SPS=1373
update 340/390 | step=696320 | SPS=1371
[700016] Regime switch detected! 0 -> 1. Snapshotting anchor model.
update 350/390 | step=716800 | SPS=1372
update 360/390 | step=737280 | SPS=1371
update 370/390 | step=757760 | SPS=1369
update 380/390 | step=778240 | SPS=1368
update 390/390 | step=798720 | SPS=1372
Episode 3/60 | reward=2.9117 | avg10=2.8428 | avg_success_rate=0.9300 | steps=38 | time=585.1s
update 10/390 | step=20480 | SPS=1345
update 20/390 | step=40960 | SPS=1349
update 30/390 | step=61440 | SPS=1370
update 40/390 | step=81920 | SPS=1403
[100016] Regime switch detected! 0 -> 1. Snapshotting anchor model.
update 50/390 | step=102400 | SPS=1422
update 60/390 | step=122880 | SPS=1427
update 70/390 | step=143360 | SPS=1436
update 80/390 | step=163840 | SPS=1439
update 90/390 | step=184320 | SPS=1441
[200016] Regime switch detected! 1 -> 0. Snapshotting anchor model.
update 100/390 | step=204800 | SPS=1432
update 110/390 | step=225280 | SPS=1418
update 120/390 | step=245760 | SPS=1405
update 130/390 | step=266240 | SPS=1399
update 140/390 | step=286720 | SPS=1390
[300016] Regime switch detected! 0 -> 1. Snapshotting anchor model.
update 150/390 | step=307200 | SPS=1385
update 160/390 | step=327680 | SPS=1379
update 170/390 | step=348160 | SPS=1372
update 180/390 | step=368640 | SPS=1367
update 190/390 | step=389120 | SPS=1361
[400016] Regime switch detected! 1 -> 0. Snapshotting anchor model.
update 200/390 | step=409600 | SPS=1358
update 210/390 | step=430080 | SPS=1356
update 220/390 | step=450560 | SPS=1355
update 230/390 | step=471040 | SPS=1353
update 240/390 | step=491520 | SPS=1350
[500016] Regime switch detected! 0 -> 1. Snapshotting anchor model.
update 250/390 | step=512000 | SPS=1347
update 260/390 | step=532480 | SPS=1346
update 270/390 | step=552960 | SPS=1349
update 280/390 | step=573440 | SPS=1352
update 290/390 | step=593920 | SPS=1349
[600016] Regime switch detected! 1 -> 0. Snapshotting anchor model.
update 300/390 | step=614400 | SPS=1347
update 310/390 | step=634880 | SPS=1344
update 320/390 | step=655360 | SPS=1342
update 330/390 | step=675840 | SPS=1341
update 340/390 | step=696320 | SPS=1345
[700016] Regime switch detected! 0 -> 1. Snapshotting anchor model.
update 350/390 | step=716800 | SPS=1348
update 360/390 | step=737280 | SPS=1351
update 370/390 | step=757760 | SPS=1355
update 380/390 | step=778240 | SPS=1358
update 390/390 | step=798720 | SPS=1357
Episode 4/60 | reward=2.1748 | avg10=2.6758 | avg_success_rate=0.7000 | steps=38 | time=591.6s
update 10/390 | step=20480 | SPS=1519
update 20/390 | step=40960 | SPS=1436
update 30/390 | step=61440 | SPS=1379
update 40/390 | step=81920 | SPS=1364
[100016] Regime switch detected! 0 -> 1. Snapshotting anchor model.
update 50/390 | step=102400 | SPS=1335
update 60/390 | step=122880 | SPS=1314
update 70/390 | step=143360 | SPS=1301
update 80/390 | step=163840 | SPS=1286
update 90/390 | step=184320 | SPS=1276
[200016] Regime switch detected! 1 -> 0. Snapshotting anchor model.
update 100/390 | step=204800 | SPS=1271
update 110/390 | step=225280 | SPS=1272
update 120/390 | step=245760 | SPS=1268
update 130/390 | step=266240 | SPS=1269
update 140/390 | step=286720 | SPS=1267
[300016] Regime switch detected! 0 -> 1. Snapshotting anchor model.
update 150/390 | step=307200 | SPS=1261
update 160/390 | step=327680 | SPS=1258
update 170/390 | step=348160 | SPS=1257
update 180/390 | step=368640 | SPS=1257
update 190/390 | step=389120 | SPS=1251
[400016] Regime switch detected! 1 -> 0. Snapshotting anchor model.
update 200/390 | step=409600 | SPS=1252
update 210/390 | step=430080 | SPS=1256
update 220/390 | step=450560 | SPS=1258
update 230/390 | step=471040 | SPS=1261
update 240/390 | step=491520 | SPS=1262
[500016] Regime switch detected! 0 -> 1. Snapshotting anchor model.
update 250/390 | step=512000 | SPS=1263
update 260/390 | step=532480 | SPS=1264
update 270/390 | step=552960 | SPS=1261
update 280/390 | step=573440 | SPS=1262
update 290/390 | step=593920 | SPS=1263
[600016] Regime switch detected! 1 -> 0. Snapshotting anchor model.
update 300/390 | step=614400 | SPS=1265
update 310/390 | step=634880 | SPS=1266
update 320/390 | step=655360 | SPS=1267
update 330/390 | step=675840 | SPS=1269
update 340/390 | step=696320 | SPS=1269
[700016] Regime switch detected! 0 -> 1. Snapshotting anchor model.
update 350/390 | step=716800 | SPS=1269
update 360/390 | step=737280 | SPS=1267
update 370/390 | step=757760 | SPS=1265
update 380/390 | step=778240 | SPS=1265
update 390/390 | step=798720 | SPS=1264
Episode 5/60 | reward=3.1744 | avg10=2.7755 | avg_success_rate=0.9800 | steps=38 | time=634.8s
  [brain ckpt] runs/calib8x8_brain_neuromod_trainable_slow_long_seed2_20260701-180038/episode_5/brain_ep5.pt
update 10/390 | step=20480 | SPS=1234
update 20/390 | step=40960 | SPS=1253
update 30/390 | step=61440 | SPS=1243
update 40/390 | step=81920 | SPS=1265
[100016] Regime switch detected! 0 -> 1. Snapshotting anchor model.
update 50/390 | step=102400 | SPS=1261
update 60/390 | step=122880 | SPS=1258
update 70/390 | step=143360 | SPS=1266
update 80/390 | step=163840 | SPS=1269
update 90/390 | step=184320 | SPS=1274
[200016] Regime switch detected! 1 -> 0. Snapshotting anchor model.
update 100/390 | step=204800 | SPS=1279
update 110/390 | step=225280 | SPS=1281
update 120/390 | step=245760 | SPS=1283
update 130/390 | step=266240 | SPS=1274
update 140/390 | step=286720 | SPS=1273
[300016] Regime switch detected! 0 -> 1. Snapshotting anchor model.
update 150/390 | step=307200 | SPS=1274
update 160/390 | step=327680 | SPS=1275
update 170/390 | step=348160 | SPS=1269
update 180/390 | step=368640 | SPS=1266
update 190/390 | step=389120 | SPS=1265
[400016] Regime switch detected! 1 -> 0. Snapshotting anchor model.
update 200/390 | step=409600 | SPS=1262
update 210/390 | step=430080 | SPS=1261
update 220/390 | step=450560 | SPS=1258
update 230/390 | step=471040 | SPS=1256
update 240/390 | step=491520 | SPS=1258
[500016] Regime switch detected! 0 -> 1. Snapshotting anchor model.
update 250/390 | step=512000 | SPS=1257
update 260/390 | step=532480 | SPS=1259
update 270/390 | step=552960 | SPS=1260
update 280/390 | step=573440 | SPS=1262
update 290/390 | step=593920 | SPS=1262
[600016] Regime switch detected! 1 -> 0. Snapshotting anchor model.
update 300/390 | step=614400 | SPS=1264
update 310/390 | step=634880 | SPS=1265
update 320/390 | step=655360 | SPS=1267
update 330/390 | step=675840 | SPS=1269
update 340/390 | step=696320 | SPS=1270
[700016] Regime switch detected! 0 -> 1. Snapshotting anchor model.
update 350/390 | step=716800 | SPS=1267
update 360/390 | step=737280 | SPS=1264
update 370/390 | step=757760 | SPS=1262
update 380/390 | step=778240 | SPS=1261
update 390/390 | step=798720 | SPS=1258
Episode 6/60 | reward=4.4416 | avg10=3.0532 | avg_success_rate=0.8300 | steps=38 | time=637.7s
update 10/390 | step=20480 | SPS=1260
update 20/390 | step=40960 | SPS=1270
update 30/390 | step=61440 | SPS=1263
update 40/390 | step=81920 | SPS=1252
[100016] Regime switch detected! 0 -> 1. Snapshotting anchor model.
update 50/390 | step=102400 | SPS=1268
update 60/390 | step=122880 | SPS=1255
update 70/390 | step=143360 | SPS=1248
update 80/390 | step=163840 | SPS=1243
update 90/390 | step=184320 | SPS=1241
[200016] Regime switch detected! 1 -> 0. Snapshotting anchor model.
update 100/390 | step=204800 | SPS=1241
update 110/390 | step=225280 | SPS=1240
update 120/390 | step=245760 | SPS=1237
update 130/390 | step=266240 | SPS=1238
update 140/390 | step=286720 | SPS=1237
[300016] Regime switch detected! 0 -> 1. Snapshotting anchor model.
update 150/390 | step=307200 | SPS=1236
update 160/390 | step=327680 | SPS=1240
update 170/390 | step=348160 | SPS=1240
update 180/390 | step=368640 | SPS=1239
update 190/390 | step=389120 | SPS=1241
[400016] Regime switch detected! 1 -> 0. Snapshotting anchor model.
update 200/390 | step=409600 | SPS=1241
update 210/390 | step=430080 | SPS=1241
update 220/390 | step=450560 | SPS=1243
update 230/390 | step=471040 | SPS=1246
update 240/390 | step=491520 | SPS=1248
[500016] Regime switch detected! 0 -> 1. Snapshotting anchor model.
update 250/390 | step=512000 | SPS=1245
update 260/390 | step=532480 | SPS=1246
update 270/390 | step=552960 | SPS=1243
update 280/390 | step=573440 | SPS=1245
update 290/390 | step=593920 | SPS=1246
[600016] Regime switch detected! 1 -> 0. Snapshotting anchor model.
update 300/390 | step=614400 | SPS=1245
update 310/390 | step=634880 | SPS=1245
update 320/390 | step=655360 | SPS=1248
update 330/390 | step=675840 | SPS=1249
update 340/390 | step=696320 | SPS=1250
[700016] Regime switch detected! 0 -> 1. Snapshotting anchor model.
update 350/390 | step=716800 | SPS=1251
update 360/390 | step=737280 | SPS=1253
update 370/390 | step=757760 | SPS=1251
update 380/390 | step=778240 | SPS=1250
update 390/390 | step=798720 | SPS=1249
Episode 7/60 | reward=4.1582 | avg10=3.2110 | avg_success_rate=0.9400 | steps=38 | time=642.2s
update 10/390 | step=20480 | SPS=1293
update 20/390 | step=40960 | SPS=1261
update 30/390 | step=61440 | SPS=1256
update 40/390 | step=81920 | SPS=1266
[100016] Regime switch detected! 0 -> 1. Snapshotting anchor model.
update 50/390 | step=102400 | SPS=1274
update 60/390 | step=122880 | SPS=1277
update 70/390 | step=143360 | SPS=1284
update 80/390 | step=163840 | SPS=1270
update 90/390 | step=184320 | SPS=1263
[200016] Regime switch detected! 1 -> 0. Snapshotting anchor model.
update 100/390 | step=204800 | SPS=1261
update 110/390 | step=225280 | SPS=1264
update 120/390 | step=245760 | SPS=1257
update 130/390 | step=266240 | SPS=1254
update 140/390 | step=286720 | SPS=1250
[300016] Regime switch detected! 0 -> 1. Snapshotting anchor model.
update 150/390 | step=307200 | SPS=1254
update 160/390 | step=327680 | SPS=1251
update 170/390 | step=348160 | SPS=1252
update 180/390 | step=368640 | SPS=1254
update 190/390 | step=389120 | SPS=1257
[400016] Regime switch detected! 1 -> 0. Snapshotting anchor model.
update 200/390 | step=409600 | SPS=1259
update 210/390 | step=430080 | SPS=1263
update 220/390 | step=450560 | SPS=1266
update 230/390 | step=471040 | SPS=1266
update 240/390 | step=491520 | SPS=1266
[500016] Regime switch detected! 0 -> 1. Snapshotting anchor model.
update 250/390 | step=512000 | SPS=1267
update 260/390 | step=532480 | SPS=1268
update 270/390 | step=552960 | SPS=1269
update 280/390 | step=573440 | SPS=1270
update 290/390 | step=593920 | SPS=1273
[600016] Regime switch detected! 1 -> 0. Snapshotting anchor model.
update 300/390 | step=614400 | SPS=1273
update 310/390 | step=634880 | SPS=1274
update 320/390 | step=655360 | SPS=1275
update 330/390 | step=675840 | SPS=1275
update 340/390 | step=696320 | SPS=1275
[700016] Regime switch detected! 0 -> 1. Snapshotting anchor model.
update 350/390 | step=716800 | SPS=1275
update 360/390 | step=737280 | SPS=1275
update 370/390 | step=757760 | SPS=1277
update 380/390 | step=778240 | SPS=1276
update 390/390 | step=798720 | SPS=1275
Episode 8/60 | reward=-1.6693 | avg10=2.6010 | avg_success_rate=0.7600 | steps=38 | time=629.4s
update 10/390 | step=20480 | SPS=1267
update 20/390 | step=40960 | SPS=1274
update 30/390 | step=61440 | SPS=1247
update 40/390 | step=81920 | SPS=1244
[100016] Regime switch detected! 0 -> 1. Snapshotting anchor model.
update 50/390 | step=102400 | SPS=1240
update 60/390 | step=122880 | SPS=1227
update 70/390 | step=143360 | SPS=1229
update 80/390 | step=163840 | SPS=1222
update 90/390 | step=184320 | SPS=1219
[200016] Regime switch detected! 1 -> 0. Snapshotting anchor model.
update 100/390 | step=204800 | SPS=1230
update 110/390 | step=225280 | SPS=1237
update 120/390 | step=245760 | SPS=1241
update 130/390 | step=266240 | SPS=1246
update 140/390 | step=286720 | SPS=1248
[300016] Regime switch detected! 0 -> 1. Snapshotting anchor model.
update 150/390 | step=307200 | SPS=1250
update 160/390 | step=327680 | SPS=1248
update 170/390 | step=348160 | SPS=1249
update 180/390 | step=368640 | SPS=1247
update 190/390 | step=389120 | SPS=1243
[400016] Regime switch detected! 1 -> 0. Snapshotting anchor model.
update 200/390 | step=409600 | SPS=1241
update 210/390 | step=430080 | SPS=1241
update 220/390 | step=450560 | SPS=1239
update 230/390 | step=471040 | SPS=1240
update 240/390 | step=491520 | SPS=1240
[500016] Regime switch detected! 0 -> 1. Snapshotting anchor model.
update 250/390 | step=512000 | SPS=1243
update 260/390 | step=532480 | SPS=1247
update 270/390 | step=552960 | SPS=1248
update 280/390 | step=573440 | SPS=1251
update 290/390 | step=593920 | SPS=1251
[600016] Regime switch detected! 1 -> 0. Snapshotting anchor model.
update 300/390 | step=614400 | SPS=1254
update 310/390 | step=634880 | SPS=1255
update 320/390 | step=655360 | SPS=1257
update 330/390 | step=675840 | SPS=1260
update 340/390 | step=696320 | SPS=1261
[700016] Regime switch detected! 0 -> 1. Snapshotting anchor model.
update 350/390 | step=716800 | SPS=1261
update 360/390 | step=737280 | SPS=1261
update 370/390 | step=757760 | SPS=1262
update 380/390 | step=778240 | SPS=1264
update 390/390 | step=798720 | SPS=1265
Episode 9/60 | reward=2.1296 | avg10=2.5486 | avg_success_rate=0.6800 | steps=38 | time=634.5s
update 10/390 | step=20480 | SPS=1378
update 20/390 | step=40960 | SPS=1321
update 30/390 | step=61440 | SPS=1315
update 40/390 | step=81920 | SPS=1317
[100016] Regime switch detected! 0 -> 1. Snapshotting anchor model.
update 50/390 | step=102400 | SPS=1304
update 60/390 | step=122880 | SPS=1304
update 70/390 | step=143360 | SPS=1303
update 80/390 | step=163840 | SPS=1295
update 90/390 | step=184320 | SPS=1290
[200016] Regime switch detected! 1 -> 0. Snapshotting anchor model.
update 100/390 | step=204800 | SPS=1282
update 110/390 | step=225280 | SPS=1274
update 120/390 | step=245760 | SPS=1265
update 130/390 | step=266240 | SPS=1260
update 140/390 | step=286720 | SPS=1255
[300016] Regime switch detected! 0 -> 1. Snapshotting anchor model.
update 150/390 | step=307200 | SPS=1256
update 160/390 | step=327680 | SPS=1253
update 170/390 | step=348160 | SPS=1250
update 180/390 | step=368640 | SPS=1249
update 190/390 | step=389120 | SPS=1248
[400016] Regime switch detected! 1 -> 0. Snapshotting anchor model.
update 200/390 | step=409600 | SPS=1246
update 210/390 | step=430080 | SPS=1245
update 220/390 | step=450560 | SPS=1243
update 230/390 | step=471040 | SPS=1244
update 240/390 | step=491520 | SPS=1244
[500016] Regime switch detected! 0 -> 1. Snapshotting anchor model.
update 250/390 | step=512000 | SPS=1242
update 260/390 | step=532480 | SPS=1244
update 270/390 | step=552960 | SPS=1243
update 280/390 | step=573440 | SPS=1245
update 290/390 | step=593920 | SPS=1247
[600016] Regime switch detected! 1 -> 0. Snapshotting anchor model.
update 300/390 | step=614400 | SPS=1245
update 310/390 | step=634880 | SPS=1245
update 320/390 | step=655360 | SPS=1247
update 330/390 | step=675840 | SPS=1248
update 340/390 | step=696320 | SPS=1247
[700016] Regime switch detected! 0 -> 1. Snapshotting anchor model.
update 350/390 | step=716800 | SPS=1248
update 360/390 | step=737280 | SPS=1248
update 370/390 | step=757760 | SPS=1246
update 380/390 | step=778240 | SPS=1246
update 390/390 | step=798720 | SPS=1248
Episode 10/60 | reward=4.1609 | avg10=2.7099 | avg_success_rate=0.9400 | steps=38 | time=642.7s
  [brain ckpt] runs/calib8x8_brain_neuromod_trainable_slow_long_seed2_20260701-180038/episode_10/brain_ep10.pt
update 10/390 | step=20480 | SPS=1398
update 20/390 | step=40960 | SPS=1347
update 30/390 | step=61440 | SPS=1329
update 40/390 | step=81920 | SPS=1328
[100016] Regime switch detected! 0 -> 1. Snapshotting anchor model.
update 50/390 | step=102400 | SPS=1319
update 60/390 | step=122880 | SPS=1314
update 70/390 | step=143360 | SPS=1319
update 80/390 | step=163840 | SPS=1306
update 90/390 | step=184320 | SPS=1294
[200016] Regime switch detected! 1 -> 0. Snapshotting anchor model.
update 100/390 | step=204800 | SPS=1285
update 110/390 | step=225280 | SPS=1284
update 120/390 | step=245760 | SPS=1281
update 130/390 | step=266240 | SPS=1284
update 140/390 | step=286720 | SPS=1284
[300016] Regime switch detected! 0 -> 1. Snapshotting anchor model.
update 150/390 | step=307200 | SPS=1282
update 160/390 | step=327680 | SPS=1276
update 170/390 | step=348160 | SPS=1270
update 180/390 | step=368640 | SPS=1265
update 190/390 | step=389120 | SPS=1262
[400016] Regime switch detected! 1 -> 0. Snapshotting anchor model.
update 200/390 | step=409600 | SPS=1260
update 210/390 | step=430080 | SPS=1257
update 220/390 | step=450560 | SPS=1254
update 230/390 | step=471040 | SPS=1256
update 240/390 | step=491520 | SPS=1258
[500016] Regime switch detected! 0 -> 1. Snapshotting anchor model.
update 250/390 | step=512000 | SPS=1260
update 260/390 | step=532480 | SPS=1263
update 270/390 | step=552960 | SPS=1264
update 280/390 | step=573440 | SPS=1266
update 290/390 | step=593920 | SPS=1267
[600016] Regime switch detected! 1 -> 0. Snapshotting anchor model.
update 300/390 | step=614400 | SPS=1269
update 310/390 | step=634880 | SPS=1271
update 320/390 | step=655360 | SPS=1273
update 330/390 | step=675840 | SPS=1274
update 340/390 | step=696320 | SPS=1276
[700016] Regime switch detected! 0 -> 1. Snapshotting anchor model.
update 350/390 | step=716800 | SPS=1276
update 360/390 | step=737280 | SPS=1275
update 370/390 | step=757760 | SPS=1276
update 380/390 | step=778240 | SPS=1277
update 390/390 | step=798720 | SPS=1277
Episode 11/60 | reward=2.8989 | avg10=2.7522 | avg_success_rate=0.8400 | steps=38 | time=628.5s
update 10/390 | step=20480 | SPS=1265
update 20/390 | step=40960 | SPS=1260
update 30/390 | step=61440 | SPS=1237
update 40/390 | step=81920 | SPS=1235
[100016] Regime switch detected! 0 -> 1. Snapshotting anchor model.
update 50/390 | step=102400 | SPS=1232
update 60/390 | step=122880 | SPS=1222
update 70/390 | step=143360 | SPS=1220
update 80/390 | step=163840 | SPS=1216
update 90/390 | step=184320 | SPS=1227
[200016] Regime switch detected! 1 -> 0. Snapshotting anchor model.
update 100/390 | step=204800 | SPS=1233
update 110/390 | step=225280 | SPS=1237
update 120/390 | step=245760 | SPS=1234
update 130/390 | step=266240 | SPS=1234
update 140/390 | step=286720 | SPS=1230
[300016] Regime switch detected! 0 -> 1. Snapshotting anchor model.
update 150/390 | step=307200 | SPS=1230
update 160/390 | step=327680 | SPS=1232
update 170/390 | step=348160 | SPS=1237
update 180/390 | step=368640 | SPS=1241
update 190/390 | step=389120 | SPS=1245
[400016] Regime switch detected! 1 -> 0. Snapshotting anchor model.
update 200/390 | step=409600 | SPS=1246
update 210/390 | step=430080 | SPS=1246
update 220/390 | step=450560 | SPS=1243
update 230/390 | step=471040 | SPS=1242
update 240/390 | step=491520 | SPS=1245
[500016] Regime switch detected! 0 -> 1. Snapshotting anchor model.
update 250/390 | step=512000 | SPS=1245
update 260/390 | step=532480 | SPS=1248
update 270/390 | step=552960 | SPS=1250
update 280/390 | step=573440 | SPS=1249
update 290/390 | step=593920 | SPS=1248
[600016] Regime switch detected! 1 -> 0. Snapshotting anchor model.
update 300/390 | step=614400 | SPS=1246
update 310/390 | step=634880 | SPS=1247
update 320/390 | step=655360 | SPS=1248
update 330/390 | step=675840 | SPS=1248
update 340/390 | step=696320 | SPS=1249
[700016] Regime switch detected! 0 -> 1. Snapshotting anchor model.
update 350/390 | step=716800 | SPS=1252
update 360/390 | step=737280 | SPS=1253
update 370/390 | step=757760 | SPS=1253
update 380/390 | step=778240 | SPS=1253
update 390/390 | step=798720 | SPS=1256
Episode 12/60 | reward=3.0416 | avg10=2.7422 | avg_success_rate=0.8800 | steps=38 | time=638.8s
update 10/390 | step=20480 | SPS=1321
update 20/390 | step=40960 | SPS=1328
update 30/390 | step=61440 | SPS=1320
update 40/390 | step=81920 | SPS=1323
[100016] Regime switch detected! 0 -> 1. Snapshotting anchor model.
update 50/390 | step=102400 | SPS=1323
update 60/390 | step=122880 | SPS=1319
update 70/390 | step=143360 | SPS=1322
update 80/390 | step=163840 | SPS=1313
update 90/390 | step=184320 | SPS=1313
[200016] Regime switch detected! 1 -> 0. Snapshotting anchor model.
update 100/390 | step=204800 | SPS=1316
update 110/390 | step=225280 | SPS=1316
update 120/390 | step=245760 | SPS=1315
update 130/390 | step=266240 | SPS=1310
update 140/390 | step=286720 | SPS=1309
[300016] Regime switch detected! 0 -> 1. Snapshotting anchor model.
update 150/390 | step=307200 | SPS=1310
update 160/390 | step=327680 | SPS=1308
update 170/390 | step=348160 | SPS=1302
update 180/390 | step=368640 | SPS=1292
update 190/390 | step=389120 | SPS=1286
[400016] Regime switch detected! 1 -> 0. Snapshotting anchor model.
update 200/390 | step=409600 | SPS=1287
update 210/390 | step=430080 | SPS=1290
update 220/390 | step=450560 | SPS=1291
update 230/390 | step=471040 | SPS=1293
update 240/390 | step=491520 | SPS=1293
[500016] Regime switch detected! 0 -> 1. Snapshotting anchor model.
update 250/390 | step=512000 | SPS=1294
update 260/390 | step=532480 | SPS=1296
update 270/390 | step=552960 | SPS=1296
update 280/390 | step=573440 | SPS=1295
update 290/390 | step=593920 | SPS=1292
[600016] Regime switch detected! 1 -> 0. Snapshotting anchor model.
update 300/390 | step=614400 | SPS=1289
update 310/390 | step=634880 | SPS=1286
update 320/390 | step=655360 | SPS=1283
update 330/390 | step=675840 | SPS=1283
update 340/390 | step=696320 | SPS=1284
[700016] Regime switch detected! 0 -> 1. Snapshotting anchor model.
update 350/390 | step=716800 | SPS=1285
update 360/390 | step=737280 | SPS=1286
update 370/390 | step=757760 | SPS=1286
update 380/390 | step=778240 | SPS=1287
update 390/390 | step=798720 | SPS=1287
Episode 13/60 | reward=2.9964 | avg10=2.7507 | avg_success_rate=0.9000 | steps=38 | time=623.4s
update 10/390 | step=20480 | SPS=1366
update 20/390 | step=40960 | SPS=1351
update 30/390 | step=61440 | SPS=1314
update 40/390 | step=81920 | SPS=1294
[100016] Regime switch detected! 0 -> 1. Snapshotting anchor model.
update 50/390 | step=102400 | SPS=1287
update 60/390 | step=122880 | SPS=1283
update 70/390 | step=143360 | SPS=1287
update 80/390 | step=163840 | SPS=1284
update 90/390 | step=184320 | SPS=1285
[200016] Regime switch detected! 1 -> 0. Snapshotting anchor model.
update 100/390 | step=204800 | SPS=1275
update 110/390 | step=225280 | SPS=1267
update 120/390 | step=245760 | SPS=1262
update 130/390 | step=266240 | SPS=1266
update 140/390 | step=286720 | SPS=1268
[300016] Regime switch detected! 0 -> 1. Snapshotting anchor model.
update 150/390 | step=307200 | SPS=1265
update 160/390 | step=327680 | SPS=1264
update 170/390 | step=348160 | SPS=1263
update 180/390 | step=368640 | SPS=1260
update 190/390 | step=389120 | SPS=1255
[400016] Regime switch detected! 1 -> 0. Snapshotting anchor model.
update 200/390 | step=409600 | SPS=1252
update 210/390 | step=430080 | SPS=1251
update 220/390 | step=450560 | SPS=1252
update 230/390 | step=471040 | SPS=1253
update 240/390 | step=491520 | SPS=1252
[500016] Regime switch detected! 0 -> 1. Snapshotting anchor model.
update 250/390 | step=512000 | SPS=1254
update 260/390 | step=532480 | SPS=1256
update 270/390 | step=552960 | SPS=1254
update 280/390 | step=573440 | SPS=1256
update 290/390 | step=593920 | SPS=1258
[600016] Regime switch detected! 1 -> 0. Snapshotting anchor model.
update 300/390 | step=614400 | SPS=1260
update 310/390 | step=634880 | SPS=1262
update 320/390 | step=655360 | SPS=1263
update 330/390 | step=675840 | SPS=1263
update 340/390 | step=696320 | SPS=1263
[700016] Regime switch detected! 0 -> 1. Snapshotting anchor model.
update 350/390 | step=716800 | SPS=1264
update 360/390 | step=737280 | SPS=1267
update 370/390 | step=757760 | SPS=1267
update 380/390 | step=778240 | SPS=1268
update 390/390 | step=798720 | SPS=1267
Episode 14/60 | reward=0.7299 | avg10=2.6062 | avg_success_rate=0.8700 | steps=38 | time=633.0s
update 10/390 | step=20480 | SPS=1316
update 20/390 | step=40960 | SPS=1293
update 30/390 | step=61440 | SPS=1298
update 40/390 | step=81920 | SPS=1299
[100016] Regime switch detected! 0 -> 1. Snapshotting anchor model.
update 50/390 | step=102400 | SPS=1294
update 60/390 | step=122880 | SPS=1275
update 70/390 | step=143360 | SPS=1282
update 80/390 | step=163840 | SPS=1284
update 90/390 | step=184320 | SPS=1287
[200016] Regime switch detected! 1 -> 0. Snapshotting anchor model.
update 100/390 | step=204800 | SPS=1292
update 110/390 | step=225280 | SPS=1287
update 120/390 | step=245760 | SPS=1287
update 130/390 | step=266240 | SPS=1287
update 140/390 | step=286720 | SPS=1283
[300016] Regime switch detected! 0 -> 1. Snapshotting anchor model.
update 150/390 | step=307200 | SPS=1283
update 160/390 | step=327680 | SPS=1281
update 170/390 | step=348160 | SPS=1279
update 180/390 | step=368640 | SPS=1280
update 190/390 | step=389120 | SPS=1279
[400016] Regime switch detected! 1 -> 0. Snapshotting anchor model.
update 200/390 | step=409600 | SPS=1275
update 210/390 | step=430080 | SPS=1271
update 220/390 | step=450560 | SPS=1267
update 230/390 | step=471040 | SPS=1264
update 240/390 | step=491520 | SPS=1263
[500016] Regime switch detected! 0 -> 1. Snapshotting anchor model.
update 250/390 | step=512000 | SPS=1265
update 260/390 | step=532480 | SPS=1264
update 270/390 | step=552960 | SPS=1265
update 280/390 | step=573440 | SPS=1265
update 290/390 | step=593920 | SPS=1267
[600016] Regime switch detected! 1 -> 0. Snapshotting anchor model.
update 300/390 | step=614400 | SPS=1267
update 310/390 | step=634880 | SPS=1268
update 320/390 | step=655360 | SPS=1267
update 330/390 | step=675840 | SPS=1266
update 340/390 | step=696320 | SPS=1265
[700016] Regime switch detected! 0 -> 1. Snapshotting anchor model.
update 350/390 | step=716800 | SPS=1264
update 360/390 | step=737280 | SPS=1264
update 370/390 | step=757760 | SPS=1263
update 380/390 | step=778240 | SPS=1261
update 390/390 | step=798720 | SPS=1259
Episode 15/60 | reward=1.8525 | avg10=2.4740 | avg_success_rate=0.8400 | steps=38 | time=637.1s
  [brain ckpt] runs/calib8x8_brain_neuromod_trainable_slow_long_seed2_20260701-180038/episode_15/brain_ep15.pt
update 10/390 | step=20480 | SPS=1337
update 20/390 | step=40960 | SPS=1283
update 30/390 | step=61440 | SPS=1251
update 40/390 | step=81920 | SPS=1272
[100016] Regime switch detected! 0 -> 1. Snapshotting anchor model.
update 50/390 | step=102400 | SPS=1285
update 60/390 | step=122880 | SPS=1285
update 70/390 | step=143360 | SPS=1290
update 80/390 | step=163840 | SPS=1293
update 90/390 | step=184320 | SPS=1290
[200016] Regime switch detected! 1 -> 0. Snapshotting anchor model.
update 100/390 | step=204800 | SPS=1292
update 110/390 | step=225280 | SPS=1291
update 120/390 | step=245760 | SPS=1291
update 130/390 | step=266240 | SPS=1288
update 140/390 | step=286720 | SPS=1289
[300016] Regime switch detected! 0 -> 1. Snapshotting anchor model.
update 150/390 | step=307200 | SPS=1283
update 160/390 | step=327680 | SPS=1285
update 170/390 | step=348160 | SPS=1284
update 180/390 | step=368640 | SPS=1280
update 190/390 | step=389120 | SPS=1277
[400016] Regime switch detected! 1 -> 0. Snapshotting anchor model.
update 200/390 | step=409600 | SPS=1278
update 210/390 | step=430080 | SPS=1279
update 220/390 | step=450560 | SPS=1279
update 230/390 | step=471040 | SPS=1279
update 240/390 | step=491520 | SPS=1278
[500016] Regime switch detected! 0 -> 1. Snapshotting anchor model.
update 250/390 | step=512000 | SPS=1275
update 260/390 | step=532480 | SPS=1273
update 270/390 | step=552960 | SPS=1271
update 280/390 | step=573440 | SPS=1269
update 290/390 | step=593920 | SPS=1269
[600016] Regime switch detected! 1 -> 0. Snapshotting anchor model.
update 300/390 | step=614400 | SPS=1267
update 310/390 | step=634880 | SPS=1267
update 320/390 | step=655360 | SPS=1268
update 330/390 | step=675840 | SPS=1269
update 340/390 | step=696320 | SPS=1269
[700016] Regime switch detected! 0 -> 1. Snapshotting anchor model.
update 350/390 | step=716800 | SPS=1272
update 360/390 | step=737280 | SPS=1269
update 370/390 | step=757760 | SPS=1270
update 380/390 | step=778240 | SPS=1271
update 390/390 | step=798720 | SPS=1270
Episode 16/60 | reward=0.6851 | avg10=2.0984 | avg_success_rate=0.8300 | steps=38 | time=631.8s
update 10/390 | step=20480 | SPS=1279
update 20/390 | step=40960 | SPS=1271
update 30/390 | step=61440 | SPS=1257
update 40/390 | step=81920 | SPS=1247
[100016] Regime switch detected! 0 -> 1. Snapshotting anchor model.
update 50/390 | step=102400 | SPS=1236
update 60/390 | step=122880 | SPS=1232
update 70/390 | step=143360 | SPS=1244
update 80/390 | step=163840 | SPS=1241
update 90/390 | step=184320 | SPS=1238
[200016] Regime switch detected! 1 -> 0. Snapshotting anchor model.
update 100/390 | step=204800 | SPS=1236
update 110/390 | step=225280 | SPS=1230
update 120/390 | step=245760 | SPS=1236
update 130/390 | step=266240 | SPS=1238
update 140/390 | step=286720 | SPS=1241
[300016] Regime switch detected! 0 -> 1. Snapshotting anchor model.
update 150/390 | step=307200 | SPS=1245
update 160/390 | step=327680 | SPS=1242
update 170/390 | step=348160 | SPS=1242
update 180/390 | step=368640 | SPS=1243
update 190/390 | step=389120 | SPS=1248
[400016] Regime switch detected! 1 -> 0. Snapshotting anchor model.
update 200/390 | step=409600 | SPS=1252
update 210/390 | step=430080 | SPS=1255
update 220/390 | step=450560 | SPS=1257
update 230/390 | step=471040 | SPS=1261
update 240/390 | step=491520 | SPS=1264
[500016] Regime switch detected! 0 -> 1. Snapshotting anchor model.
update 250/390 | step=512000 | SPS=1266
update 260/390 | step=532480 | SPS=1267
update 270/390 | step=552960 | SPS=1268
update 280/390 | step=573440 | SPS=1267
update 290/390 | step=593920 | SPS=1268
[600016] Regime switch detected! 1 -> 0. Snapshotting anchor model.
update 300/390 | step=614400 | SPS=1268
update 310/390 | step=634880 | SPS=1268
update 320/390 | step=655360 | SPS=1270
update 330/390 | step=675840 | SPS=1268
update 340/390 | step=696320 | SPS=1267
[700016] Regime switch detected! 0 -> 1. Snapshotting anchor model.
update 350/390 | step=716800 | SPS=1266
update 360/390 | step=737280 | SPS=1266
update 370/390 | step=757760 | SPS=1265
update 380/390 | step=778240 | SPS=1262
update 390/390 | step=798720 | SPS=1260
Episode 17/60 | reward=3.5879 | avg10=2.0414 | avg_success_rate=0.6400 | steps=38 | time=636.8s
update 10/390 | step=20480 | SPS=1227
update 20/390 | step=40960 | SPS=1250
update 30/390 | step=61440 | SPS=1274
update 40/390 | step=81920 | SPS=1280
[100016] Regime switch detected! 0 -> 1. Snapshotting anchor model.
update 50/390 | step=102400 | SPS=1260
update 60/390 | step=122880 | SPS=1242
update 70/390 | step=143360 | SPS=1249
update 80/390 | step=163840 | SPS=1258
update 90/390 | step=184320 | SPS=1260
[200016] Regime switch detected! 1 -> 0. Snapshotting anchor model.
update 100/390 | step=204800 | SPS=1252
update 110/390 | step=225280 | SPS=1250
update 120/390 | step=245760 | SPS=1257
update 130/390 | step=266240 | SPS=1260
update 140/390 | step=286720 | SPS=1263
[300016] Regime switch detected! 0 -> 1. Snapshotting anchor model.
update 150/390 | step=307200 | SPS=1265
update 160/390 | step=327680 | SPS=1266
update 170/390 | step=348160 | SPS=1264
update 180/390 | step=368640 | SPS=1261
update 190/390 | step=389120 | SPS=1263
[400016] Regime switch detected! 1 -> 0. Snapshotting anchor model.
update 200/390 | step=409600 | SPS=1266
update 210/390 | step=430080 | SPS=1269
update 220/390 | step=450560 | SPS=1270
update 230/390 | step=471040 | SPS=1270
update 240/390 | step=491520 | SPS=1267
[500016] Regime switch detected! 0 -> 1. Snapshotting anchor model.
update 250/390 | step=512000 | SPS=1264
update 260/390 | step=532480 | SPS=1263
update 270/390 | step=552960 | SPS=1259
update 280/390 | step=573440 | SPS=1257
update 290/390 | step=593920 | SPS=1255
[600016] Regime switch detected! 1 -> 0. Snapshotting anchor model.
update 300/390 | step=614400 | SPS=1257
update 310/390 | step=634880 | SPS=1259
update 320/390 | step=655360 | SPS=1260
update 330/390 | step=675840 | SPS=1258
update 340/390 | step=696320 | SPS=1257
[700016] Regime switch detected! 0 -> 1. Snapshotting anchor model.
update 350/390 | step=716800 | SPS=1255
update 360/390 | step=737280 | SPS=1254
update 370/390 | step=757760 | SPS=1253
update 380/390 | step=778240 | SPS=1252
update 390/390 | step=798720 | SPS=1251
Episode 18/60 | reward=4.8438 | avg10=2.6927 | avg_success_rate=0.8600 | steps=38 | time=641.6s
update 10/390 | step=20480 | SPS=1368
update 20/390 | step=40960 | SPS=1345
update 30/390 | step=61440 | SPS=1325
update 40/390 | step=81920 | SPS=1319
[100016] Regime switch detected! 0 -> 1. Snapshotting anchor model.
update 50/390 | step=102400 | SPS=1314
update 60/390 | step=122880 | SPS=1302
update 70/390 | step=143360 | SPS=1304
update 80/390 | step=163840 | SPS=1305
update 90/390 | step=184320 | SPS=1307
[200016] Regime switch detected! 1 -> 0. Snapshotting anchor model.
update 100/390 | step=204800 | SPS=1308
update 110/390 | step=225280 | SPS=1300
update 120/390 | step=245760 | SPS=1298
update 130/390 | step=266240 | SPS=1288
update 140/390 | step=286720 | SPS=1285
[300016] Regime switch detected! 0 -> 1. Snapshotting anchor model.
update 150/390 | step=307200 | SPS=1286
update 160/390 | step=327680 | SPS=1289
update 170/390 | step=348160 | SPS=1289
update 180/390 | step=368640 | SPS=1290
update 190/390 | step=389120 | SPS=1292
[400016] Regime switch detected! 1 -> 0. Snapshotting anchor model.
update 200/390 | step=409600 | SPS=1294
update 210/390 | step=430080 | SPS=1296
update 220/390 | step=450560 | SPS=1296
update 230/390 | step=471040 | SPS=1292
update 240/390 | step=491520 | SPS=1290
[500016] Regime switch detected! 0 -> 1. Snapshotting anchor model.
update 250/390 | step=512000 | SPS=1290
update 260/390 | step=532480 | SPS=1290
update 270/390 | step=552960 | SPS=1291
update 280/390 | step=573440 | SPS=1290
update 290/390 | step=593920 | SPS=1288
[600016] Regime switch detected! 1 -> 0. Snapshotting anchor model.
update 300/390 | step=614400 | SPS=1287
update 310/390 | step=634880 | SPS=1287
update 320/390 | step=655360 | SPS=1288
update 330/390 | step=675840 | SPS=1287
update 340/390 | step=696320 | SPS=1284
[700016] Regime switch detected! 0 -> 1. Snapshotting anchor model.
update 350/390 | step=716800 | SPS=1281
update 360/390 | step=737280 | SPS=1283
update 370/390 | step=757760 | SPS=1283
update 380/390 | step=778240 | SPS=1284
update 390/390 | step=798720 | SPS=1282
Episode 19/60 | reward=5.6999 | avg10=3.0497 | avg_success_rate=0.9500 | steps=38 | time=625.9s
update 10/390 | step=20480 | SPS=1305
update 20/390 | step=40960 | SPS=1296
update 30/390 | step=61440 | SPS=1306
update 40/390 | step=81920 | SPS=1284
[100016] Regime switch detected! 0 -> 1. Snapshotting anchor model.
update 50/390 | step=102400 | SPS=1266
update 60/390 | step=122880 | SPS=1251
update 70/390 | step=143360 | SPS=1243
update 80/390 | step=163840 | SPS=1239
update 90/390 | step=184320 | SPS=1244
[200016] Regime switch detected! 1 -> 0. Snapshotting anchor model.
update 100/390 | step=204800 | SPS=1251
update 110/390 | step=225280 | SPS=1251
update 120/390 | step=245760 | SPS=1259
update 130/390 | step=266240 | SPS=1263
update 140/390 | step=286720 | SPS=1263
[300016] Regime switch detected! 0 -> 1. Snapshotting anchor model.
update 150/390 | step=307200 | SPS=1258
update 160/390 | step=327680 | SPS=1260
update 170/390 | step=348160 | SPS=1261
update 180/390 | step=368640 | SPS=1260
update 190/390 | step=389120 | SPS=1263
[400016] Regime switch detected! 1 -> 0. Snapshotting anchor model.
update 200/390 | step=409600 | SPS=1264
update 210/390 | step=430080 | SPS=1263
update 220/390 | step=450560 | SPS=1266
update 230/390 | step=471040 | SPS=1266
update 240/390 | step=491520 | SPS=1268
[500016] Regime switch detected! 0 -> 1. Snapshotting anchor model.
update 250/390 | step=512000 | SPS=1270
update 260/390 | step=532480 | SPS=1272
update 270/390 | step=552960 | SPS=1271
update 280/390 | step=573440 | SPS=1273
update 290/390 | step=593920 | SPS=1272
[600016] Regime switch detected! 1 -> 0. Snapshotting anchor model.
update 300/390 | step=614400 | SPS=1273
update 310/390 | step=634880 | SPS=1275
update 320/390 | step=655360 | SPS=1276
update 330/390 | step=675840 | SPS=1276
update 340/390 | step=696320 | SPS=1277
[700016] Regime switch detected! 0 -> 1. Snapshotting anchor model.
update 350/390 | step=716800 | SPS=1278
update 360/390 | step=737280 | SPS=1279
update 370/390 | step=757760 | SPS=1280
update 380/390 | step=778240 | SPS=1281
update 390/390 | step=798720 | SPS=1281
Episode 20/60 | reward=0.4087 | avg10=2.6745 | avg_success_rate=0.6300 | steps=38 | time=626.1s
  [brain ckpt] runs/calib8x8_brain_neuromod_trainable_slow_long_seed2_20260701-180038/episode_20/brain_ep20.pt
update 10/390 | step=20480 | SPS=1270
update 20/390 | step=40960 | SPS=1280
update 30/390 | step=61440 | SPS=1279
update 40/390 | step=81920 | SPS=1262
[100016] Regime switch detected! 0 -> 1. Snapshotting anchor model.
update 50/390 | step=102400 | SPS=1267
update 60/390 | step=122880 | SPS=1256
update 70/390 | step=143360 | SPS=1249
update 80/390 | step=163840 | SPS=1258
update 90/390 | step=184320 | SPS=1266
[200016] Regime switch detected! 1 -> 0. Snapshotting anchor model.
update 100/390 | step=204800 | SPS=1268
update 110/390 | step=225280 | SPS=1268
update 120/390 | step=245760 | SPS=1269
update 130/390 | step=266240 | SPS=1269
update 140/390 | step=286720 | SPS=1272
[300016] Regime switch detected! 0 -> 1. Snapshotting anchor model.
update 150/390 | step=307200 | SPS=1270
update 160/390 | step=327680 | SPS=1265
update 170/390 | step=348160 | SPS=1264
update 180/390 | step=368640 | SPS=1265
update 190/390 | step=389120 | SPS=1262
[400016] Regime switch detected! 1 -> 0. Snapshotting anchor model.
update 200/390 | step=409600 | SPS=1263
update 210/390 | step=430080 | SPS=1266
update 220/390 | step=450560 | SPS=1265
update 230/390 | step=471040 | SPS=1263
update 240/390 | step=491520 | SPS=1264
[500016] Regime switch detected! 0 -> 1. Snapshotting anchor model.
update 250/390 | step=512000 | SPS=1261
update 260/390 | step=532480 | SPS=1260
update 270/390 | step=552960 | SPS=1262
update 280/390 | step=573440 | SPS=1264
update 290/390 | step=593920 | SPS=1265
[600016] Regime switch detected! 1 -> 0. Snapshotting anchor model.
update 300/390 | step=614400 | SPS=1265
update 310/390 | step=634880 | SPS=1266
update 320/390 | step=655360 | SPS=1266
update 330/390 | step=675840 | SPS=1265
update 340/390 | step=696320 | SPS=1263
[700016] Regime switch detected! 0 -> 1. Snapshotting anchor model.
update 350/390 | step=716800 | SPS=1262
update 360/390 | step=737280 | SPS=1261
update 370/390 | step=757760 | SPS=1260
update 380/390 | step=778240 | SPS=1258
update 390/390 | step=798720 | SPS=1257
Episode 21/60 | reward=0.6670 | avg10=2.4513 | avg_success_rate=0.7300 | steps=38 | time=638.2s
update 10/390 | step=20480 | SPS=1232
update 20/390 | step=40960 | SPS=1248
update 30/390 | step=61440 | SPS=1272
update 40/390 | step=81920 | SPS=1286
[100016] Regime switch detected! 0 -> 1. Snapshotting anchor model.
update 50/390 | step=102400 | SPS=1290
update 60/390 | step=122880 | SPS=1293
update 70/390 | step=143360 | SPS=1300
update 80/390 | step=163840 | SPS=1302
update 90/390 | step=184320 | SPS=1307
[200016] Regime switch detected! 1 -> 0. Snapshotting anchor model.
update 100/390 | step=204800 | SPS=1309
update 110/390 | step=225280 | SPS=1309
update 120/390 | step=245760 | SPS=1312
update 130/390 | step=266240 | SPS=1312
update 140/390 | step=286720 | SPS=1313
[300016] Regime switch detected! 0 -> 1. Snapshotting anchor model.
update 150/390 | step=307200 | SPS=1311
update 160/390 | step=327680 | SPS=1310
update 170/390 | step=348160 | SPS=1310
update 180/390 | step=368640 | SPS=1310
update 190/390 | step=389120 | SPS=1309
[400016] Regime switch detected! 1 -> 0. Snapshotting anchor model.
update 200/390 | step=409600 | SPS=1311
update 210/390 | step=430080 | SPS=1312
update 220/390 | step=450560 | SPS=1306
update 230/390 | step=471040 | SPS=1302
update 240/390 | step=491520 | SPS=1298
[500016] Regime switch detected! 0 -> 1. Snapshotting anchor model.
update 250/390 | step=512000 | SPS=1296
update 260/390 | step=532480 | SPS=1296
update 270/390 | step=552960 | SPS=1298
update 280/390 | step=573440 | SPS=1297
update 290/390 | step=593920 | SPS=1294
[600016] Regime switch detected! 1 -> 0. Snapshotting anchor model.
update 300/390 | step=614400 | SPS=1294
update 310/390 | step=634880 | SPS=1291
update 320/390 | step=655360 | SPS=1291
update 330/390 | step=675840 | SPS=1292
update 340/390 | step=696320 | SPS=1292
[700016] Regime switch detected! 0 -> 1. Snapshotting anchor model.
update 350/390 | step=716800 | SPS=1291
update 360/390 | step=737280 | SPS=1291
update 370/390 | step=757760 | SPS=1292
update 380/390 | step=778240 | SPS=1289
update 390/390 | step=798720 | SPS=1291
Episode 22/60 | reward=4.9625 | avg10=2.6434 | avg_success_rate=0.8200 | steps=38 | time=621.8s
update 10/390 | step=20480 | SPS=1303
update 20/390 | step=40960 | SPS=1262
update 30/390 | step=61440 | SPS=1246
update 40/390 | step=81920 | SPS=1240
[100016] Regime switch detected! 0 -> 1. Snapshotting anchor model.
update 50/390 | step=102400 | SPS=1244
update 60/390 | step=122880 | SPS=1251
update 70/390 | step=143360 | SPS=1250
update 80/390 | step=163840 | SPS=1250
update 90/390 | step=184320 | SPS=1251
[200016] Regime switch detected! 1 -> 0. Snapshotting anchor model.
update 100/390 | step=204800 | SPS=1257
update 110/390 | step=225280 | SPS=1255
update 120/390 | step=245760 | SPS=1250
update 130/390 | step=266240 | SPS=1247
update 140/390 | step=286720 | SPS=1249
[300016] Regime switch detected! 0 -> 1. Snapshotting anchor model.
update 150/390 | step=307200 | SPS=1251
update 160/390 | step=327680 | SPS=1253
update 170/390 | step=348160 | SPS=1256
update 180/390 | step=368640 | SPS=1259
update 190/390 | step=389120 | SPS=1259
[400016] Regime switch detected! 1 -> 0. Snapshotting anchor model.
update 200/390 | step=409600 | SPS=1262
update 210/390 | step=430080 | SPS=1264
update 220/390 | step=450560 | SPS=1266
update 230/390 | step=471040 | SPS=1262
update 240/390 | step=491520 | SPS=1259
[500016] Regime switch detected! 0 -> 1. Snapshotting anchor model.
update 250/390 | step=512000 | SPS=1261
update 260/390 | step=532480 | SPS=1261
update 270/390 | step=552960 | SPS=1262
update 280/390 | step=573440 | SPS=1265
update 290/390 | step=593920 | SPS=1266
[600016] Regime switch detected! 1 -> 0. Snapshotting anchor model.
update 300/390 | step=614400 | SPS=1267
update 310/390 | step=634880 | SPS=1268
update 320/390 | step=655360 | SPS=1267
update 330/390 | step=675840 | SPS=1268
update 340/390 | step=696320 | SPS=1269
[700016] Regime switch detected! 0 -> 1. Snapshotting anchor model.
update 350/390 | step=716800 | SPS=1270
update 360/390 | step=737280 | SPS=1271
update 370/390 | step=757760 | SPS=1272
update 380/390 | step=778240 | SPS=1272
update 390/390 | step=798720 | SPS=1272
Episode 23/60 | reward=3.6125 | avg10=2.7050 | avg_success_rate=0.8800 | steps=38 | time=630.8s
update 10/390 | step=20480 | SPS=1301
update 20/390 | step=40960 | SPS=1279
update 30/390 | step=61440 | SPS=1291
update 40/390 | step=81920 | SPS=1295
[100016] Regime switch detected! 0 -> 1. Snapshotting anchor model.
update 50/390 | step=102400 | SPS=1299
update 60/390 | step=122880 | SPS=1306
update 70/390 | step=143360 | SPS=1296
update 80/390 | step=163840 | SPS=1283
update 90/390 | step=184320 | SPS=1272
[200016] Regime switch detected! 1 -> 0. Snapshotting anchor model.
update 100/390 | step=204800 | SPS=1269
update 110/390 | step=225280 | SPS=1264
update 120/390 | step=245760 | SPS=1256
update 130/390 | step=266240 | SPS=1249
update 140/390 | step=286720 | SPS=1245
[300016] Regime switch detected! 0 -> 1. Snapshotting anchor model.
update 150/390 | step=307200 | SPS=1249
update 160/390 | step=327680 | SPS=1246
update 170/390 | step=348160 | SPS=1244
update 180/390 | step=368640 | SPS=1242
update 190/390 | step=389120 | SPS=1241
[400016] Regime switch detected! 1 -> 0. Snapshotting anchor model.
update 200/390 | step=409600 | SPS=1242
update 210/390 | step=430080 | SPS=1247
update 220/390 | step=450560 | SPS=1248
update 230/390 | step=471040 | SPS=1250
update 240/390 | step=491520 | SPS=1251
[500016] Regime switch detected! 0 -> 1. Snapshotting anchor model.
update 250/390 | step=512000 | SPS=1254
update 260/390 | step=532480 | SPS=1256
update 270/390 | step=552960 | SPS=1259
update 280/390 | step=573440 | SPS=1260
update 290/390 | step=593920 | SPS=1262
[600016] Regime switch detected! 1 -> 0. Snapshotting anchor model.
update 300/390 | step=614400 | SPS=1265
update 310/390 | step=634880 | SPS=1264
update 320/390 | step=655360 | SPS=1261
update 330/390 | step=675840 | SPS=1262
update 340/390 | step=696320 | SPS=1263
[700016] Regime switch detected! 0 -> 1. Snapshotting anchor model.
update 350/390 | step=716800 | SPS=1264
update 360/390 | step=737280 | SPS=1264
update 370/390 | step=757760 | SPS=1265
update 380/390 | step=778240 | SPS=1265
update 390/390 | step=798720 | SPS=1265
Episode 24/60 | reward=1.1320 | avg10=2.7452 | avg_success_rate=0.6000 | steps=38 | time=634.1s
update 10/390 | step=20480 | SPS=1239
update 20/390 | step=40960 | SPS=1238
update 30/390 | step=61440 | SPS=1260
update 40/390 | step=81920 | SPS=1266
[100016] Regime switch detected! 0 -> 1. Snapshotting anchor model.
update 50/390 | step=102400 | SPS=1271
update 60/390 | step=122880 | SPS=1265
update 70/390 | step=143360 | SPS=1253
update 80/390 | step=163840 | SPS=1241
update 90/390 | step=184320 | SPS=1234
[200016] Regime switch detected! 1 -> 0. Snapshotting anchor model.
update 100/390 | step=204800 | SPS=1233
update 110/390 | step=225280 | SPS=1229
update 120/390 | step=245760 | SPS=1224
update 130/390 | step=266240 | SPS=1224
update 140/390 | step=286720 | SPS=1224
[300016] Regime switch detected! 0 -> 1. Snapshotting anchor model.
update 150/390 | step=307200 | SPS=1222
update 160/390 | step=327680 | SPS=1224
update 170/390 | step=348160 | SPS=1227
update 180/390 | step=368640 | SPS=1232
update 190/390 | step=389120 | SPS=1235
[400016] Regime switch detected! 1 -> 0. Snapshotting anchor model.
update 200/390 | step=409600 | SPS=1240
update 210/390 | step=430080 | SPS=1242
update 220/390 | step=450560 | SPS=1242
update 230/390 | step=471040 | SPS=1243
update 240/390 | step=491520 | SPS=1242
[500016] Regime switch detected! 0 -> 1. Snapshotting anchor model.
update 250/390 | step=512000 | SPS=1243
update 260/390 | step=532480 | SPS=1246
update 270/390 | step=552960 | SPS=1249
update 280/390 | step=573440 | SPS=1249
update 290/390 | step=593920 | SPS=1252
[600016] Regime switch detected! 1 -> 0. Snapshotting anchor model.
update 300/390 | step=614400 | SPS=1253
update 310/390 | step=634880 | SPS=1253
update 320/390 | step=655360 | SPS=1253
update 330/390 | step=675840 | SPS=1253
update 340/390 | step=696320 | SPS=1251
[700016] Regime switch detected! 0 -> 1. Snapshotting anchor model.
update 350/390 | step=716800 | SPS=1253
update 360/390 | step=737280 | SPS=1254
update 370/390 | step=757760 | SPS=1254
update 380/390 | step=778240 | SPS=1252
update 390/390 | step=798720 | SPS=1252
Episode 25/60 | reward=5.4454 | avg10=3.1045 | avg_success_rate=0.8200 | steps=38 | time=640.9s
  [brain ckpt] runs/calib8x8_brain_neuromod_trainable_slow_long_seed2_20260701-180038/episode_25/brain_ep25.pt
update 10/390 | step=20480 | SPS=1304
update 20/390 | step=40960 | SPS=1287
update 30/390 | step=61440 | SPS=1305
update 40/390 | step=81920 | SPS=1305
[100016] Regime switch detected! 0 -> 1. Snapshotting anchor model.
update 50/390 | step=102400 | SPS=1303
update 60/390 | step=122880 | SPS=1296
update 70/390 | step=143360 | SPS=1282
update 80/390 | step=163840 | SPS=1273
update 90/390 | step=184320 | SPS=1262
[200016] Regime switch detected! 1 -> 0. Snapshotting anchor model.
update 100/390 | step=204800 | SPS=1261
update 110/390 | step=225280 | SPS=1253
update 120/390 | step=245760 | SPS=1248
update 130/390 | step=266240 | SPS=1245
update 140/390 | step=286720 | SPS=1238
[300016] Regime switch detected! 0 -> 1. Snapshotting anchor model.
update 150/390 | step=307200 | SPS=1235
update 160/390 | step=327680 | SPS=1235
update 170/390 | step=348160 | SPS=1237
update 180/390 | step=368640 | SPS=1240
update 190/390 | step=389120 | SPS=1237
[400016] Regime switch detected! 1 -> 0. Snapshotting anchor model.
update 200/390 | step=409600 | SPS=1240
update 210/390 | step=430080 | SPS=1241
update 220/390 | step=450560 | SPS=1242
update 230/390 | step=471040 | SPS=1242
update 240/390 | step=491520 | SPS=1242
[500016] Regime switch detected! 0 -> 1. Snapshotting anchor model.
update 250/390 | step=512000 | SPS=1245
update 260/390 | step=532480 | SPS=1243
update 270/390 | step=552960 | SPS=1242
update 280/390 | step=573440 | SPS=1242
update 290/390 | step=593920 | SPS=1241
[600016] Regime switch detected! 1 -> 0. Snapshotting anchor model.
update 300/390 | step=614400 | SPS=1240
update 310/390 | step=634880 | SPS=1242
update 320/390 | step=655360 | SPS=1243
update 330/390 | step=675840 | SPS=1242
update 340/390 | step=696320 | SPS=1242
[700016] Regime switch detected! 0 -> 1. Snapshotting anchor model.
update 350/390 | step=716800 | SPS=1244
update 360/390 | step=737280 | SPS=1244
update 370/390 | step=757760 | SPS=1243
update 380/390 | step=778240 | SPS=1241
update 390/390 | step=798720 | SPS=1241
Episode 26/60 | reward=2.0346 | avg10=3.2394 | avg_success_rate=0.6000 | steps=38 | time=646.7s
update 10/390 | step=20480 | SPS=1283
update 20/390 | step=40960 | SPS=1261
update 30/390 | step=61440 | SPS=1243
update 40/390 | step=81920 | SPS=1240
[100016] Regime switch detected! 0 -> 1. Snapshotting anchor model.
update 50/390 | step=102400 | SPS=1252
update 60/390 | step=122880 | SPS=1264
update 70/390 | step=143360 | SPS=1261
update 80/390 | step=163840 | SPS=1264
update 90/390 | step=184320 | SPS=1266
[200016] Regime switch detected! 1 -> 0. Snapshotting anchor model.
update 100/390 | step=204800 | SPS=1264
update 110/390 | step=225280 | SPS=1266
update 120/390 | step=245760 | SPS=1267
update 130/390 | step=266240 | SPS=1261
update 140/390 | step=286720 | SPS=1254
[300016] Regime switch detected! 0 -> 1. Snapshotting anchor model.
update 150/390 | step=307200 | SPS=1250
update 160/390 | step=327680 | SPS=1245
update 170/390 | step=348160 | SPS=1243
update 180/390 | step=368640 | SPS=1245
update 190/390 | step=389120 | SPS=1247
[400016] Regime switch detected! 1 -> 0. Snapshotting anchor model.
update 200/390 | step=409600 | SPS=1252
update 210/390 | step=430080 | SPS=1253
update 220/390 | step=450560 | SPS=1251
update 230/390 | step=471040 | SPS=1254
update 240/390 | step=491520 | SPS=1254
[500016] Regime switch detected! 0 -> 1. Snapshotting anchor model.
update 250/390 | step=512000 | SPS=1252
update 260/390 | step=532480 | SPS=1255
update 270/390 | step=552960 | SPS=1258
update 280/390 | step=573440 | SPS=1260
update 290/390 | step=593920 | SPS=1262
[600016] Regime switch detected! 1 -> 0. Snapshotting anchor model.
update 300/390 | step=614400 | SPS=1263
update 310/390 | step=634880 | SPS=1264
update 320/390 | step=655360 | SPS=1262
update 330/390 | step=675840 | SPS=1260
update 340/390 | step=696320 | SPS=1258
[700016] Regime switch detected! 0 -> 1. Snapshotting anchor model.
update 350/390 | step=716800 | SPS=1258
update 360/390 | step=737280 | SPS=1259
update 370/390 | step=757760 | SPS=1261
update 380/390 | step=778240 | SPS=1262
update 390/390 | step=798720 | SPS=1263
Episode 27/60 | reward=4.0723 | avg10=3.2878 | avg_success_rate=0.8800 | steps=38 | time=635.3s
update 10/390 | step=20480 | SPS=1347
update 20/390 | step=40960 | SPS=1280
update 30/390 | step=61440 | SPS=1293
update 40/390 | step=81920 | SPS=1294
[100016] Regime switch detected! 0 -> 1. Snapshotting anchor model.
update 50/390 | step=102400 | SPS=1297
update 60/390 | step=122880 | SPS=1298
update 70/390 | step=143360 | SPS=1294
update 80/390 | step=163840 | SPS=1299
update 90/390 | step=184320 | SPS=1300
[200016] Regime switch detected! 1 -> 0. Snapshotting anchor model.
update 100/390 | step=204800 | SPS=1302
update 110/390 | step=225280 | SPS=1302
update 120/390 | step=245760 | SPS=1302
update 130/390 | step=266240 | SPS=1301
update 140/390 | step=286720 | SPS=1301
[300016] Regime switch detected! 0 -> 1. Snapshotting anchor model.
update 150/390 | step=307200 | SPS=1302
update 160/390 | step=327680 | SPS=1295
update 170/390 | step=348160 | SPS=1298
update 180/390 | step=368640 | SPS=1299
update 190/390 | step=389120 | SPS=1300
[400016] Regime switch detected! 1 -> 0. Snapshotting anchor model.
update 200/390 | step=409600 | SPS=1294
update 210/390 | step=430080 | SPS=1289
update 220/390 | step=450560 | SPS=1285
update 230/390 | step=471040 | SPS=1280
update 240/390 | step=491520 | SPS=1277
[500016] Regime switch detected! 0 -> 1. Snapshotting anchor model.
update 250/390 | step=512000 | SPS=1276
update 260/390 | step=532480 | SPS=1275
update 270/390 | step=552960 | SPS=1275
update 280/390 | step=573440 | SPS=1276
update 290/390 | step=593920 | SPS=1277
[600016] Regime switch detected! 1 -> 0. Snapshotting anchor model.
update 300/390 | step=614400 | SPS=1278
update 310/390 | step=634880 | SPS=1278
update 320/390 | step=655360 | SPS=1275
update 330/390 | step=675840 | SPS=1271
update 340/390 | step=696320 | SPS=1270
[700016] Regime switch detected! 0 -> 1. Snapshotting anchor model.
update 350/390 | step=716800 | SPS=1269
update 360/390 | step=737280 | SPS=1269
update 370/390 | step=757760 | SPS=1267
update 380/390 | step=778240 | SPS=1265
update 390/390 | step=798720 | SPS=1264
Episode 28/60 | reward=-3.0710 | avg10=2.4964 | avg_success_rate=0.3600 | steps=38 | time=634.8s
update 10/390 | step=20480 | SPS=1238
update 20/390 | step=40960 | SPS=1253
update 30/390 | step=61440 | SPS=1270
update 40/390 | step=81920 | SPS=1254
[100016] Regime switch detected! 0 -> 1. Snapshotting anchor model.
update 50/390 | step=102400 | SPS=1244
update 60/390 | step=122880 | SPS=1243
update 70/390 | step=143360 | SPS=1242
update 80/390 | step=163840 | SPS=1244
update 90/390 | step=184320 | SPS=1247
[200016] Regime switch detected! 1 -> 0. Snapshotting anchor model.
update 100/390 | step=204800 | SPS=1245
update 110/390 | step=225280 | SPS=1247
update 120/390 | step=245760 | SPS=1247
update 130/390 | step=266240 | SPS=1242
update 140/390 | step=286720 | SPS=1236
[300016] Regime switch detected! 0 -> 1. Snapshotting anchor model.
update 150/390 | step=307200 | SPS=1237
update 160/390 | step=327680 | SPS=1238
update 170/390 | step=348160 | SPS=1242
update 180/390 | step=368640 | SPS=1242
update 190/390 | step=389120 | SPS=1241
[400016] Regime switch detected! 1 -> 0. Snapshotting anchor model.
update 200/390 | step=409600 | SPS=1241
update 210/390 | step=430080 | SPS=1245
update 220/390 | step=450560 | SPS=1243
update 230/390 | step=471040 | SPS=1242
update 240/390 | step=491520 | SPS=1243
[500016] Regime switch detected! 0 -> 1. Snapshotting anchor model.
update 250/390 | step=512000 | SPS=1246
update 260/390 | step=532480 | SPS=1246
update 270/390 | step=552960 | SPS=1244
update 280/390 | step=573440 | SPS=1243
update 290/390 | step=593920 | SPS=1240
[600016] Regime switch detected! 1 -> 0. Snapshotting anchor model.
update 300/390 | step=614400 | SPS=1240
update 310/390 | step=634880 | SPS=1240
update 320/390 | step=655360 | SPS=1238
update 330/390 | step=675840 | SPS=1238
update 340/390 | step=696320 | SPS=1239
[700016] Regime switch detected! 0 -> 1. Snapshotting anchor model.
update 350/390 | step=716800 | SPS=1239
update 360/390 | step=737280 | SPS=1238
update 370/390 | step=757760 | SPS=1237
update 380/390 | step=778240 | SPS=1237
update 390/390 | step=798720 | SPS=1238
Episode 29/60 | reward=1.9312 | avg10=2.1195 | avg_success_rate=0.7300 | steps=38 | time=648.0s
update 10/390 | step=20480 | SPS=1225
update 20/390 | step=40960 | SPS=1231
update 30/390 | step=61440 | SPS=1244
update 40/390 | step=81920 | SPS=1233
[100016] Regime switch detected! 0 -> 1. Snapshotting anchor model.
update 50/390 | step=102400 | SPS=1231
update 60/390 | step=122880 | SPS=1227
update 70/390 | step=143360 | SPS=1236
update 80/390 | step=163840 | SPS=1238
update 90/390 | step=184320 | SPS=1243
[200016] Regime switch detected! 1 -> 0. Snapshotting anchor model.
update 100/390 | step=204800 | SPS=1246
update 110/390 | step=225280 | SPS=1252
update 120/390 | step=245760 | SPS=1256
update 130/390 | step=266240 | SPS=1260
update 140/390 | step=286720 | SPS=1263
[300016] Regime switch detected! 0 -> 1. Snapshotting anchor model.
update 150/390 | step=307200 | SPS=1260
update 160/390 | step=327680 | SPS=1257
update 170/390 | step=348160 | SPS=1254
update 180/390 | step=368640 | SPS=1250
update 190/390 | step=389120 | SPS=1246
[400016] Regime switch detected! 1 -> 0. Snapshotting anchor model.
update 200/390 | step=409600 | SPS=1248
update 210/390 | step=430080 | SPS=1250
update 220/390 | step=450560 | SPS=1254
update 230/390 | step=471040 | SPS=1252
update 240/390 | step=491520 | SPS=1249
[500016] Regime switch detected! 0 -> 1. Snapshotting anchor model.
update 250/390 | step=512000 | SPS=1247
update 260/390 | step=532480 | SPS=1248
update 270/390 | step=552960 | SPS=1249
update 280/390 | step=573440 | SPS=1252
update 290/390 | step=593920 | SPS=1253
[600016] Regime switch detected! 1 -> 0. Snapshotting anchor model.
update 300/390 | step=614400 | SPS=1255
update 310/390 | step=634880 | SPS=1256
update 320/390 | step=655360 | SPS=1257
update 330/390 | step=675840 | SPS=1258
update 340/390 | step=696320 | SPS=1258
[700016] Regime switch detected! 0 -> 1. Snapshotting anchor model.
update 350/390 | step=716800 | SPS=1259
update 360/390 | step=737280 | SPS=1256
update 370/390 | step=757760 | SPS=1254
update 380/390 | step=778240 | SPS=1253
update 390/390 | step=798720 | SPS=1254
Episode 30/60 | reward=4.9988 | avg10=2.5785 | avg_success_rate=0.7700 | steps=38 | time=640.1s
  [brain ckpt] runs/calib8x8_brain_neuromod_trainable_slow_long_seed2_20260701-180038/episode_30/brain_ep30.pt
update 10/390 | step=20480 | SPS=1269
update 20/390 | step=40960 | SPS=1249
update 30/390 | step=61440 | SPS=1262
update 40/390 | step=81920 | SPS=1269
[100016] Regime switch detected! 0 -> 1. Snapshotting anchor model.
update 50/390 | step=102400 | SPS=1272
update 60/390 | step=122880 | SPS=1266
update 70/390 | step=143360 | SPS=1258
update 80/390 | step=163840 | SPS=1249
update 90/390 | step=184320 | SPS=1246
[200016] Regime switch detected! 1 -> 0. Snapshotting anchor model.
update 100/390 | step=204800 | SPS=1242
update 110/390 | step=225280 | SPS=1237
update 120/390 | step=245760 | SPS=1233
update 130/390 | step=266240 | SPS=1240
update 140/390 | step=286720 | SPS=1245
[300016] Regime switch detected! 0 -> 1. Snapshotting anchor model.
update 150/390 | step=307200 | SPS=1250
update 160/390 | step=327680 | SPS=1253
update 170/390 | step=348160 | SPS=1256
update 180/390 | step=368640 | SPS=1257
update 190/390 | step=389120 | SPS=1257
[400016] Regime switch detected! 1 -> 0. Snapshotting anchor model.
update 200/390 | step=409600 | SPS=1257
update 210/390 | step=430080 | SPS=1258
update 220/390 | step=450560 | SPS=1255
update 230/390 | step=471040 | SPS=1257
update 240/390 | step=491520 | SPS=1255
[500016] Regime switch detected! 0 -> 1. Snapshotting anchor model.
update 250/390 | step=512000 | SPS=1255
update 260/390 | step=532480 | SPS=1257
update 270/390 | step=552960 | SPS=1256
update 280/390 | step=573440 | SPS=1255
update 290/390 | step=593920 | SPS=1255
[600016] Regime switch detected! 1 -> 0. Snapshotting anchor model.
update 300/390 | step=614400 | SPS=1255
update 310/390 | step=634880 | SPS=1257
update 320/390 | step=655360 | SPS=1256
update 330/390 | step=675840 | SPS=1256
update 340/390 | step=696320 | SPS=1256
[700016] Regime switch detected! 0 -> 1. Snapshotting anchor model.
update 350/390 | step=716800 | SPS=1254
update 360/390 | step=737280 | SPS=1252
update 370/390 | step=757760 | SPS=1252
update 380/390 | step=778240 | SPS=1252
update 390/390 | step=798720 | SPS=1253
Episode 31/60 | reward=0.1565 | avg10=2.5275 | avg_success_rate=0.4000 | steps=38 | time=640.0s
update 10/390 | step=20480 | SPS=1256
update 20/390 | step=40960 | SPS=1231
update 30/390 | step=61440 | SPS=1229
update 40/390 | step=81920 | SPS=1222
[100016] Regime switch detected! 0 -> 1. Snapshotting anchor model.
update 50/390 | step=102400 | SPS=1217
update 60/390 | step=122880 | SPS=1216
update 70/390 | step=143360 | SPS=1220
update 80/390 | step=163840 | SPS=1214
update 90/390 | step=184320 | SPS=1212
[200016] Regime switch detected! 1 -> 0. Snapshotting anchor model.
update 100/390 | step=204800 | SPS=1219
update 110/390 | step=225280 | SPS=1217
update 120/390 | step=245760 | SPS=1214
update 130/390 | step=266240 | SPS=1220
update 140/390 | step=286720 | SPS=1217
[300016] Regime switch detected! 0 -> 1. Snapshotting anchor model.
update 150/390 | step=307200 | SPS=1219
update 160/390 | step=327680 | SPS=1222
update 170/390 | step=348160 | SPS=1227
update 180/390 | step=368640 | SPS=1232
update 190/390 | step=389120 | SPS=1233
[400016] Regime switch detected! 1 -> 0. Snapshotting anchor model.
update 200/390 | step=409600 | SPS=1233
update 210/390 | step=430080 | SPS=1235
update 220/390 | step=450560 | SPS=1233
update 230/390 | step=471040 | SPS=1234
update 240/390 | step=491520 | SPS=1233
[500016] Regime switch detected! 0 -> 1. Snapshotting anchor model.
update 250/390 | step=512000 | SPS=1232
update 260/390 | step=532480 | SPS=1232
update 270/390 | step=552960 | SPS=1232
update 280/390 | step=573440 | SPS=1230
update 290/390 | step=593920 | SPS=1233
[600016] Regime switch detected! 1 -> 0. Snapshotting anchor model.
update 300/390 | step=614400 | SPS=1235
update 310/390 | step=634880 | SPS=1238
update 320/390 | step=655360 | SPS=1238
update 330/390 | step=675840 | SPS=1237
update 340/390 | step=696320 | SPS=1236
[700016] Regime switch detected! 0 -> 1. Snapshotting anchor model.
update 350/390 | step=716800 | SPS=1235
update 360/390 | step=737280 | SPS=1234
update 370/390 | step=757760 | SPS=1235
update 380/390 | step=778240 | SPS=1236
update 390/390 | step=798720 | SPS=1239
Episode 32/60 | reward=2.4371 | avg10=2.2749 | avg_success_rate=0.6000 | steps=38 | time=647.7s
update 10/390 | step=20480 | SPS=1283
update 20/390 | step=40960 | SPS=1254
update 30/390 | step=61440 | SPS=1243
update 40/390 | step=81920 | SPS=1235
[100016] Regime switch detected! 0 -> 1. Snapshotting anchor model.
update 50/390 | step=102400 | SPS=1236
update 60/390 | step=122880 | SPS=1248
update 70/390 | step=143360 | SPS=1257
update 80/390 | step=163840 | SPS=1260
update 90/390 | step=184320 | SPS=1265
[200016] Regime switch detected! 1 -> 0. Snapshotting anchor model.
update 100/390 | step=204800 | SPS=1269
update 110/390 | step=225280 | SPS=1267
update 120/390 | step=245760 | SPS=1256
update 130/390 | step=266240 | SPS=1252
update 140/390 | step=286720 | SPS=1246
[300016] Regime switch detected! 0 -> 1. Snapshotting anchor model.
update 150/390 | step=307200 | SPS=1251
update 160/390 | step=327680 | SPS=1253
update 170/390 | step=348160 | SPS=1257
update 180/390 | step=368640 | SPS=1255
update 190/390 | step=389120 | SPS=1251
[400016] Regime switch detected! 1 -> 0. Snapshotting anchor model.
update 200/390 | step=409600 | SPS=1250
update 210/390 | step=430080 | SPS=1252
update 220/390 | step=450560 | SPS=1252
update 230/390 | step=471040 | SPS=1255
update 240/390 | step=491520 | SPS=1255
[500016] Regime switch detected! 0 -> 1. Snapshotting anchor model.
update 250/390 | step=512000 | SPS=1253
update 260/390 | step=532480 | SPS=1252
update 270/390 | step=552960 | SPS=1250
update 280/390 | step=573440 | SPS=1248
update 290/390 | step=593920 | SPS=1249
[600016] Regime switch detected! 1 -> 0. Snapshotting anchor model.
update 300/390 | step=614400 | SPS=1249
update 310/390 | step=634880 | SPS=1251
update 320/390 | step=655360 | SPS=1252
update 330/390 | step=675840 | SPS=1252
update 340/390 | step=696320 | SPS=1252
[700016] Regime switch detected! 0 -> 1. Snapshotting anchor model.
update 350/390 | step=716800 | SPS=1252
update 360/390 | step=737280 | SPS=1252
update 370/390 | step=757760 | SPS=1253
update 380/390 | step=778240 | SPS=1254
update 390/390 | step=798720 | SPS=1255
Episode 33/60 | reward=3.5281 | avg10=2.2665 | avg_success_rate=0.8100 | steps=38 | time=639.3s
update 10/390 | step=20480 | SPS=1287
update 20/390 | step=40960 | SPS=1267
update 30/390 | step=61440 | SPS=1272
update 40/390 | step=81920 | SPS=1256
[100016] Regime switch detected! 0 -> 1. Snapshotting anchor model.
update 50/390 | step=102400 | SPS=1261
update 60/390 | step=122880 | SPS=1271
update 70/390 | step=143360 | SPS=1279
update 80/390 | step=163840 | SPS=1280
update 90/390 | step=184320 | SPS=1285
[200016] Regime switch detected! 1 -> 0. Snapshotting anchor model.
update 100/390 | step=204800 | SPS=1290
update 110/390 | step=225280 | SPS=1277
update 120/390 | step=245760 | SPS=1270
update 130/390 | step=266240 | SPS=1273
update 140/390 | step=286720 | SPS=1275
[300016] Regime switch detected! 0 -> 1. Snapshotting anchor model.
update 150/390 | step=307200 | SPS=1277
update 160/390 | step=327680 | SPS=1279
update 170/390 | step=348160 | SPS=1276
update 180/390 | step=368640 | SPS=1273
update 190/390 | step=389120 | SPS=1268
[400016] Regime switch detected! 1 -> 0. Snapshotting anchor model.
update 200/390 | step=409600 | SPS=1266
update 210/390 | step=430080 | SPS=1269
update 220/390 | step=450560 | SPS=1270
update 230/390 | step=471040 | SPS=1272
update 240/390 | step=491520 | SPS=1273
[500016] Regime switch detected! 0 -> 1. Snapshotting anchor model.
update 250/390 | step=512000 | SPS=1273
update 260/390 | step=532480 | SPS=1275
update 270/390 | step=552960 | SPS=1276
update 280/390 | step=573440 | SPS=1274
update 290/390 | step=593920 | SPS=1274
[600016] Regime switch detected! 1 -> 0. Snapshotting anchor model.
update 300/390 | step=614400 | SPS=1275
update 310/390 | step=634880 | SPS=1276
update 320/390 | step=655360 | SPS=1274
update 330/390 | step=675840 | SPS=1275
update 340/390 | step=696320 | SPS=1277
[700016] Regime switch detected! 0 -> 1. Snapshotting anchor model.
update 350/390 | step=716800 | SPS=1277
update 360/390 | step=737280 | SPS=1279
update 370/390 | step=757760 | SPS=1280
update 380/390 | step=778240 | SPS=1281
update 390/390 | step=798720 | SPS=1281
Episode 34/60 | reward=4.0069 | avg10=2.5540 | avg_success_rate=0.9800 | steps=38 | time=626.2s
update 10/390 | step=20480 | SPS=1337
update 20/390 | step=40960 | SPS=1358
update 30/390 | step=61440 | SPS=1348
update 40/390 | step=81920 | SPS=1332
[100016] Regime switch detected! 0 -> 1. Snapshotting anchor model.
update 50/390 | step=102400 | SPS=1319
update 60/390 | step=122880 | SPS=1316
update 70/390 | step=143360 | SPS=1314
update 80/390 | step=163840 | SPS=1325
update 90/390 | step=184320 | SPS=1340
[200016] Regime switch detected! 1 -> 0. Snapshotting anchor model.
update 100/390 | step=204800 | SPS=1355
update 110/390 | step=225280 | SPS=1356
update 120/390 | step=245760 | SPS=1363
update 130/390 | step=266240 | SPS=1373
update 140/390 | step=286720 | SPS=1380
[300016] Regime switch detected! 0 -> 1. Snapshotting anchor model.
update 150/390 | step=307200 | SPS=1386
update 160/390 | step=327680 | SPS=1391
update 170/390 | step=348160 | SPS=1397
update 180/390 | step=368640 | SPS=1403
update 190/390 | step=389120 | SPS=1406
[400016] Regime switch detected! 1 -> 0. Snapshotting anchor model.
update 200/390 | step=409600 | SPS=1410
update 210/390 | step=430080 | SPS=1404
update 220/390 | step=450560 | SPS=1398
update 230/390 | step=471040 | SPS=1396
update 240/390 | step=491520 | SPS=1400
[500016] Regime switch detected! 0 -> 1. Snapshotting anchor model.
update 250/390 | step=512000 | SPS=1404
update 260/390 | step=532480 | SPS=1400
update 270/390 | step=552960 | SPS=1396
update 280/390 | step=573440 | SPS=1393
update 290/390 | step=593920 | SPS=1389
[600016] Regime switch detected! 1 -> 0. Snapshotting anchor model.
update 300/390 | step=614400 | SPS=1385
update 310/390 | step=634880 | SPS=1387
update 320/390 | step=655360 | SPS=1389
update 330/390 | step=675840 | SPS=1385
update 340/390 | step=696320 | SPS=1383
[700016] Regime switch detected! 0 -> 1. Snapshotting anchor model.
update 350/390 | step=716800 | SPS=1381
update 360/390 | step=737280 | SPS=1378
update 370/390 | step=757760 | SPS=1380
update 380/390 | step=778240 | SPS=1380
update 390/390 | step=798720 | SPS=1382
Episode 35/60 | reward=6.3798 | avg10=2.6474 | avg_success_rate=0.8900 | steps=38 | time=580.7s
  [brain ckpt] runs/calib8x8_brain_neuromod_trainable_slow_long_seed2_20260701-180038/episode_35/brain_ep35.pt
update 10/390 | step=20480 | SPS=1380
update 20/390 | step=40960 | SPS=1390
update 30/390 | step=61440 | SPS=1423
update 40/390 | step=81920 | SPS=1437
[100016] Regime switch detected! 0 -> 1. Snapshotting anchor model.
update 50/390 | step=102400 | SPS=1442
update 60/390 | step=122880 | SPS=1445
update 70/390 | step=143360 | SPS=1455
update 80/390 | step=163840 | SPS=1458
update 90/390 | step=184320 | SPS=1461
[200016] Regime switch detected! 1 -> 0. Snapshotting anchor model.
update 100/390 | step=204800 | SPS=1464
update 110/390 | step=225280 | SPS=1461
update 120/390 | step=245760 | SPS=1464
update 130/390 | step=266240 | SPS=1464
update 140/390 | step=286720 | SPS=1464
[300016] Regime switch detected! 0 -> 1. Snapshotting anchor model.
update 150/390 | step=307200 | SPS=1461
update 160/390 | step=327680 | SPS=1453
update 170/390 | step=348160 | SPS=1448
update 180/390 | step=368640 | SPS=1436
update 190/390 | step=389120 | SPS=1433
[400016] Regime switch detected! 1 -> 0. Snapshotting anchor model.
update 200/390 | step=409600 | SPS=1430
update 210/390 | step=430080 | SPS=1433
update 220/390 | step=450560 | SPS=1432
update 230/390 | step=471040 | SPS=1435
update 240/390 | step=491520 | SPS=1438
[500016] Regime switch detected! 0 -> 1. Snapshotting anchor model.
update 250/390 | step=512000 | SPS=1433
update 260/390 | step=532480 | SPS=1425
update 270/390 | step=552960 | SPS=1420
update 280/390 | step=573440 | SPS=1414
update 290/390 | step=593920 | SPS=1409
[600016] Regime switch detected! 1 -> 0. Snapshotting anchor model.
update 300/390 | step=614400 | SPS=1405
update 310/390 | step=634880 | SPS=1402
update 320/390 | step=655360 | SPS=1398
update 330/390 | step=675840 | SPS=1396
update 340/390 | step=696320 | SPS=1398
[700016] Regime switch detected! 0 -> 1. Snapshotting anchor model.
update 350/390 | step=716800 | SPS=1398
update 360/390 | step=737280 | SPS=1398
update 370/390 | step=757760 | SPS=1401
update 380/390 | step=778240 | SPS=1403
update 390/390 | step=798720 | SPS=1404
Episode 36/60 | reward=4.2299 | avg10=2.8670 | avg_success_rate=0.9000 | steps=38 | time=571.9s
update 10/390 | step=20480 | SPS=1365
update 20/390 | step=40960 | SPS=1341
update 30/390 | step=61440 | SPS=1338
update 40/390 | step=81920 | SPS=1352
[100016] Regime switch detected! 0 -> 1. Snapshotting anchor model.
update 50/390 | step=102400 | SPS=1365
update 60/390 | step=122880 | SPS=1380
update 70/390 | step=143360 | SPS=1395
update 80/390 | step=163840 | SPS=1406
update 90/390 | step=184320 | SPS=1416
[200016] Regime switch detected! 1 -> 0. Snapshotting anchor model.
update 100/390 | step=204800 | SPS=1417
update 110/390 | step=225280 | SPS=1403
update 120/390 | step=245760 | SPS=1399
update 130/390 | step=266240 | SPS=1390
update 140/390 | step=286720 | SPS=1382
[300016] Regime switch detected! 0 -> 1. Snapshotting anchor model.
update 150/390 | step=307200 | SPS=1375
update 160/390 | step=327680 | SPS=1371
update 170/390 | step=348160 | SPS=1365
update 180/390 | step=368640 | SPS=1363
update 190/390 | step=389120 | SPS=1371
[400016] Regime switch detected! 1 -> 0. Snapshotting anchor model.
update 200/390 | step=409600 | SPS=1377
update 210/390 | step=430080 | SPS=1378
update 220/390 | step=450560 | SPS=1378
update 230/390 | step=471040 | SPS=1376
update 240/390 | step=491520 | SPS=1374
[500016] Regime switch detected! 0 -> 1. Snapshotting anchor model.
update 250/390 | step=512000 | SPS=1375
update 260/390 | step=532480 | SPS=1377
update 270/390 | step=552960 | SPS=1378
update 280/390 | step=573440 | SPS=1382
update 290/390 | step=593920 | SPS=1384
[600016] Regime switch detected! 1 -> 0. Snapshotting anchor model.
update 300/390 | step=614400 | SPS=1387
update 310/390 | step=634880 | SPS=1385
update 320/390 | step=655360 | SPS=1383
update 330/390 | step=675840 | SPS=1380
update 340/390 | step=696320 | SPS=1379
[700016] Regime switch detected! 0 -> 1. Snapshotting anchor model.
update 350/390 | step=716800 | SPS=1379
update 360/390 | step=737280 | SPS=1381
update 370/390 | step=757760 | SPS=1384
update 380/390 | step=778240 | SPS=1386
update 390/390 | step=798720 | SPS=1384
Episode 37/60 | reward=2.4204 | avg10=2.7018 | avg_success_rate=0.6900 | steps=38 | time=580.0s
update 10/390 | step=20480 | SPS=1369
update 20/390 | step=40960 | SPS=1339
update 30/390 | step=61440 | SPS=1331
update 40/390 | step=81920 | SPS=1317
[100016] Regime switch detected! 0 -> 1. Snapshotting anchor model.
update 50/390 | step=102400 | SPS=1313
update 60/390 | step=122880 | SPS=1339
update 70/390 | step=143360 | SPS=1355
update 80/390 | step=163840 | SPS=1359
update 90/390 | step=184320 | SPS=1351
[200016] Regime switch detected! 1 -> 0. Snapshotting anchor model.
update 100/390 | step=204800 | SPS=1360
update 110/390 | step=225280 | SPS=1352
update 120/390 | step=245760 | SPS=1359
update 130/390 | step=266240 | SPS=1355
update 140/390 | step=286720 | SPS=1349
[300016] Regime switch detected! 0 -> 1. Snapshotting anchor model.
update 150/390 | step=307200 | SPS=1346
update 160/390 | step=327680 | SPS=1344
update 170/390 | step=348160 | SPS=1341
update 180/390 | step=368640 | SPS=1338
update 190/390 | step=389120 | SPS=1335
[400016] Regime switch detected! 1 -> 0. Snapshotting anchor model.
update 200/390 | step=409600 | SPS=1333
update 210/390 | step=430080 | SPS=1332
update 220/390 | step=450560 | SPS=1333
update 230/390 | step=471040 | SPS=1339
update 240/390 | step=491520 | SPS=1340
[500016] Regime switch detected! 0 -> 1. Snapshotting anchor model.
update 250/390 | step=512000 | SPS=1338
update 260/390 | step=532480 | SPS=1335
update 270/390 | step=552960 | SPS=1334
update 280/390 | step=573440 | SPS=1333
update 290/390 | step=593920 | SPS=1332
[600016] Regime switch detected! 1 -> 0. Snapshotting anchor model.
update 300/390 | step=614400 | SPS=1336
update 310/390 | step=634880 | SPS=1340
update 320/390 | step=655360 | SPS=1342
update 330/390 | step=675840 | SPS=1345
update 340/390 | step=696320 | SPS=1343
[700016] Regime switch detected! 0 -> 1. Snapshotting anchor model.
update 350/390 | step=716800 | SPS=1346
update 360/390 | step=737280 | SPS=1345
update 370/390 | step=757760 | SPS=1343
update 380/390 | step=778240 | SPS=1342
update 390/390 | step=798720 | SPS=1341
Episode 38/60 | reward=1.1992 | avg10=3.1288 | avg_success_rate=0.9200 | steps=38 | time=598.4s
update 10/390 | step=20480 | SPS=1523
update 20/390 | step=40960 | SPS=1517
update 30/390 | step=61440 | SPS=1519
update 40/390 | step=81920 | SPS=1511
[100016] Regime switch detected! 0 -> 1. Snapshotting anchor model.
update 50/390 | step=102400 | SPS=1495
update 60/390 | step=122880 | SPS=1459
update 70/390 | step=143360 | SPS=1436
update 80/390 | step=163840 | SPS=1414
update 90/390 | step=184320 | SPS=1398
[200016] Regime switch detected! 1 -> 0. Snapshotting anchor model.
update 100/390 | step=204800 | SPS=1387
update 110/390 | step=225280 | SPS=1379
update 120/390 | step=245760 | SPS=1371
update 130/390 | step=266240 | SPS=1367
update 140/390 | step=286720 | SPS=1361
[300016] Regime switch detected! 0 -> 1. Snapshotting anchor model.
update 150/390 | step=307200 | SPS=1360
update 160/390 | step=327680 | SPS=1368
update 170/390 | step=348160 | SPS=1373
update 180/390 | step=368640 | SPS=1378
update 190/390 | step=389120 | SPS=1373
[400016] Regime switch detected! 1 -> 0. Snapshotting anchor model.
update 200/390 | step=409600 | SPS=1369
update 210/390 | step=430080 | SPS=1367
update 220/390 | step=450560 | SPS=1368
update 230/390 | step=471040 | SPS=1372
update 240/390 | step=491520 | SPS=1368
[500016] Regime switch detected! 0 -> 1. Snapshotting anchor model.
update 250/390 | step=512000 | SPS=1366
update 260/390 | step=532480 | SPS=1362
update 270/390 | step=552960 | SPS=1365
update 280/390 | step=573440 | SPS=1369
update 290/390 | step=593920 | SPS=1368
[600016] Regime switch detected! 1 -> 0. Snapshotting anchor model.
update 300/390 | step=614400 | SPS=1366
update 310/390 | step=634880 | SPS=1365
update 320/390 | step=655360 | SPS=1364
update 330/390 | step=675840 | SPS=1364
update 340/390 | step=696320 | SPS=1365
[700016] Regime switch detected! 0 -> 1. Snapshotting anchor model.
update 350/390 | step=716800 | SPS=1368
update 360/390 | step=737280 | SPS=1370
update 370/390 | step=757760 | SPS=1373
update 380/390 | step=778240 | SPS=1376
update 390/390 | step=798720 | SPS=1379
Episode 39/60 | reward=0.7091 | avg10=3.0066 | avg_success_rate=0.8200 | steps=38 | time=582.2s
update 10/390 | step=20480 | SPS=1385
update 20/390 | step=40960 | SPS=1364
update 30/390 | step=61440 | SPS=1357
update 40/390 | step=81920 | SPS=1374
[100016] Regime switch detected! 0 -> 1. Snapshotting anchor model.
update 50/390 | step=102400 | SPS=1385
update 60/390 | step=122880 | SPS=1396
update 70/390 | step=143360 | SPS=1409
update 80/390 | step=163840 | SPS=1423
update 90/390 | step=184320 | SPS=1431
[200016] Regime switch detected! 1 -> 0. Snapshotting anchor model.
update 100/390 | step=204800 | SPS=1437
update 110/390 | step=225280 | SPS=1423
update 120/390 | step=245760 | SPS=1414
update 130/390 | step=266240 | SPS=1415
update 140/390 | step=286720 | SPS=1420
[300016] Regime switch detected! 0 -> 1. Snapshotting anchor model.
update 150/390 | step=307200 | SPS=1420
update 160/390 | step=327680 | SPS=1412
update 170/390 | step=348160 | SPS=1407
update 180/390 | step=368640 | SPS=1410
update 190/390 | step=389120 | SPS=1415
[400016] Regime switch detected! 1 -> 0. Snapshotting anchor model.
update 200/390 | step=409600 | SPS=1419
update 210/390 | step=430080 | SPS=1413
update 220/390 | step=450560 | SPS=1406
update 230/390 | step=471040 | SPS=1401
update 240/390 | step=491520 | SPS=1397
[500016] Regime switch detected! 0 -> 1. Snapshotting anchor model.
update 250/390 | step=512000 | SPS=1393
update 260/390 | step=532480 | SPS=1392
update 270/390 | step=552960 | SPS=1393
update 280/390 | step=573440 | SPS=1390
update 290/390 | step=593920 | SPS=1387
[600016] Regime switch detected! 1 -> 0. Snapshotting anchor model.
update 300/390 | step=614400 | SPS=1384
update 310/390 | step=634880 | SPS=1382
update 320/390 | step=655360 | SPS=1383
update 330/390 | step=675840 | SPS=1380
update 340/390 | step=696320 | SPS=1378
[700016] Regime switch detected! 0 -> 1. Snapshotting anchor model.
update 350/390 | step=716800 | SPS=1376
update 360/390 | step=737280 | SPS=1375
update 370/390 | step=757760 | SPS=1373
update 380/390 | step=778240 | SPS=1373
update 390/390 | step=798720 | SPS=1372
Episode 40/60 | reward=5.6956 | avg10=3.0763 | avg_success_rate=0.9300 | steps=38 | time=584.9s
  [brain ckpt] runs/calib8x8_brain_neuromod_trainable_slow_long_seed2_20260701-180038/episode_40/brain_ep40.pt
update 10/390 | step=20480 | SPS=1371
update 20/390 | step=40960 | SPS=1351
update 30/390 | step=61440 | SPS=1361
update 40/390 | step=81920 | SPS=1347
[100016] Regime switch detected! 0 -> 1. Snapshotting anchor model.
update 50/390 | step=102400 | SPS=1334
update 60/390 | step=122880 | SPS=1324
update 70/390 | step=143360 | SPS=1336
update 80/390 | step=163840 | SPS=1356
update 90/390 | step=184320 | SPS=1369
[200016] Regime switch detected! 1 -> 0. Snapshotting anchor model.
update 100/390 | step=204800 | SPS=1380
update 110/390 | step=225280 | SPS=1388
update 120/390 | step=245760 | SPS=1396
update 130/390 | step=266240 | SPS=1393
update 140/390 | step=286720 | SPS=1393
[300016] Regime switch detected! 0 -> 1. Snapshotting anchor model.
update 150/390 | step=307200 | SPS=1390
update 160/390 | step=327680 | SPS=1397
update 170/390 | step=348160 | SPS=1400
update 180/390 | step=368640 | SPS=1401
update 190/390 | step=389120 | SPS=1400
[400016] Regime switch detected! 1 -> 0. Snapshotting anchor model.
update 200/390 | step=409600 | SPS=1403
update 210/390 | step=430080 | SPS=1398
update 220/390 | step=450560 | SPS=1392
update 230/390 | step=471040 | SPS=1392
update 240/390 | step=491520 | SPS=1393
[500016] Regime switch detected! 0 -> 1. Snapshotting anchor model.
update 250/390 | step=512000 | SPS=1396
update 260/390 | step=532480 | SPS=1392
update 270/390 | step=552960 | SPS=1388
update 280/390 | step=573440 | SPS=1383
update 290/390 | step=593920 | SPS=1385
[600016] Regime switch detected! 1 -> 0. Snapshotting anchor model.
update 300/390 | step=614400 | SPS=1386
update 310/390 | step=634880 | SPS=1389
update 320/390 | step=655360 | SPS=1388
update 330/390 | step=675840 | SPS=1385
update 340/390 | step=696320 | SPS=1386
[700016] Regime switch detected! 0 -> 1. Snapshotting anchor model.
update 350/390 | step=716800 | SPS=1386
update 360/390 | step=737280 | SPS=1388
update 370/390 | step=757760 | SPS=1390
update 380/390 | step=778240 | SPS=1392
update 390/390 | step=798720 | SPS=1393
Episode 41/60 | reward=3.8312 | avg10=3.4437 | avg_success_rate=0.7800 | steps=38 | time=576.2s
update 10/390 | step=20480 | SPS=1351
update 20/390 | step=40960 | SPS=1349
update 30/390 | step=61440 | SPS=1360
update 40/390 | step=81920 | SPS=1351
[100016] Regime switch detected! 0 -> 1. Snapshotting anchor model.
update 50/390 | step=102400 | SPS=1367
update 60/390 | step=122880 | SPS=1382
update 70/390 | step=143360 | SPS=1400
update 80/390 | step=163840 | SPS=1405
update 90/390 | step=184320 | SPS=1395
[200016] Regime switch detected! 1 -> 0. Snapshotting anchor model.
update 100/390 | step=204800 | SPS=1389
update 110/390 | step=225280 | SPS=1380
update 120/390 | step=245760 | SPS=1384
update 130/390 | step=266240 | SPS=1391
update 140/390 | step=286720 | SPS=1391
[300016] Regime switch detected! 0 -> 1. Snapshotting anchor model.
update 150/390 | step=307200 | SPS=1385
update 160/390 | step=327680 | SPS=1380
update 170/390 | step=348160 | SPS=1374
update 180/390 | step=368640 | SPS=1373
update 190/390 | step=389120 | SPS=1379
[400016] Regime switch detected! 1 -> 0. Snapshotting anchor model.
update 200/390 | step=409600 | SPS=1384
update 210/390 | step=430080 | SPS=1388
update 220/390 | step=450560 | SPS=1391
update 230/390 | step=471040 | SPS=1395
update 240/390 | step=491520 | SPS=1398
[500016] Regime switch detected! 0 -> 1. Snapshotting anchor model.
update 250/390 | step=512000 | SPS=1401
update 260/390 | step=532480 | SPS=1403
update 270/390 | step=552960 | SPS=1406
update 280/390 | step=573440 | SPS=1403
update 290/390 | step=593920 | SPS=1398
[600016] Regime switch detected! 1 -> 0. Snapshotting anchor model.
update 300/390 | step=614400 | SPS=1395
update 310/390 | step=634880 | SPS=1391
update 320/390 | step=655360 | SPS=1388
update 330/390 | step=675840 | SPS=1386
update 340/390 | step=696320 | SPS=1383
[700016] Regime switch detected! 0 -> 1. Snapshotting anchor model.
update 350/390 | step=716800 | SPS=1381
update 360/390 | step=737280 | SPS=1383
update 370/390 | step=757760 | SPS=1381
update 380/390 | step=778240 | SPS=1378
update 390/390 | step=798720 | SPS=1377
Episode 42/60 | reward=5.5655 | avg10=3.7566 | avg_success_rate=0.7400 | steps=38 | time=583.1s
update 10/390 | step=20480 | SPS=1351
update 20/390 | step=40960 | SPS=1353
update 30/390 | step=61440 | SPS=1406
update 40/390 | step=81920 | SPS=1425
[100016] Regime switch detected! 0 -> 1. Snapshotting anchor model.
update 50/390 | step=102400 | SPS=1408
update 60/390 | step=122880 | SPS=1393
update 70/390 | step=143360 | SPS=1395
update 80/390 | step=163840 | SPS=1403
update 90/390 | step=184320 | SPS=1407
[200016] Regime switch detected! 1 -> 0. Snapshotting anchor model.
update 100/390 | step=204800 | SPS=1396
update 110/390 | step=225280 | SPS=1388
update 120/390 | step=245760 | SPS=1379
update 130/390 | step=266240 | SPS=1376
update 140/390 | step=286720 | SPS=1372
[300016] Regime switch detected! 0 -> 1. Snapshotting anchor model.
update 150/390 | step=307200 | SPS=1377
update 160/390 | step=327680 | SPS=1384
update 170/390 | step=348160 | SPS=1390
update 180/390 | step=368640 | SPS=1393
update 190/390 | step=389120 | SPS=1394
[400016] Regime switch detected! 1 -> 0. Snapshotting anchor model.
update 200/390 | step=409600 | SPS=1391
update 210/390 | step=430080 | SPS=1388
update 220/390 | step=450560 | SPS=1385
update 230/390 | step=471040 | SPS=1380
update 240/390 | step=491520 | SPS=1376
[500016] Regime switch detected! 0 -> 1. Snapshotting anchor model.
update 250/390 | step=512000 | SPS=1372
update 260/390 | step=532480 | SPS=1369
update 270/390 | step=552960 | SPS=1372
update 280/390 | step=573440 | SPS=1376
update 290/390 | step=593920 | SPS=1378
[600016] Regime switch detected! 1 -> 0. Snapshotting anchor model.
update 300/390 | step=614400 | SPS=1376
update 310/390 | step=634880 | SPS=1373
update 320/390 | step=655360 | SPS=1370
update 330/390 | step=675840 | SPS=1369
update 340/390 | step=696320 | SPS=1370
[700016] Regime switch detected! 0 -> 1. Snapshotting anchor model.
update 350/390 | step=716800 | SPS=1374
update 360/390 | step=737280 | SPS=1377
update 370/390 | step=757760 | SPS=1379
update 380/390 | step=778240 | SPS=1380
update 390/390 | step=798720 | SPS=1382
Episode 43/60 | reward=-1.6061 | avg10=3.2431 | avg_success_rate=0.3800 | steps=38 | time=580.8s
update 10/390 | step=20480 | SPS=1369
update 20/390 | step=40960 | SPS=1391
update 30/390 | step=61440 | SPS=1420
update 40/390 | step=81920 | SPS=1407
[100016] Regime switch detected! 0 -> 1. Snapshotting anchor model.
update 50/390 | step=102400 | SPS=1403
update 60/390 | step=122880 | SPS=1394
update 70/390 | step=143360 | SPS=1405
update 80/390 | step=163840 | SPS=1411
update 90/390 | step=184320 | SPS=1419
[200016] Regime switch detected! 1 -> 0. Snapshotting anchor model.
update 100/390 | step=204800 | SPS=1423
update 110/390 | step=225280 | SPS=1428
update 120/390 | step=245760 | SPS=1421
update 130/390 | step=266240 | SPS=1416
update 140/390 | step=286720 | SPS=1414
[300016] Regime switch detected! 0 -> 1. Snapshotting anchor model.
update 150/390 | step=307200 | SPS=1408
update 160/390 | step=327680 | SPS=1403
update 170/390 | step=348160 | SPS=1399
update 180/390 | step=368640 | SPS=1397
update 190/390 | step=389120 | SPS=1394
[400016] Regime switch detected! 1 -> 0. Snapshotting anchor model.
update 200/390 | step=409600 | SPS=1389
update 210/390 | step=430080 | SPS=1388
update 220/390 | step=450560 | SPS=1388
update 230/390 | step=471040 | SPS=1382
update 240/390 | step=491520 | SPS=1379
[500016] Regime switch detected! 0 -> 1. Snapshotting anchor model.
update 250/390 | step=512000 | SPS=1375
update 260/390 | step=532480 | SPS=1371
update 270/390 | step=552960 | SPS=1368
update 280/390 | step=573440 | SPS=1366
update 290/390 | step=593920 | SPS=1368
[600016] Regime switch detected! 1 -> 0. Snapshotting anchor model.
update 300/390 | step=614400 | SPS=1365
update 310/390 | step=634880 | SPS=1363
update 320/390 | step=655360 | SPS=1364
update 330/390 | step=675840 | SPS=1367
update 340/390 | step=696320 | SPS=1370
[700016] Regime switch detected! 0 -> 1. Snapshotting anchor model.
update 350/390 | step=716800 | SPS=1368
update 360/390 | step=737280 | SPS=1365
update 370/390 | step=757760 | SPS=1363
update 380/390 | step=778240 | SPS=1361
update 390/390 | step=798720 | SPS=1359
Episode 44/60 | reward=-0.2491 | avg10=2.8175 | avg_success_rate=0.8200 | steps=38 | time=590.5s
update 10/390 | step=20480 | SPS=1354
update 20/390 | step=40960 | SPS=1336
update 30/390 | step=61440 | SPS=1328
update 40/390 | step=81920 | SPS=1316
[100016] Regime switch detected! 0 -> 1. Snapshotting anchor model.
update 50/390 | step=102400 | SPS=1306
update 60/390 | step=122880 | SPS=1300
update 70/390 | step=143360 | SPS=1305
update 80/390 | step=163840 | SPS=1306
update 90/390 | step=184320 | SPS=1306
[200016] Regime switch detected! 1 -> 0. Snapshotting anchor model.
update 100/390 | step=204800 | SPS=1310
update 110/390 | step=225280 | SPS=1320
update 120/390 | step=245760 | SPS=1324
update 130/390 | step=266240 | SPS=1321
update 140/390 | step=286720 | SPS=1318
[300016] Regime switch detected! 0 -> 1. Snapshotting anchor model.
update 150/390 | step=307200 | SPS=1321
update 160/390 | step=327680 | SPS=1331
update 170/390 | step=348160 | SPS=1334
update 180/390 | step=368640 | SPS=1330
update 190/390 | step=389120 | SPS=1330
[400016] Regime switch detected! 1 -> 0. Snapshotting anchor model.
update 200/390 | step=409600 | SPS=1329
update 210/390 | step=430080 | SPS=1328
update 220/390 | step=450560 | SPS=1327
update 230/390 | step=471040 | SPS=1327
update 240/390 | step=491520 | SPS=1327
[500016] Regime switch detected! 0 -> 1. Snapshotting anchor model.
update 250/390 | step=512000 | SPS=1326
update 260/390 | step=532480 | SPS=1324
update 270/390 | step=552960 | SPS=1325
update 280/390 | step=573440 | SPS=1330
update 290/390 | step=593920 | SPS=1330
[600016] Regime switch detected! 1 -> 0. Snapshotting anchor model.
update 300/390 | step=614400 | SPS=1329
update 310/390 | step=634880 | SPS=1327
update 320/390 | step=655360 | SPS=1326
update 330/390 | step=675840 | SPS=1329
update 340/390 | step=696320 | SPS=1330
[700016] Regime switch detected! 0 -> 1. Snapshotting anchor model.
update 350/390 | step=716800 | SPS=1330
update 360/390 | step=737280 | SPS=1329
update 370/390 | step=757760 | SPS=1329
update 380/390 | step=778240 | SPS=1328
update 390/390 | step=798720 | SPS=1329
Episode 45/60 | reward=4.6702 | avg10=2.6466 | avg_success_rate=0.8100 | steps=38 | time=603.7s
  [brain ckpt] runs/calib8x8_brain_neuromod_trainable_slow_long_seed2_20260701-180038/episode_45/brain_ep45.pt
update 10/390 | step=20480 | SPS=1394
update 20/390 | step=40960 | SPS=1375
update 30/390 | step=61440 | SPS=1425
update 40/390 | step=81920 | SPS=1420
[100016] Regime switch detected! 0 -> 1. Snapshotting anchor model.
update 50/390 | step=102400 | SPS=1427
update 60/390 | step=122880 | SPS=1440
update 70/390 | step=143360 | SPS=1448
update 80/390 | step=163840 | SPS=1430
update 90/390 | step=184320 | SPS=1414
[200016] Regime switch detected! 1 -> 0. Snapshotting anchor model.
update 100/390 | step=204800 | SPS=1415
update 110/390 | step=225280 | SPS=1407
update 120/390 | step=245760 | SPS=1395
update 130/390 | step=266240 | SPS=1388
update 140/390 | step=286720 | SPS=1379
[300016] Regime switch detected! 0 -> 1. Snapshotting anchor model.
update 150/390 | step=307200 | SPS=1374
update 160/390 | step=327680 | SPS=1371
update 170/390 | step=348160 | SPS=1370
update 180/390 | step=368640 | SPS=1375
update 190/390 | step=389120 | SPS=1379
[400016] Regime switch detected! 1 -> 0. Snapshotting anchor model.
update 200/390 | step=409600 | SPS=1380
update 210/390 | step=430080 | SPS=1385
update 220/390 | step=450560 | SPS=1383
update 230/390 | step=471040 | SPS=1381
update 240/390 | step=491520 | SPS=1380
[500016] Regime switch detected! 0 -> 1. Snapshotting anchor model.
update 250/390 | step=512000 | SPS=1378
update 260/390 | step=532480 | SPS=1373
update 270/390 | step=552960 | SPS=1377
update 280/390 | step=573440 | SPS=1381
update 290/390 | step=593920 | SPS=1381
[600016] Regime switch detected! 1 -> 0. Snapshotting anchor model.
update 300/390 | step=614400 | SPS=1380
update 310/390 | step=634880 | SPS=1378
update 320/390 | step=655360 | SPS=1375
update 330/390 | step=675840 | SPS=1372
update 340/390 | step=696320 | SPS=1371
[700016] Regime switch detected! 0 -> 1. Snapshotting anchor model.
update 350/390 | step=716800 | SPS=1374
update 360/390 | step=737280 | SPS=1373
update 370/390 | step=757760 | SPS=1374
update 380/390 | step=778240 | SPS=1373
update 390/390 | step=798720 | SPS=1374
Episode 46/60 | reward=1.2750 | avg10=2.3511 | avg_success_rate=0.8300 | steps=38 | time=584.2s
update 10/390 | step=20480 | SPS=1545
update 20/390 | step=40960 | SPS=1514
update 30/390 | step=61440 | SPS=1444
update 40/390 | step=81920 | SPS=1401
[100016] Regime switch detected! 0 -> 1. Snapshotting anchor model.
update 50/390 | step=102400 | SPS=1380
update 60/390 | step=122880 | SPS=1371
update 70/390 | step=143360 | SPS=1374
update 80/390 | step=163840 | SPS=1385
update 90/390 | step=184320 | SPS=1396
[200016] Regime switch detected! 1 -> 0. Snapshotting anchor model.
update 100/390 | step=204800 | SPS=1406
update 110/390 | step=225280 | SPS=1405
update 120/390 | step=245760 | SPS=1405
update 130/390 | step=266240 | SPS=1406
update 140/390 | step=286720 | SPS=1403
[300016] Regime switch detected! 0 -> 1. Snapshotting anchor model.
update 150/390 | step=307200 | SPS=1403
update 160/390 | step=327680 | SPS=1397
update 170/390 | step=348160 | SPS=1389
update 180/390 | step=368640 | SPS=1389
update 190/390 | step=389120 | SPS=1382
[400016] Regime switch detected! 1 -> 0. Snapshotting anchor model.
update 200/390 | step=409600 | SPS=1380
update 210/390 | step=430080 | SPS=1385
update 220/390 | step=450560 | SPS=1390
update 230/390 | step=471040 | SPS=1394
update 240/390 | step=491520 | SPS=1397
[500016] Regime switch detected! 0 -> 1. Snapshotting anchor model.
update 250/390 | step=512000 | SPS=1399
update 260/390 | step=532480 | SPS=1401
update 270/390 | step=552960 | SPS=1404
update 280/390 | step=573440 | SPS=1406
update 290/390 | step=593920 | SPS=1408
[600016] Regime switch detected! 1 -> 0. Snapshotting anchor model.
update 300/390 | step=614400 | SPS=1411
update 310/390 | step=634880 | SPS=1410
update 320/390 | step=655360 | SPS=1407
update 330/390 | step=675840 | SPS=1405
update 340/390 | step=696320 | SPS=1401
[700016] Regime switch detected! 0 -> 1. Snapshotting anchor model.
update 350/390 | step=716800 | SPS=1402
update 360/390 | step=737280 | SPS=1404
update 370/390 | step=757760 | SPS=1406
update 380/390 | step=778240 | SPS=1407
update 390/390 | step=798720 | SPS=1409
Episode 47/60 | reward=1.0285 | avg10=2.2119 | avg_success_rate=0.9200 | steps=38 | time=569.7s
update 10/390 | step=20480 | SPS=1526
update 20/390 | step=40960 | SPS=1521
update 30/390 | step=61440 | SPS=1462
update 40/390 | step=81920 | SPS=1468
[100016] Regime switch detected! 0 -> 1. Snapshotting anchor model.
update 50/390 | step=102400 | SPS=1470
update 60/390 | step=122880 | SPS=1468
update 70/390 | step=143360 | SPS=1453
update 80/390 | step=163840 | SPS=1427
update 90/390 | step=184320 | SPS=1411
[200016] Regime switch detected! 1 -> 0. Snapshotting anchor model.
update 100/390 | step=204800 | SPS=1401
update 110/390 | step=225280 | SPS=1390
update 120/390 | step=245760 | SPS=1379
update 130/390 | step=266240 | SPS=1373
update 140/390 | step=286720 | SPS=1368
[300016] Regime switch detected! 0 -> 1. Snapshotting anchor model.
update 150/390 | step=307200 | SPS=1374
update 160/390 | step=327680 | SPS=1382
update 170/390 | step=348160 | SPS=1385
update 180/390 | step=368640 | SPS=1389
update 190/390 | step=389120 | SPS=1393
[400016] Regime switch detected! 1 -> 0. Snapshotting anchor model.
update 200/390 | step=409600 | SPS=1397
update 210/390 | step=430080 | SPS=1397
update 220/390 | step=450560 | SPS=1399
update 230/390 | step=471040 | SPS=1403
update 240/390 | step=491520 | SPS=1406
[500016] Regime switch detected! 0 -> 1. Snapshotting anchor model.
update 250/390 | step=512000 | SPS=1406
update 260/390 | step=532480 | SPS=1401
update 270/390 | step=552960 | SPS=1397
update 280/390 | step=573440 | SPS=1394
update 290/390 | step=593920 | SPS=1391
[600016] Regime switch detected! 1 -> 0. Snapshotting anchor model.
update 300/390 | step=614400 | SPS=1389
update 310/390 | step=634880 | SPS=1389
update 320/390 | step=655360 | SPS=1387
update 330/390 | step=675840 | SPS=1383
update 340/390 | step=696320 | SPS=1380
[700016] Regime switch detected! 0 -> 1. Snapshotting anchor model.
update 350/390 | step=716800 | SPS=1380
update 360/390 | step=737280 | SPS=1378
update 370/390 | step=757760 | SPS=1376
update 380/390 | step=778240 | SPS=1374
update 390/390 | step=798720 | SPS=1375
Episode 48/60 | reward=2.7112 | avg10=2.3631 | avg_success_rate=0.9500 | steps=38 | time=583.6s
update 10/390 | step=20480 | SPS=1398
update 20/390 | step=40960 | SPS=1359
update 30/390 | step=61440 | SPS=1357
update 40/390 | step=81920 | SPS=1384
[100016] Regime switch detected! 0 -> 1. Snapshotting anchor model.
update 50/390 | step=102400 | SPS=1402
update 60/390 | step=122880 | SPS=1404
update 70/390 | step=143360 | SPS=1391
update 80/390 | step=163840 | SPS=1380
update 90/390 | step=184320 | SPS=1380
[200016] Regime switch detected! 1 -> 0. Snapshotting anchor model.
update 100/390 | step=204800 | SPS=1373
update 110/390 | step=225280 | SPS=1376
update 120/390 | step=245760 | SPS=1373
update 130/390 | step=266240 | SPS=1377
update 140/390 | step=286720 | SPS=1377
[300016] Regime switch detected! 0 -> 1. Snapshotting anchor model.
update 150/390 | step=307200 | SPS=1384
update 160/390 | step=327680 | SPS=1391
update 170/390 | step=348160 | SPS=1389
update 180/390 | step=368640 | SPS=1382
update 190/390 | step=389120 | SPS=1382
[400016] Regime switch detected! 1 -> 0. Snapshotting anchor model.
update 200/390 | step=409600 | SPS=1379
update 210/390 | step=430080 | SPS=1380
update 220/390 | step=450560 | SPS=1385
update 230/390 | step=471040 | SPS=1387
update 240/390 | step=491520 | SPS=1388
[500016] Regime switch detected! 0 -> 1. Snapshotting anchor model.
update 250/390 | step=512000 | SPS=1387
update 260/390 | step=532480 | SPS=1385
update 270/390 | step=552960 | SPS=1382
update 280/390 | step=573440 | SPS=1386
update 290/390 | step=593920 | SPS=1388
[600016] Regime switch detected! 1 -> 0. Snapshotting anchor model.
update 300/390 | step=614400 | SPS=1391
update 310/390 | step=634880 | SPS=1393
update 320/390 | step=655360 | SPS=1396
update 330/390 | step=675840 | SPS=1395
update 340/390 | step=696320 | SPS=1397
[700016] Regime switch detected! 0 -> 1. Snapshotting anchor model.
update 350/390 | step=716800 | SPS=1397
update 360/390 | step=737280 | SPS=1394
update 370/390 | step=757760 | SPS=1393
update 380/390 | step=778240 | SPS=1390
update 390/390 | step=798720 | SPS=1389
Episode 49/60 | reward=1.1900 | avg10=2.4112 | avg_success_rate=0.5800 | steps=38 | time=578.0s
update 10/390 | step=20480 | SPS=1390
update 20/390 | step=40960 | SPS=1362
update 30/390 | step=61440 | SPS=1353
update 40/390 | step=81920 | SPS=1340
[100016] Regime switch detected! 0 -> 1. Snapshotting anchor model.
update 50/390 | step=102400 | SPS=1346
update 60/390 | step=122880 | SPS=1343
update 70/390 | step=143360 | SPS=1341
update 80/390 | step=163840 | SPS=1345
update 90/390 | step=184320 | SPS=1351
[200016] Regime switch detected! 1 -> 0. Snapshotting anchor model.
update 100/390 | step=204800 | SPS=1359
update 110/390 | step=225280 | SPS=1369
update 120/390 | step=245760 | SPS=1375
update 130/390 | step=266240 | SPS=1372
update 140/390 | step=286720 | SPS=1366
[300016] Regime switch detected! 0 -> 1. Snapshotting anchor model.
update 150/390 | step=307200 | SPS=1363
update 160/390 | step=327680 | SPS=1371
update 170/390 | step=348160 | SPS=1375
update 180/390 | step=368640 | SPS=1379
update 190/390 | step=389120 | SPS=1383
[400016] Regime switch detected! 1 -> 0. Snapshotting anchor model.
update 200/390 | step=409600 | SPS=1381
update 210/390 | step=430080 | SPS=1380
update 220/390 | step=450560 | SPS=1385
update 230/390 | step=471040 | SPS=1388
update 240/390 | step=491520 | SPS=1392
[500016] Regime switch detected! 0 -> 1. Snapshotting anchor model.
update 250/390 | step=512000 | SPS=1395
update 260/390 | step=532480 | SPS=1392
update 270/390 | step=552960 | SPS=1389
update 280/390 | step=573440 | SPS=1385
update 290/390 | step=593920 | SPS=1382
[600016] Regime switch detected! 1 -> 0. Snapshotting anchor model.
update 300/390 | step=614400 | SPS=1379
update 310/390 | step=634880 | SPS=1378
update 320/390 | step=655360 | SPS=1380
update 330/390 | step=675840 | SPS=1382
update 340/390 | step=696320 | SPS=1381
[700016] Regime switch detected! 0 -> 1. Snapshotting anchor model.
update 350/390 | step=716800 | SPS=1382
update 360/390 | step=737280 | SPS=1379
update 370/390 | step=757760 | SPS=1377
update 380/390 | step=778240 | SPS=1379
update 390/390 | step=798720 | SPS=1381
Episode 50/60 | reward=0.5880 | avg10=1.9004 | avg_success_rate=0.7800 | steps=38 | time=581.2s
  [brain ckpt] runs/calib8x8_brain_neuromod_trainable_slow_long_seed2_20260701-180038/episode_50/brain_ep50.pt
update 10/390 | step=20480 | SPS=1431
update 20/390 | step=40960 | SPS=1361
update 30/390 | step=61440 | SPS=1364
update 40/390 | step=81920 | SPS=1343
[100016] Regime switch detected! 0 -> 1. Snapshotting anchor model.
update 50/390 | step=102400 | SPS=1329
update 60/390 | step=122880 | SPS=1322
update 70/390 | step=143360 | SPS=1320
update 80/390 | step=163840 | SPS=1316
update 90/390 | step=184320 | SPS=1314
[200016] Regime switch detected! 1 -> 0. Snapshotting anchor model.
update 100/390 | step=204800 | SPS=1316
update 110/390 | step=225280 | SPS=1320
update 120/390 | step=245760 | SPS=1334
update 130/390 | step=266240 | SPS=1335
update 140/390 | step=286720 | SPS=1332
[300016] Regime switch detected! 0 -> 1. Snapshotting anchor model.
update 150/390 | step=307200 | SPS=1333
update 160/390 | step=327680 | SPS=1342
update 170/390 | step=348160 | SPS=1346
update 180/390 | step=368640 | SPS=1345
update 190/390 | step=389120 | SPS=1342
[400016] Regime switch detected! 1 -> 0. Snapshotting anchor model.
update 200/390 | step=409600 | SPS=1339
update 210/390 | step=430080 | SPS=1340
update 220/390 | step=450560 | SPS=1347
update 230/390 | step=471040 | SPS=1348
update 240/390 | step=491520 | SPS=1353
[500016] Regime switch detected! 0 -> 1. Snapshotting anchor model.
update 250/390 | step=512000 | SPS=1358
update 260/390 | step=532480 | SPS=1363
update 270/390 | step=552960 | SPS=1363
update 280/390 | step=573440 | SPS=1366
update 290/390 | step=593920 | SPS=1367
[600016] Regime switch detected! 1 -> 0. Snapshotting anchor model.
update 300/390 | step=614400 | SPS=1365
update 310/390 | step=634880 | SPS=1363
update 320/390 | step=655360 | SPS=1362
update 330/390 | step=675840 | SPS=1361
update 340/390 | step=696320 | SPS=1364
[700016] Regime switch detected! 0 -> 1. Snapshotting anchor model.
update 350/390 | step=716800 | SPS=1364
update 360/390 | step=737280 | SPS=1361
update 370/390 | step=757760 | SPS=1358
update 380/390 | step=778240 | SPS=1356
update 390/390 | step=798720 | SPS=1356
Episode 51/60 | reward=5.0012 | avg10=2.0174 | avg_success_rate=0.9200 | steps=38 | time=591.9s
update 10/390 | step=20480 | SPS=1356
update 20/390 | step=40960 | SPS=1340
update 30/390 | step=61440 | SPS=1339
update 40/390 | step=81920 | SPS=1331
[100016] Regime switch detected! 0 -> 1. Snapshotting anchor model.
update 50/390 | step=102400 | SPS=1319
update 60/390 | step=122880 | SPS=1315
update 70/390 | step=143360 | SPS=1312
update 80/390 | step=163840 | SPS=1307
update 90/390 | step=184320 | SPS=1307
[200016] Regime switch detected! 1 -> 0. Snapshotting anchor model.
update 100/390 | step=204800 | SPS=1308
update 110/390 | step=225280 | SPS=1313
update 120/390 | step=245760 | SPS=1326
update 130/390 | step=266240 | SPS=1336
update 140/390 | step=286720 | SPS=1345
[300016] Regime switch detected! 0 -> 1. Snapshotting anchor model.
update 150/390 | step=307200 | SPS=1349
update 160/390 | step=327680 | SPS=1350
update 170/390 | step=348160 | SPS=1352
update 180/390 | step=368640 | SPS=1360
update 190/390 | step=389120 | SPS=1362
[400016] Regime switch detected! 1 -> 0. Snapshotting anchor model.
update 200/390 | step=409600 | SPS=1359
update 210/390 | step=430080 | SPS=1357
update 220/390 | step=450560 | SPS=1360
update 230/390 | step=471040 | SPS=1365
update 240/390 | step=491520 | SPS=1369
[500016] Regime switch detected! 0 -> 1. Snapshotting anchor model.
update 250/390 | step=512000 | SPS=1373
update 260/390 | step=532480 | SPS=1376
update 270/390 | step=552960 | SPS=1380
update 280/390 | step=573440 | SPS=1384
update 290/390 | step=593920 | SPS=1386
[600016] Regime switch detected! 1 -> 0. Snapshotting anchor model.
update 300/390 | step=614400 | SPS=1390
update 310/390 | step=634880 | SPS=1393
update 320/390 | step=655360 | SPS=1396
update 330/390 | step=675840 | SPS=1394
update 340/390 | step=696320 | SPS=1391
[700016] Regime switch detected! 0 -> 1. Snapshotting anchor model.
update 350/390 | step=716800 | SPS=1389
update 360/390 | step=737280 | SPS=1386
update 370/390 | step=757760 | SPS=1384
update 380/390 | step=778240 | SPS=1382
update 390/390 | step=798720 | SPS=1380
Episode 52/60 | reward=3.0715 | avg10=1.7680 | avg_success_rate=0.9700 | steps=38 | time=581.5s
update 10/390 | step=20480 | SPS=1369
update 20/390 | step=40960 | SPS=1398
update 30/390 | step=61440 | SPS=1429
update 40/390 | step=81920 | SPS=1413
[100016] Regime switch detected! 0 -> 1. Snapshotting anchor model.
update 50/390 | step=102400 | SPS=1426
update 60/390 | step=122880 | SPS=1435
update 70/390 | step=143360 | SPS=1420
update 80/390 | step=163840 | SPS=1399
update 90/390 | step=184320 | SPS=1385
[200016] Regime switch detected! 1 -> 0. Snapshotting anchor model.
update 100/390 | step=204800 | SPS=1376
update 110/390 | step=225280 | SPS=1374
update 120/390 | step=245760 | SPS=1369
update 130/390 | step=266240 | SPS=1362
update 140/390 | step=286720 | SPS=1357
[300016] Regime switch detected! 0 -> 1. Snapshotting anchor model.
update 150/390 | step=307200 | SPS=1351
update 160/390 | step=327680 | SPS=1354
update 170/390 | step=348160 | SPS=1359
update 180/390 | step=368640 | SPS=1362
update 190/390 | step=389120 | SPS=1359
[400016] Regime switch detected! 1 -> 0. Snapshotting anchor model.
update 200/390 | step=409600 | SPS=1357
update 210/390 | step=430080 | SPS=1363
update 220/390 | step=450560 | SPS=1369
update 230/390 | step=471040 | SPS=1371
update 240/390 | step=491520 | SPS=1374
[500016] Regime switch detected! 0 -> 1. Snapshotting anchor model.
update 250/390 | step=512000 | SPS=1373
update 260/390 | step=532480 | SPS=1370
update 270/390 | step=552960 | SPS=1366
update 280/390 | step=573440 | SPS=1363
update 290/390 | step=593920 | SPS=1360
[600016] Regime switch detected! 1 -> 0. Snapshotting anchor model.
update 300/390 | step=614400 | SPS=1359
update 310/390 | step=634880 | SPS=1356
update 320/390 | step=655360 | SPS=1355
update 330/390 | step=675840 | SPS=1355
update 340/390 | step=696320 | SPS=1353
[700016] Regime switch detected! 0 -> 1. Snapshotting anchor model.
update 350/390 | step=716800 | SPS=1356
update 360/390 | step=737280 | SPS=1358
update 370/390 | step=757760 | SPS=1360
update 380/390 | step=778240 | SPS=1363
update 390/390 | step=798720 | SPS=1365
Episode 53/60 | reward=5.3546 | avg10=2.4641 | avg_success_rate=0.9500 | steps=38 | time=588.0s
update 10/390 | step=20480 | SPS=1381
update 20/390 | step=40960 | SPS=1369
update 30/390 | step=61440 | SPS=1377
update 40/390 | step=81920 | SPS=1401
[100016] Regime switch detected! 0 -> 1. Snapshotting anchor model.
update 50/390 | step=102400 | SPS=1415
update 60/390 | step=122880 | SPS=1421
update 70/390 | step=143360 | SPS=1421
update 80/390 | step=163840 | SPS=1416
update 90/390 | step=184320 | SPS=1406
[200016] Regime switch detected! 1 -> 0. Snapshotting anchor model.
update 100/390 | step=204800 | SPS=1411
update 110/390 | step=225280 | SPS=1399
update 120/390 | step=245760 | SPS=1388
update 130/390 | step=266240 | SPS=1388
update 140/390 | step=286720 | SPS=1384
[300016] Regime switch detected! 0 -> 1. Snapshotting anchor model.
update 150/390 | step=307200 | SPS=1377
update 160/390 | step=327680 | SPS=1372
update 170/390 | step=348160 | SPS=1365
update 180/390 | step=368640 | SPS=1359
update 190/390 | step=389120 | SPS=1355
[400016] Regime switch detected! 1 -> 0. Snapshotting anchor model.
update 200/390 | step=409600 | SPS=1352
update 210/390 | step=430080 | SPS=1351
update 220/390 | step=450560 | SPS=1354
update 230/390 | step=471040 | SPS=1351
update 240/390 | step=491520 | SPS=1347
[500016] Regime switch detected! 0 -> 1. Snapshotting anchor model.
update 250/390 | step=512000 | SPS=1345
update 260/390 | step=532480 | SPS=1343
update 270/390 | step=552960 | SPS=1346
update 280/390 | step=573440 | SPS=1351
update 290/390 | step=593920 | SPS=1355
[600016] Regime switch detected! 1 -> 0. Snapshotting anchor model.
update 300/390 | step=614400 | SPS=1358
update 310/390 | step=634880 | SPS=1358
update 320/390 | step=655360 | SPS=1361
update 330/390 | step=675840 | SPS=1363
update 340/390 | step=696320 | SPS=1366
[700016] Regime switch detected! 0 -> 1. Snapshotting anchor model.
update 350/390 | step=716800 | SPS=1366
update 360/390 | step=737280 | SPS=1363
update 370/390 | step=757760 | SPS=1363
update 380/390 | step=778240 | SPS=1362
update 390/390 | step=798720 | SPS=1360
Episode 54/60 | reward=0.6187 | avg10=2.5509 | avg_success_rate=0.9000 | steps=38 | time=590.0s
update 10/390 | step=20480 | SPS=1343
update 20/390 | step=40960 | SPS=1328
update 30/390 | step=61440 | SPS=1323
update 40/390 | step=81920 | SPS=1316
[100016] Regime switch detected! 0 -> 1. Snapshotting anchor model.
update 50/390 | step=102400 | SPS=1312
update 60/390 | step=122880 | SPS=1335
update 70/390 | step=143360 | SPS=1343
update 80/390 | step=163840 | SPS=1341
update 90/390 | step=184320 | SPS=1353
[200016] Regime switch detected! 1 -> 0. Snapshotting anchor model.
update 100/390 | step=204800 | SPS=1351
update 110/390 | step=225280 | SPS=1344
update 120/390 | step=245760 | SPS=1342
update 130/390 | step=266240 | SPS=1351
update 140/390 | step=286720 | SPS=1346
[300016] Regime switch detected! 0 -> 1. Snapshotting anchor model.
update 150/390 | step=307200 | SPS=1341
update 160/390 | step=327680 | SPS=1338
update 170/390 | step=348160 | SPS=1334
update 180/390 | step=368640 | SPS=1331
update 190/390 | step=389120 | SPS=1333
[400016] Regime switch detected! 1 -> 0. Snapshotting anchor model.
update 200/390 | step=409600 | SPS=1331
update 210/390 | step=430080 | SPS=1329
update 220/390 | step=450560 | SPS=1327
update 230/390 | step=471040 | SPS=1328
update 240/390 | step=491520 | SPS=1326
[500016] Regime switch detected! 0 -> 1. Snapshotting anchor model.
update 250/390 | step=512000 | SPS=1325
update 260/390 | step=532480 | SPS=1324
update 270/390 | step=552960 | SPS=1322
update 280/390 | step=573440 | SPS=1326
update 290/390 | step=593920 | SPS=1328
[600016] Regime switch detected! 1 -> 0. Snapshotting anchor model.
update 300/390 | step=614400 | SPS=1330
update 310/390 | step=634880 | SPS=1332
update 320/390 | step=655360 | SPS=1332
update 330/390 | step=675840 | SPS=1331
update 340/390 | step=696320 | SPS=1336
[700016] Regime switch detected! 0 -> 1. Snapshotting anchor model.
update 350/390 | step=716800 | SPS=1338
update 360/390 | step=737280 | SPS=1338
update 370/390 | step=757760 | SPS=1336
update 380/390 | step=778240 | SPS=1336
update 390/390 | step=798720 | SPS=1337
Episode 55/60 | reward=6.2840 | avg10=2.7123 | avg_success_rate=0.8300 | steps=38 | time=600.1s
  [brain ckpt] runs/calib8x8_brain_neuromod_trainable_slow_long_seed2_20260701-180038/episode_55/brain_ep55.pt
update 10/390 | step=20480 | SPS=1368
update 20/390 | step=40960 | SPS=1361
update 30/390 | step=61440 | SPS=1352
update 40/390 | step=81920 | SPS=1350
[100016] Regime switch detected! 0 -> 1. Snapshotting anchor model.
update 50/390 | step=102400 | SPS=1339
update 60/390 | step=122880 | SPS=1336
update 70/390 | step=143360 | SPS=1329
update 80/390 | step=163840 | SPS=1324
update 90/390 | step=184320 | SPS=1323
[200016] Regime switch detected! 1 -> 0. Snapshotting anchor model.
update 100/390 | step=204800 | SPS=1321
update 110/390 | step=225280 | SPS=1322
update 120/390 | step=245760 | SPS=1335
update 130/390 | step=266240 | SPS=1341
update 140/390 | step=286720 | SPS=1337
[300016] Regime switch detected! 0 -> 1. Snapshotting anchor model.
update 150/390 | step=307200 | SPS=1332
update 160/390 | step=327680 | SPS=1329
update 170/390 | step=348160 | SPS=1325
update 180/390 | step=368640 | SPS=1325
update 190/390 | step=389120 | SPS=1323
[400016] Regime switch detected! 1 -> 0. Snapshotting anchor model.
update 200/390 | step=409600 | SPS=1320
update 210/390 | step=430080 | SPS=1319
update 220/390 | step=450560 | SPS=1319
update 230/390 | step=471040 | SPS=1318
update 240/390 | step=491520 | SPS=1317
[500016] Regime switch detected! 0 -> 1. Snapshotting anchor model.
update 250/390 | step=512000 | SPS=1316
update 260/390 | step=532480 | SPS=1316
update 270/390 | step=552960 | SPS=1316
update 280/390 | step=573440 | SPS=1322
update 290/390 | step=593920 | SPS=1324
[600016] Regime switch detected! 1 -> 0. Snapshotting anchor model.
update 300/390 | step=614400 | SPS=1330
update 310/390 | step=634880 | SPS=1332
update 320/390 | step=655360 | SPS=1336
update 330/390 | step=675840 | SPS=1340
update 340/390 | step=696320 | SPS=1345
[700016] Regime switch detected! 0 -> 1. Snapshotting anchor model.
update 350/390 | step=716800 | SPS=1348
update 360/390 | step=737280 | SPS=1351
update 370/390 | step=757760 | SPS=1354
update 380/390 | step=778240 | SPS=1357
update 390/390 | step=798720 | SPS=1359
Episode 56/60 | reward=3.6608 | avg10=2.9509 | avg_success_rate=0.9600 | steps=38 | time=590.5s
update 10/390 | step=20480 | SPS=1383
update 20/390 | step=40960 | SPS=1351
update 30/390 | step=61440 | SPS=1359
update 40/390 | step=81920 | SPS=1381
[100016] Regime switch detected! 0 -> 1. Snapshotting anchor model.
update 50/390 | step=102400 | SPS=1373
update 60/390 | step=122880 | SPS=1359
update 70/390 | step=143360 | SPS=1350
update 80/390 | step=163840 | SPS=1349
update 90/390 | step=184320 | SPS=1357
[200016] Regime switch detected! 1 -> 0. Snapshotting anchor model.
update 100/390 | step=204800 | SPS=1353
update 110/390 | step=225280 | SPS=1346
update 120/390 | step=245760 | SPS=1352
update 130/390 | step=266240 | SPS=1357
update 140/390 | step=286720 | SPS=1351
[300016] Regime switch detected! 0 -> 1. Snapshotting anchor model.
update 150/390 | step=307200 | SPS=1348
update 160/390 | step=327680 | SPS=1345
update 170/390 | step=348160 | SPS=1341
update 180/390 | step=368640 | SPS=1339
update 190/390 | step=389120 | SPS=1338
[400016] Regime switch detected! 1 -> 0. Snapshotting anchor model.
update 200/390 | step=409600 | SPS=1337
update 210/390 | step=430080 | SPS=1336
update 220/390 | step=450560 | SPS=1335
update 230/390 | step=471040 | SPS=1336
update 240/390 | step=491520 | SPS=1334
[500016] Regime switch detected! 0 -> 1. Snapshotting anchor model.
update 250/390 | step=512000 | SPS=1334
update 260/390 | step=532480 | SPS=1333
update 270/390 | step=552960 | SPS=1337
update 280/390 | step=573440 | SPS=1338
update 290/390 | step=593920 | SPS=1338
[600016] Regime switch detected! 1 -> 0. Snapshotting anchor model.
update 300/390 | step=614400 | SPS=1341
update 310/390 | step=634880 | SPS=1345
update 320/390 | step=655360 | SPS=1349
update 330/390 | step=675840 | SPS=1353
update 340/390 | step=696320 | SPS=1354
[700016] Regime switch detected! 0 -> 1. Snapshotting anchor model.
update 350/390 | step=716800 | SPS=1353
update 360/390 | step=737280 | SPS=1353
update 370/390 | step=757760 | SPS=1354
update 380/390 | step=778240 | SPS=1355
update 390/390 | step=798720 | SPS=1357
Episode 57/60 | reward=0.5785 | avg10=2.9059 | avg_success_rate=0.7900 | steps=38 | time=591.4s
update 10/390 | step=20480 | SPS=1369
update 20/390 | step=40960 | SPS=1396
update 30/390 | step=61440 | SPS=1436
update 40/390 | step=81920 | SPS=1420
[100016] Regime switch detected! 0 -> 1. Snapshotting anchor model.
update 50/390 | step=102400 | SPS=1411
update 60/390 | step=122880 | SPS=1391
update 70/390 | step=143360 | SPS=1376
update 80/390 | step=163840 | SPS=1362
update 90/390 | step=184320 | SPS=1353
[200016] Regime switch detected! 1 -> 0. Snapshotting anchor model.
update 100/390 | step=204800 | SPS=1348
update 110/390 | step=225280 | SPS=1342
update 120/390 | step=245760 | SPS=1342
update 130/390 | step=266240 | SPS=1352
update 140/390 | step=286720 | SPS=1350
[300016] Regime switch detected! 0 -> 1. Snapshotting anchor model.
update 150/390 | step=307200 | SPS=1347
update 160/390 | step=327680 | SPS=1353
update 170/390 | step=348160 | SPS=1352
update 180/390 | step=368640 | SPS=1350
update 190/390 | step=389120 | SPS=1347
[400016] Regime switch detected! 1 -> 0. Snapshotting anchor model.
update 200/390 | step=409600 | SPS=1345
update 210/390 | step=430080 | SPS=1344
update 220/390 | step=450560 | SPS=1343
update 230/390 | step=471040 | SPS=1341
update 240/390 | step=491520 | SPS=1338
[500016] Regime switch detected! 0 -> 1. Snapshotting anchor model.
update 250/390 | step=512000 | SPS=1336
update 260/390 | step=532480 | SPS=1341
update 270/390 | step=552960 | SPS=1346
update 280/390 | step=573440 | SPS=1351
update 290/390 | step=593920 | SPS=1351
[600016] Regime switch detected! 1 -> 0. Snapshotting anchor model.
update 300/390 | step=614400 | SPS=1356
update 310/390 | step=634880 | SPS=1360
update 320/390 | step=655360 | SPS=1363
update 330/390 | step=675840 | SPS=1363
update 340/390 | step=696320 | SPS=1364
[700016] Regime switch detected! 0 -> 1. Snapshotting anchor model.
update 350/390 | step=716800 | SPS=1364
update 360/390 | step=737280 | SPS=1367
update 370/390 | step=757760 | SPS=1369
update 380/390 | step=778240 | SPS=1370
update 390/390 | step=798720 | SPS=1371
Episode 58/60 | reward=0.4719 | avg10=2.6819 | avg_success_rate=0.8400 | steps=38 | time=585.6s
update 10/390 | step=20480 | SPS=1559
update 20/390 | step=40960 | SPS=1453
update 30/390 | step=61440 | SPS=1411
update 40/390 | step=81920 | SPS=1418
[100016] Regime switch detected! 0 -> 1. Snapshotting anchor model.
update 50/390 | step=102400 | SPS=1428
update 60/390 | step=122880 | SPS=1440
update 70/390 | step=143360 | SPS=1447
update 80/390 | step=163840 | SPS=1447
update 90/390 | step=184320 | SPS=1450
[200016] Regime switch detected! 1 -> 0. Snapshotting anchor model.
update 100/390 | step=204800 | SPS=1455
update 110/390 | step=225280 | SPS=1456
update 120/390 | step=245760 | SPS=1457
update 130/390 | step=266240 | SPS=1453
update 140/390 | step=286720 | SPS=1456
[300016] Regime switch detected! 0 -> 1. Snapshotting anchor model.
update 150/390 | step=307200 | SPS=1457
update 160/390 | step=327680 | SPS=1459
update 170/390 | step=348160 | SPS=1452
update 180/390 | step=368640 | SPS=1444
update 190/390 | step=389120 | SPS=1434
[400016] Regime switch detected! 1 -> 0. Snapshotting anchor model.
update 200/390 | step=409600 | SPS=1428
update 210/390 | step=430080 | SPS=1422
update 220/390 | step=450560 | SPS=1426
update 230/390 | step=471040 | SPS=1428
update 240/390 | step=491520 | SPS=1429
[500016] Regime switch detected! 0 -> 1. Snapshotting anchor model.
update 250/390 | step=512000 | SPS=1430
update 260/390 | step=532480 | SPS=1431
update 270/390 | step=552960 | SPS=1433
update 280/390 | step=573440 | SPS=1436
update 290/390 | step=593920 | SPS=1438
[600016] Regime switch detected! 1 -> 0. Snapshotting anchor model.
update 300/390 | step=614400 | SPS=1439
update 310/390 | step=634880 | SPS=1441
update 320/390 | step=655360 | SPS=1440
update 330/390 | step=675840 | SPS=1440
update 340/390 | step=696320 | SPS=1435
[700016] Regime switch detected! 0 -> 1. Snapshotting anchor model.
update 350/390 | step=716800 | SPS=1432
update 360/390 | step=737280 | SPS=1429
update 370/390 | step=757760 | SPS=1428
update 380/390 | step=778240 | SPS=1424
update 390/390 | step=798720 | SPS=1423
Episode 59/60 | reward=1.4956 | avg10=2.7125 | avg_success_rate=0.9300 | steps=38 | time=564.0s
update 10/390 | step=20480 | SPS=1467
update 20/390 | step=40960 | SPS=1390
update 30/390 | step=61440 | SPS=1369
update 40/390 | step=81920 | SPS=1350
[100016] Regime switch detected! 0 -> 1. Snapshotting anchor model.
update 50/390 | step=102400 | SPS=1340
update 60/390 | step=122880 | SPS=1332
update 70/390 | step=143360 | SPS=1328
update 80/390 | step=163840 | SPS=1326
update 90/390 | step=184320 | SPS=1322
[200016] Regime switch detected! 1 -> 0. Snapshotting anchor model.
update 100/390 | step=204800 | SPS=1323
update 110/390 | step=225280 | SPS=1335
update 120/390 | step=245760 | SPS=1347
update 130/390 | step=266240 | SPS=1356
update 140/390 | step=286720 | SPS=1356
[300016] Regime switch detected! 0 -> 1. Snapshotting anchor model.
update 150/390 | step=307200 | SPS=1358
update 160/390 | step=327680 | SPS=1366
update 170/390 | step=348160 | SPS=1371
update 180/390 | step=368640 | SPS=1376
update 190/390 | step=389120 | SPS=1381
[400016] Regime switch detected! 1 -> 0. Snapshotting anchor model.
update 200/390 | step=409600 | SPS=1380
update 210/390 | step=430080 | SPS=1385
update 220/390 | step=450560 | SPS=1388
update 230/390 | step=471040 | SPS=1392
update 240/390 | step=491520 | SPS=1394
[500016] Regime switch detected! 0 -> 1. Snapshotting anchor model.
update 250/390 | step=512000 | SPS=1390
update 260/390 | step=532480 | SPS=1386
update 270/390 | step=552960 | SPS=1383
update 280/390 | step=573440 | SPS=1379
update 290/390 | step=593920 | SPS=1375
[600016] Regime switch detected! 1 -> 0. Snapshotting anchor model.
update 300/390 | step=614400 | SPS=1379
update 310/390 | step=634880 | SPS=1383
update 320/390 | step=655360 | SPS=1386
update 330/390 | step=675840 | SPS=1385
update 340/390 | step=696320 | SPS=1382
[700016] Regime switch detected! 0 -> 1. Snapshotting anchor model.
update 350/390 | step=716800 | SPS=1379
update 360/390 | step=737280 | SPS=1380
update 370/390 | step=757760 | SPS=1381
update 380/390 | step=778240 | SPS=1379
update 390/390 | step=798720 | SPS=1381
Episode 60/60 | reward=5.5335 | avg10=3.2070 | avg_success_rate=0.7800 | steps=38 | time=581.3s
  [brain ckpt] runs/calib8x8_brain_neuromod_trainable_slow_long_seed2_20260701-180038/episode_60/brain_ep60.pt
Saved Brain model to: runs/calib8x8_brain_neuromod_trainable_slow_long_seed2_20260701-180038/brain_model.pt

Brain training complete. Total RL episodes: 60
