Saved configuration to: runs/calib8x8_brain_neuromod_long_seed3_20260702-044135/config.txt
Training Brain on cuda for 60 RL episodes
  Inner: 800000 timesteps, regime switch every 100000 steps
  Parallel Envs: 1
  Brain vectorization: sync
  Decision interval: 10 inner updates

--- Starting Meta-RL PPO Training (Target: 60) ---
update 10/390 | step=20480 | SPS=1237
update 20/390 | step=40960 | SPS=1277
update 30/390 | step=61440 | SPS=1291
update 40/390 | step=81920 | SPS=1292
[100016] Regime switch detected! 0 -> 1. Snapshotting anchor model.
update 50/390 | step=102400 | SPS=1291
update 60/390 | step=122880 | SPS=1301
update 70/390 | step=143360 | SPS=1302
update 80/390 | step=163840 | SPS=1298
update 90/390 | step=184320 | SPS=1304
[200016] Regime switch detected! 1 -> 0. Snapshotting anchor model.
update 100/390 | step=204800 | SPS=1304
update 110/390 | step=225280 | SPS=1302
update 120/390 | step=245760 | SPS=1300
update 130/390 | step=266240 | SPS=1303
update 140/390 | step=286720 | SPS=1300
[300016] Regime switch detected! 0 -> 1. Snapshotting anchor model.
update 150/390 | step=307200 | SPS=1298
update 160/390 | step=327680 | SPS=1294
update 170/390 | step=348160 | SPS=1291
update 180/390 | step=368640 | SPS=1290
update 190/390 | step=389120 | SPS=1291
[400016] Regime switch detected! 1 -> 0. Snapshotting anchor model.
update 200/390 | step=409600 | SPS=1289
update 210/390 | step=430080 | SPS=1288
update 220/390 | step=450560 | SPS=1287
update 230/390 | step=471040 | SPS=1287
update 240/390 | step=491520 | SPS=1291
[500016] Regime switch detected! 0 -> 1. Snapshotting anchor model.
update 250/390 | step=512000 | SPS=1292
update 260/390 | step=532480 | SPS=1290
update 270/390 | step=552960 | SPS=1289
update 280/390 | step=573440 | SPS=1290
update 290/390 | step=593920 | SPS=1291
[600016] Regime switch detected! 1 -> 0. Snapshotting anchor model.
update 300/390 | step=614400 | SPS=1292
update 310/390 | step=634880 | SPS=1293
update 320/390 | step=655360 | SPS=1293
update 330/390 | step=675840 | SPS=1294
update 340/390 | step=696320 | SPS=1295
[700016] Regime switch detected! 0 -> 1. Snapshotting anchor model.
update 350/390 | step=716800 | SPS=1297
update 360/390 | step=737280 | SPS=1296
update 370/390 | step=757760 | SPS=1297
update 380/390 | step=778240 | SPS=1297
update 390/390 | step=798720 | SPS=1298
Episode 1/60 | reward=4.2428 | avg10=4.2428 | avg_success_rate=0.9300 | steps=38 | time=620.1s
update 10/390 | step=20480 | SPS=1408
update 20/390 | step=40960 | SPS=1371
update 30/390 | step=61440 | SPS=1346
update 40/390 | step=81920 | SPS=1330
[100016] Regime switch detected! 0 -> 1. Snapshotting anchor model.
update 50/390 | step=102400 | SPS=1318
update 60/390 | step=122880 | SPS=1308
update 70/390 | step=143360 | SPS=1299
update 80/390 | step=163840 | SPS=1294
update 90/390 | step=184320 | SPS=1291
[200016] Regime switch detected! 1 -> 0. Snapshotting anchor model.
update 100/390 | step=204800 | SPS=1286
update 110/390 | step=225280 | SPS=1294
update 120/390 | step=245760 | SPS=1299
update 130/390 | step=266240 | SPS=1301
update 140/390 | step=286720 | SPS=1305
[300016] Regime switch detected! 0 -> 1. Snapshotting anchor model.
update 150/390 | step=307200 | SPS=1307
update 160/390 | step=327680 | SPS=1306
update 170/390 | step=348160 | SPS=1303
update 180/390 | step=368640 | SPS=1301
update 190/390 | step=389120 | SPS=1300
[400016] Regime switch detected! 1 -> 0. Snapshotting anchor model.
update 200/390 | step=409600 | SPS=1299
update 210/390 | step=430080 | SPS=1298
update 220/390 | step=450560 | SPS=1296
update 230/390 | step=471040 | SPS=1298
update 240/390 | step=491520 | SPS=1298
[500016] Regime switch detected! 0 -> 1. Snapshotting anchor model.
update 250/390 | step=512000 | SPS=1298
update 260/390 | step=532480 | SPS=1296
update 270/390 | step=552960 | SPS=1298
update 280/390 | step=573440 | SPS=1300
update 290/390 | step=593920 | SPS=1298
[600016] Regime switch detected! 1 -> 0. Snapshotting anchor model.
update 300/390 | step=614400 | SPS=1297
update 310/390 | step=634880 | SPS=1297
update 320/390 | step=655360 | SPS=1295
update 330/390 | step=675840 | SPS=1294
update 340/390 | step=696320 | SPS=1292
[700016] Regime switch detected! 0 -> 1. Snapshotting anchor model.
update 350/390 | step=716800 | SPS=1294
update 360/390 | step=737280 | SPS=1294
update 370/390 | step=757760 | SPS=1294
update 380/390 | step=778240 | SPS=1293
update 390/390 | step=798720 | SPS=1292
Episode 2/60 | reward=4.5405 | avg10=4.3917 | avg_success_rate=0.9600 | steps=38 | time=621.2s
update 10/390 | step=20480 | SPS=1326
update 20/390 | step=40960 | SPS=1315
update 30/390 | step=61440 | SPS=1297
update 40/390 | step=81920 | SPS=1315
[100016] Regime switch detected! 0 -> 1. Snapshotting anchor model.
update 50/390 | step=102400 | SPS=1328
update 60/390 | step=122880 | SPS=1329
update 70/390 | step=143360 | SPS=1324
update 80/390 | step=163840 | SPS=1318
update 90/390 | step=184320 | SPS=1320
[200016] Regime switch detected! 1 -> 0. Snapshotting anchor model.
update 100/390 | step=204800 | SPS=1314
update 110/390 | step=225280 | SPS=1310
update 120/390 | step=245760 | SPS=1315
update 130/390 | step=266240 | SPS=1317
update 140/390 | step=286720 | SPS=1316
[300016] Regime switch detected! 0 -> 1. Snapshotting anchor model.
update 150/390 | step=307200 | SPS=1313
update 160/390 | step=327680 | SPS=1308
update 170/390 | step=348160 | SPS=1308
update 180/390 | step=368640 | SPS=1303
update 190/390 | step=389120 | SPS=1302
[400016] Regime switch detected! 1 -> 0. Snapshotting anchor model.
update 200/390 | step=409600 | SPS=1302
update 210/390 | step=430080 | SPS=1301
update 220/390 | step=450560 | SPS=1302
update 230/390 | step=471040 | SPS=1304
update 240/390 | step=491520 | SPS=1305
[500016] Regime switch detected! 0 -> 1. Snapshotting anchor model.
update 250/390 | step=512000 | SPS=1306
update 260/390 | step=532480 | SPS=1304
update 270/390 | step=552960 | SPS=1306
update 280/390 | step=573440 | SPS=1306
update 290/390 | step=593920 | SPS=1304
[600016] Regime switch detected! 1 -> 0. Snapshotting anchor model.
update 300/390 | step=614400 | SPS=1301
update 310/390 | step=634880 | SPS=1301
update 320/390 | step=655360 | SPS=1303
update 330/390 | step=675840 | SPS=1302
update 340/390 | step=696320 | SPS=1299
[700016] Regime switch detected! 0 -> 1. Snapshotting anchor model.
update 350/390 | step=716800 | SPS=1300
update 360/390 | step=737280 | SPS=1298
update 370/390 | step=757760 | SPS=1297
update 380/390 | step=778240 | SPS=1297
update 390/390 | step=798720 | SPS=1298
Episode 3/60 | reward=5.3639 | avg10=4.7158 | avg_success_rate=0.9900 | steps=38 | time=618.3s
update 10/390 | step=20480 | SPS=1316
update 20/390 | step=40960 | SPS=1310
update 30/390 | step=61440 | SPS=1290
update 40/390 | step=81920 | SPS=1286
[100016] Regime switch detected! 0 -> 1. Snapshotting anchor model.
update 50/390 | step=102400 | SPS=1280
update 60/390 | step=122880 | SPS=1285
update 70/390 | step=143360 | SPS=1292
update 80/390 | step=163840 | SPS=1296
update 90/390 | step=184320 | SPS=1294
[200016] Regime switch detected! 1 -> 0. Snapshotting anchor model.
update 100/390 | step=204800 | SPS=1300
update 110/390 | step=225280 | SPS=1304
update 120/390 | step=245760 | SPS=1311
update 130/390 | step=266240 | SPS=1308
update 140/390 | step=286720 | SPS=1304
[300016] Regime switch detected! 0 -> 1. Snapshotting anchor model.
update 150/390 | step=307200 | SPS=1302
update 160/390 | step=327680 | SPS=1301
update 170/390 | step=348160 | SPS=1297
update 180/390 | step=368640 | SPS=1296
update 190/390 | step=389120 | SPS=1293
[400016] Regime switch detected! 1 -> 0. Snapshotting anchor model.
update 200/390 | step=409600 | SPS=1293
update 210/390 | step=430080 | SPS=1298
update 220/390 | step=450560 | SPS=1299
update 230/390 | step=471040 | SPS=1300
update 240/390 | step=491520 | SPS=1299
[500016] Regime switch detected! 0 -> 1. Snapshotting anchor model.
update 250/390 | step=512000 | SPS=1299
update 260/390 | step=532480 | SPS=1297
update 270/390 | step=552960 | SPS=1296
update 280/390 | step=573440 | SPS=1295
update 290/390 | step=593920 | SPS=1299
[600016] Regime switch detected! 1 -> 0. Snapshotting anchor model.
update 300/390 | step=614400 | SPS=1300
update 310/390 | step=634880 | SPS=1302
update 320/390 | step=655360 | SPS=1305
update 330/390 | step=675840 | SPS=1306
update 340/390 | step=696320 | SPS=1305
[700016] Regime switch detected! 0 -> 1. Snapshotting anchor model.
update 350/390 | step=716800 | SPS=1306
update 360/390 | step=737280 | SPS=1304
update 370/390 | step=757760 | SPS=1302
update 380/390 | step=778240 | SPS=1301
update 390/390 | step=798720 | SPS=1303
Episode 4/60 | reward=1.9106 | avg10=4.0145 | avg_success_rate=0.9300 | steps=38 | time=616.1s
update 10/390 | step=20480 | SPS=1361
update 20/390 | step=40960 | SPS=1367
update 30/390 | step=61440 | SPS=1343
update 40/390 | step=81920 | SPS=1331
[100016] Regime switch detected! 0 -> 1. Snapshotting anchor model.
update 50/390 | step=102400 | SPS=1326
update 60/390 | step=122880 | SPS=1337
update 70/390 | step=143360 | SPS=1330
update 80/390 | step=163840 | SPS=1318
update 90/390 | step=184320 | SPS=1308
[200016] Regime switch detected! 1 -> 0. Snapshotting anchor model.
update 100/390 | step=204800 | SPS=1308
update 110/390 | step=225280 | SPS=1305
update 120/390 | step=245760 | SPS=1304
update 130/390 | step=266240 | SPS=1300
update 140/390 | step=286720 | SPS=1298
[300016] Regime switch detected! 0 -> 1. Snapshotting anchor model.
update 150/390 | step=307200 | SPS=1293
update 160/390 | step=327680 | SPS=1296
update 170/390 | step=348160 | SPS=1302
update 180/390 | step=368640 | SPS=1306
update 190/390 | step=389120 | SPS=1311
[400016] Regime switch detected! 1 -> 0. Snapshotting anchor model.
update 200/390 | step=409600 | SPS=1308
update 210/390 | step=430080 | SPS=1307
update 220/390 | step=450560 | SPS=1307
update 230/390 | step=471040 | SPS=1307
update 240/390 | step=491520 | SPS=1305
[500016] Regime switch detected! 0 -> 1. Snapshotting anchor model.
update 250/390 | step=512000 | SPS=1307
update 260/390 | step=532480 | SPS=1310
update 270/390 | step=552960 | SPS=1312
update 280/390 | step=573440 | SPS=1314
update 290/390 | step=593920 | SPS=1317
[600016] Regime switch detected! 1 -> 0. Snapshotting anchor model.
update 300/390 | step=614400 | SPS=1318
update 310/390 | step=634880 | SPS=1319
update 320/390 | step=655360 | SPS=1316
update 330/390 | step=675840 | SPS=1317
update 340/390 | step=696320 | SPS=1314
[700016] Regime switch detected! 0 -> 1. Snapshotting anchor model.
update 350/390 | step=716800 | SPS=1312
update 360/390 | step=737280 | SPS=1311
update 370/390 | step=757760 | SPS=1311
update 380/390 | step=778240 | SPS=1311
update 390/390 | step=798720 | SPS=1309
Episode 5/60 | reward=5.0459 | avg10=4.2208 | avg_success_rate=0.9500 | steps=38 | time=613.0s
  [brain ckpt] runs/calib8x8_brain_neuromod_long_seed3_20260702-044135/episode_5/brain_ep5.pt
update 10/390 | step=20480 | SPS=1424
update 20/390 | step=40960 | SPS=1366
update 30/390 | step=61440 | SPS=1352
update 40/390 | step=81920 | SPS=1346
[100016] Regime switch detected! 0 -> 1. Snapshotting anchor model.
update 50/390 | step=102400 | SPS=1337
update 60/390 | step=122880 | SPS=1329
update 70/390 | step=143360 | SPS=1322
update 80/390 | step=163840 | SPS=1313
update 90/390 | step=184320 | SPS=1307
[200016] Regime switch detected! 1 -> 0. Snapshotting anchor model.
update 100/390 | step=204800 | SPS=1303
update 110/390 | step=225280 | SPS=1308
update 120/390 | step=245760 | SPS=1312
update 130/390 | step=266240 | SPS=1311
update 140/390 | step=286720 | SPS=1314
[300016] Regime switch detected! 0 -> 1. Snapshotting anchor model.
update 150/390 | step=307200 | SPS=1310
update 160/390 | step=327680 | SPS=1306
update 170/390 | step=348160 | SPS=1306
update 180/390 | step=368640 | SPS=1305
update 190/390 | step=389120 | SPS=1305
[400016] Regime switch detected! 1 -> 0. Snapshotting anchor model.
update 200/390 | step=409600 | SPS=1309
update 210/390 | step=430080 | SPS=1309
update 220/390 | step=450560 | SPS=1309
update 230/390 | step=471040 | SPS=1307
update 240/390 | step=491520 | SPS=1307
[500016] Regime switch detected! 0 -> 1. Snapshotting anchor model.
update 250/390 | step=512000 | SPS=1308
update 260/390 | step=532480 | SPS=1311
update 270/390 | step=552960 | SPS=1313
update 280/390 | step=573440 | SPS=1311
update 290/390 | step=593920 | SPS=1311
[600016] Regime switch detected! 1 -> 0. Snapshotting anchor model.
update 300/390 | step=614400 | SPS=1312
update 310/390 | step=634880 | SPS=1312
update 320/390 | step=655360 | SPS=1314
update 330/390 | step=675840 | SPS=1315
update 340/390 | step=696320 | SPS=1314
[700016] Regime switch detected! 0 -> 1. Snapshotting anchor model.
update 350/390 | step=716800 | SPS=1315
update 360/390 | step=737280 | SPS=1314
update 370/390 | step=757760 | SPS=1314
update 380/390 | step=778240 | SPS=1315
update 390/390 | step=798720 | SPS=1316
Episode 6/60 | reward=3.8641 | avg10=4.1613 | avg_success_rate=0.8700 | steps=38 | time=610.0s
update 10/390 | step=20480 | SPS=1273
update 20/390 | step=40960 | SPS=1284
update 30/390 | step=61440 | SPS=1292
update 40/390 | step=81920 | SPS=1302
[100016] Regime switch detected! 0 -> 1. Snapshotting anchor model.
update 50/390 | step=102400 | SPS=1310
update 60/390 | step=122880 | SPS=1308
update 70/390 | step=143360 | SPS=1310
update 80/390 | step=163840 | SPS=1302
update 90/390 | step=184320 | SPS=1312
[200016] Regime switch detected! 1 -> 0. Snapshotting anchor model.
update 100/390 | step=204800 | SPS=1317
update 110/390 | step=225280 | SPS=1322
update 120/390 | step=245760 | SPS=1319
update 130/390 | step=266240 | SPS=1316
update 140/390 | step=286720 | SPS=1312
[300016] Regime switch detected! 0 -> 1. Snapshotting anchor model.
update 150/390 | step=307200 | SPS=1312
update 160/390 | step=327680 | SPS=1314
update 170/390 | step=348160 | SPS=1310
update 180/390 | step=368640 | SPS=1306
update 190/390 | step=389120 | SPS=1306
[400016] Regime switch detected! 1 -> 0. Snapshotting anchor model.
update 200/390 | step=409600 | SPS=1307
update 210/390 | step=430080 | SPS=1309
update 220/390 | step=450560 | SPS=1310
update 230/390 | step=471040 | SPS=1314
update 240/390 | step=491520 | SPS=1315
[500016] Regime switch detected! 0 -> 1. Snapshotting anchor model.
update 250/390 | step=512000 | SPS=1317
update 260/390 | step=532480 | SPS=1319
update 270/390 | step=552960 | SPS=1319
update 280/390 | step=573440 | SPS=1318
update 290/390 | step=593920 | SPS=1318
[600016] Regime switch detected! 1 -> 0. Snapshotting anchor model.
update 300/390 | step=614400 | SPS=1318
update 310/390 | step=634880 | SPS=1320
update 320/390 | step=655360 | SPS=1321
update 330/390 | step=675840 | SPS=1321
update 340/390 | step=696320 | SPS=1321
[700016] Regime switch detected! 0 -> 1. Snapshotting anchor model.
update 350/390 | step=716800 | SPS=1322
update 360/390 | step=737280 | SPS=1322
update 370/390 | step=757760 | SPS=1324
update 380/390 | step=778240 | SPS=1324
update 390/390 | step=798720 | SPS=1324
Episode 7/60 | reward=2.3782 | avg10=3.9066 | avg_success_rate=0.8200 | steps=38 | time=606.0s
update 10/390 | step=20480 | SPS=1459
update 20/390 | step=40960 | SPS=1427
update 30/390 | step=61440 | SPS=1387
update 40/390 | step=81920 | SPS=1363
[100016] Regime switch detected! 0 -> 1. Snapshotting anchor model.
update 50/390 | step=102400 | SPS=1349
update 60/390 | step=122880 | SPS=1331
update 70/390 | step=143360 | SPS=1323
update 80/390 | step=163840 | SPS=1317
update 90/390 | step=184320 | SPS=1307
[200016] Regime switch detected! 1 -> 0. Snapshotting anchor model.
update 100/390 | step=204800 | SPS=1303
update 110/390 | step=225280 | SPS=1311
update 120/390 | step=245760 | SPS=1316
update 130/390 | step=266240 | SPS=1315
update 140/390 | step=286720 | SPS=1310
[300016] Regime switch detected! 0 -> 1. Snapshotting anchor model.
update 150/390 | step=307200 | SPS=1308
update 160/390 | step=327680 | SPS=1307
update 170/390 | step=348160 | SPS=1308
update 180/390 | step=368640 | SPS=1309
update 190/390 | step=389120 | SPS=1306
[400016] Regime switch detected! 1 -> 0. Snapshotting anchor model.
update 200/390 | step=409600 | SPS=1302
update 210/390 | step=430080 | SPS=1299
update 220/390 | step=450560 | SPS=1297
update 230/390 | step=471040 | SPS=1296
update 240/390 | step=491520 | SPS=1295
[500016] Regime switch detected! 0 -> 1. Snapshotting anchor model.
update 250/390 | step=512000 | SPS=1298
update 260/390 | step=532480 | SPS=1296
update 270/390 | step=552960 | SPS=1296
update 280/390 | step=573440 | SPS=1294
update 290/390 | step=593920 | SPS=1294
[600016] Regime switch detected! 1 -> 0. Snapshotting anchor model.
update 300/390 | step=614400 | SPS=1294
update 310/390 | step=634880 | SPS=1296
update 320/390 | step=655360 | SPS=1299
update 330/390 | step=675840 | SPS=1301
update 340/390 | step=696320 | SPS=1304
[700016] Regime switch detected! 0 -> 1. Snapshotting anchor model.
update 350/390 | step=716800 | SPS=1305
update 360/390 | step=737280 | SPS=1306
update 370/390 | step=757760 | SPS=1307
update 380/390 | step=778240 | SPS=1308
update 390/390 | step=798720 | SPS=1311
Episode 8/60 | reward=3.8244 | avg10=3.8963 | avg_success_rate=0.8200 | steps=38 | time=612.3s
update 10/390 | step=20480 | SPS=1331
update 20/390 | step=40960 | SPS=1311
update 30/390 | step=61440 | SPS=1295
update 40/390 | step=81920 | SPS=1279
[100016] Regime switch detected! 0 -> 1. Snapshotting anchor model.
update 50/390 | step=102400 | SPS=1276
update 60/390 | step=122880 | SPS=1278
update 70/390 | step=143360 | SPS=1294
update 80/390 | step=163840 | SPS=1298
update 90/390 | step=184320 | SPS=1304
[200016] Regime switch detected! 1 -> 0. Snapshotting anchor model.
update 100/390 | step=204800 | SPS=1306
update 110/390 | step=225280 | SPS=1301
update 120/390 | step=245760 | SPS=1296
update 130/390 | step=266240 | SPS=1300
update 140/390 | step=286720 | SPS=1298
[300016] Regime switch detected! 0 -> 1. Snapshotting anchor model.
update 150/390 | step=307200 | SPS=1295
update 160/390 | step=327680 | SPS=1293
update 170/390 | step=348160 | SPS=1291
update 180/390 | step=368640 | SPS=1287
update 190/390 | step=389120 | SPS=1287
[400016] Regime switch detected! 1 -> 0. Snapshotting anchor model.
update 200/390 | step=409600 | SPS=1286
update 210/390 | step=430080 | SPS=1285
update 220/390 | step=450560 | SPS=1288
update 230/390 | step=471040 | SPS=1287
update 240/390 | step=491520 | SPS=1285
[500016] Regime switch detected! 0 -> 1. Snapshotting anchor model.
update 250/390 | step=512000 | SPS=1287
update 260/390 | step=532480 | SPS=1289
update 270/390 | step=552960 | SPS=1290
update 280/390 | step=573440 | SPS=1292
update 290/390 | step=593920 | SPS=1294
[600016] Regime switch detected! 1 -> 0. Snapshotting anchor model.
update 300/390 | step=614400 | SPS=1293
update 310/390 | step=634880 | SPS=1296
update 320/390 | step=655360 | SPS=1299
update 330/390 | step=675840 | SPS=1301
update 340/390 | step=696320 | SPS=1304
[700016] Regime switch detected! 0 -> 1. Snapshotting anchor model.
update 350/390 | step=716800 | SPS=1305
update 360/390 | step=737280 | SPS=1306
update 370/390 | step=757760 | SPS=1307
update 380/390 | step=778240 | SPS=1305
update 390/390 | step=798720 | SPS=1304
Episode 9/60 | reward=3.0731 | avg10=3.8048 | avg_success_rate=0.8400 | steps=38 | time=615.3s
update 10/390 | step=20480 | SPS=1352
update 20/390 | step=40960 | SPS=1345
update 30/390 | step=61440 | SPS=1341
update 40/390 | step=81920 | SPS=1329
[100016] Regime switch detected! 0 -> 1. Snapshotting anchor model.
update 50/390 | step=102400 | SPS=1314
update 60/390 | step=122880 | SPS=1298
update 70/390 | step=143360 | SPS=1305
update 80/390 | step=163840 | SPS=1312
update 90/390 | step=184320 | SPS=1307
[200016] Regime switch detected! 1 -> 0. Snapshotting anchor model.
update 100/390 | step=204800 | SPS=1305
update 110/390 | step=225280 | SPS=1309
update 120/390 | step=245760 | SPS=1306
update 130/390 | step=266240 | SPS=1307
update 140/390 | step=286720 | SPS=1312
[300016] Regime switch detected! 0 -> 1. Snapshotting anchor model.
update 150/390 | step=307200 | SPS=1316
update 160/390 | step=327680 | SPS=1318
update 170/390 | step=348160 | SPS=1316
update 180/390 | step=368640 | SPS=1315
update 190/390 | step=389120 | SPS=1315
[400016] Regime switch detected! 1 -> 0. Snapshotting anchor model.
update 200/390 | step=409600 | SPS=1315
update 210/390 | step=430080 | SPS=1319
update 220/390 | step=450560 | SPS=1316
update 230/390 | step=471040 | SPS=1313
update 240/390 | step=491520 | SPS=1311
[500016] Regime switch detected! 0 -> 1. Snapshotting anchor model.
update 250/390 | step=512000 | SPS=1314
update 260/390 | step=532480 | SPS=1315
update 270/390 | step=552960 | SPS=1318
update 280/390 | step=573440 | SPS=1319
update 290/390 | step=593920 | SPS=1318
[600016] Regime switch detected! 1 -> 0. Snapshotting anchor model.
update 300/390 | step=614400 | SPS=1319
update 310/390 | step=634880 | SPS=1318
update 320/390 | step=655360 | SPS=1317
update 330/390 | step=675840 | SPS=1319
update 340/390 | step=696320 | SPS=1318
[700016] Regime switch detected! 0 -> 1. Snapshotting anchor model.
update 350/390 | step=716800 | SPS=1318
update 360/390 | step=737280 | SPS=1317
update 370/390 | step=757760 | SPS=1318
update 380/390 | step=778240 | SPS=1319
update 390/390 | step=798720 | SPS=1320
Episode 10/60 | reward=2.7511 | avg10=3.6995 | avg_success_rate=0.9400 | steps=38 | time=608.1s
  [brain ckpt] runs/calib8x8_brain_neuromod_long_seed3_20260702-044135/episode_10/brain_ep10.pt
update 10/390 | step=20480 | SPS=1325
update 20/390 | step=40960 | SPS=1297
update 30/390 | step=61440 | SPS=1299
update 40/390 | step=81920 | SPS=1293
[100016] Regime switch detected! 0 -> 1. Snapshotting anchor model.
update 50/390 | step=102400 | SPS=1295
update 60/390 | step=122880 | SPS=1289
update 70/390 | step=143360 | SPS=1286
update 80/390 | step=163840 | SPS=1277
update 90/390 | step=184320 | SPS=1273
[200016] Regime switch detected! 1 -> 0. Snapshotting anchor model.
update 100/390 | step=204800 | SPS=1270
update 110/390 | step=225280 | SPS=1270
update 120/390 | step=245760 | SPS=1268
update 130/390 | step=266240 | SPS=1265
update 140/390 | step=286720 | SPS=1267
[300016] Regime switch detected! 0 -> 1. Snapshotting anchor model.
update 150/390 | step=307200 | SPS=1266
update 160/390 | step=327680 | SPS=1269
update 170/390 | step=348160 | SPS=1270
update 180/390 | step=368640 | SPS=1272
update 190/390 | step=389120 | SPS=1274
[400016] Regime switch detected! 1 -> 0. Snapshotting anchor model.
update 200/390 | step=409600 | SPS=1273
update 210/390 | step=430080 | SPS=1277
update 220/390 | step=450560 | SPS=1278
update 230/390 | step=471040 | SPS=1278
update 240/390 | step=491520 | SPS=1282
[500016] Regime switch detected! 0 -> 1. Snapshotting anchor model.
update 250/390 | step=512000 | SPS=1285
update 260/390 | step=532480 | SPS=1289
update 270/390 | step=552960 | SPS=1292
update 280/390 | step=573440 | SPS=1295
update 290/390 | step=593920 | SPS=1297
[600016] Regime switch detected! 1 -> 0. Snapshotting anchor model.
update 300/390 | step=614400 | SPS=1299
update 310/390 | step=634880 | SPS=1300
update 320/390 | step=655360 | SPS=1302
update 330/390 | step=675840 | SPS=1304
update 340/390 | step=696320 | SPS=1306
[700016] Regime switch detected! 0 -> 1. Snapshotting anchor model.
update 350/390 | step=716800 | SPS=1306
update 360/390 | step=737280 | SPS=1306
update 370/390 | step=757760 | SPS=1305
update 380/390 | step=778240 | SPS=1304
update 390/390 | step=798720 | SPS=1304
Episode 11/60 | reward=4.4731 | avg10=3.7225 | avg_success_rate=0.9000 | steps=38 | time=615.2s
update 10/390 | step=20480 | SPS=1375
update 20/390 | step=40960 | SPS=1333
update 30/390 | step=61440 | SPS=1340
update 40/390 | step=81920 | SPS=1339
[100016] Regime switch detected! 0 -> 1. Snapshotting anchor model.
update 50/390 | step=102400 | SPS=1321
update 60/390 | step=122880 | SPS=1308
update 70/390 | step=143360 | SPS=1313
update 80/390 | step=163840 | SPS=1307
update 90/390 | step=184320 | SPS=1301
[200016] Regime switch detected! 1 -> 0. Snapshotting anchor model.
update 100/390 | step=204800 | SPS=1299
update 110/390 | step=225280 | SPS=1300
update 120/390 | step=245760 | SPS=1303
update 130/390 | step=266240 | SPS=1306
update 140/390 | step=286720 | SPS=1304
[300016] Regime switch detected! 0 -> 1. Snapshotting anchor model.
update 150/390 | step=307200 | SPS=1302
update 160/390 | step=327680 | SPS=1300
update 170/390 | step=348160 | SPS=1302
update 180/390 | step=368640 | SPS=1302
update 190/390 | step=389120 | SPS=1305
[400016] Regime switch detected! 1 -> 0. Snapshotting anchor model.
update 200/390 | step=409600 | SPS=1308
update 210/390 | step=430080 | SPS=1310
update 220/390 | step=450560 | SPS=1312
update 230/390 | step=471040 | SPS=1309
update 240/390 | step=491520 | SPS=1311
[500016] Regime switch detected! 0 -> 1. Snapshotting anchor model.
update 250/390 | step=512000 | SPS=1312
update 260/390 | step=532480 | SPS=1309
update 270/390 | step=552960 | SPS=1309
update 280/390 | step=573440 | SPS=1308
update 290/390 | step=593920 | SPS=1306
[600016] Regime switch detected! 1 -> 0. Snapshotting anchor model.
update 300/390 | step=614400 | SPS=1305
update 310/390 | step=634880 | SPS=1303
update 320/390 | step=655360 | SPS=1303
update 330/390 | step=675840 | SPS=1302
update 340/390 | step=696320 | SPS=1301
[700016] Regime switch detected! 0 -> 1. Snapshotting anchor model.
update 350/390 | step=716800 | SPS=1301
update 360/390 | step=737280 | SPS=1300
update 370/390 | step=757760 | SPS=1298
update 380/390 | step=778240 | SPS=1299
update 390/390 | step=798720 | SPS=1301
Episode 12/60 | reward=3.1159 | avg10=3.5800 | avg_success_rate=0.9500 | steps=38 | time=616.7s
update 10/390 | step=20480 | SPS=1328
update 20/390 | step=40960 | SPS=1332
update 30/390 | step=61440 | SPS=1334
update 40/390 | step=81920 | SPS=1343
[100016] Regime switch detected! 0 -> 1. Snapshotting anchor model.
update 50/390 | step=102400 | SPS=1352
update 60/390 | step=122880 | SPS=1354
update 70/390 | step=143360 | SPS=1347
update 80/390 | step=163840 | SPS=1340
update 90/390 | step=184320 | SPS=1345
[200016] Regime switch detected! 1 -> 0. Snapshotting anchor model.
update 100/390 | step=204800 | SPS=1342
update 110/390 | step=225280 | SPS=1334
update 120/390 | step=245760 | SPS=1330
update 130/390 | step=266240 | SPS=1331
update 140/390 | step=286720 | SPS=1332
[300016] Regime switch detected! 0 -> 1. Snapshotting anchor model.
update 150/390 | step=307200 | SPS=1336
update 160/390 | step=327680 | SPS=1337
update 170/390 | step=348160 | SPS=1341
update 180/390 | step=368640 | SPS=1340
update 190/390 | step=389120 | SPS=1341
[400016] Regime switch detected! 1 -> 0. Snapshotting anchor model.
update 200/390 | step=409600 | SPS=1335
update 210/390 | step=430080 | SPS=1334
update 220/390 | step=450560 | SPS=1336
update 230/390 | step=471040 | SPS=1338
update 240/390 | step=491520 | SPS=1339
[500016] Regime switch detected! 0 -> 1. Snapshotting anchor model.
update 250/390 | step=512000 | SPS=1339
update 260/390 | step=532480 | SPS=1337
update 270/390 | step=552960 | SPS=1333
update 280/390 | step=573440 | SPS=1330
update 290/390 | step=593920 | SPS=1328
[600016] Regime switch detected! 1 -> 0. Snapshotting anchor model.
update 300/390 | step=614400 | SPS=1329
update 310/390 | step=634880 | SPS=1329
update 320/390 | step=655360 | SPS=1330
update 330/390 | step=675840 | SPS=1332
update 340/390 | step=696320 | SPS=1330
[700016] Regime switch detected! 0 -> 1. Snapshotting anchor model.
update 350/390 | step=716800 | SPS=1329
update 360/390 | step=737280 | SPS=1328
update 370/390 | step=757760 | SPS=1329
update 380/390 | step=778240 | SPS=1329
update 390/390 | step=798720 | SPS=1329
Episode 13/60 | reward=3.1329 | avg10=3.3569 | avg_success_rate=0.9900 | steps=38 | time=603.7s
update 10/390 | step=20480 | SPS=1329
update 20/390 | step=40960 | SPS=1327
update 30/390 | step=61440 | SPS=1338
update 40/390 | step=81920 | SPS=1312
[100016] Regime switch detected! 0 -> 1. Snapshotting anchor model.
update 50/390 | step=102400 | SPS=1300
update 60/390 | step=122880 | SPS=1291
update 70/390 | step=143360 | SPS=1305
update 80/390 | step=163840 | SPS=1311
update 90/390 | step=184320 | SPS=1316
[200016] Regime switch detected! 1 -> 0. Snapshotting anchor model.
update 100/390 | step=204800 | SPS=1321
update 110/390 | step=225280 | SPS=1317
update 120/390 | step=245760 | SPS=1310
update 130/390 | step=266240 | SPS=1306
update 140/390 | step=286720 | SPS=1302
[300016] Regime switch detected! 0 -> 1. Snapshotting anchor model.
update 150/390 | step=307200 | SPS=1300
update 160/390 | step=327680 | SPS=1303
update 170/390 | step=348160 | SPS=1301
update 180/390 | step=368640 | SPS=1297
update 190/390 | step=389120 | SPS=1297
[400016] Regime switch detected! 1 -> 0. Snapshotting anchor model.
update 200/390 | step=409600 | SPS=1295
update 210/390 | step=430080 | SPS=1295
update 220/390 | step=450560 | SPS=1297
update 230/390 | step=471040 | SPS=1300
update 240/390 | step=491520 | SPS=1303
[500016] Regime switch detected! 0 -> 1. Snapshotting anchor model.
update 250/390 | step=512000 | SPS=1304
update 260/390 | step=532480 | SPS=1304
update 270/390 | step=552960 | SPS=1306
update 280/390 | step=573440 | SPS=1305
update 290/390 | step=593920 | SPS=1307
[600016] Regime switch detected! 1 -> 0. Snapshotting anchor model.
update 300/390 | step=614400 | SPS=1306
update 310/390 | step=634880 | SPS=1305
update 320/390 | step=655360 | SPS=1305
update 330/390 | step=675840 | SPS=1303
update 340/390 | step=696320 | SPS=1302
[700016] Regime switch detected! 0 -> 1. Snapshotting anchor model.
update 350/390 | step=716800 | SPS=1300
update 360/390 | step=737280 | SPS=1299
update 370/390 | step=757760 | SPS=1298
update 380/390 | step=778240 | SPS=1298
update 390/390 | step=798720 | SPS=1299
Episode 14/60 | reward=4.4364 | avg10=3.6095 | avg_success_rate=0.8700 | steps=38 | time=617.6s
update 10/390 | step=20480 | SPS=1340
update 20/390 | step=40960 | SPS=1321
update 30/390 | step=61440 | SPS=1304
update 40/390 | step=81920 | SPS=1289
[100016] Regime switch detected! 0 -> 1. Snapshotting anchor model.
update 50/390 | step=102400 | SPS=1297
update 60/390 | step=122880 | SPS=1301
update 70/390 | step=143360 | SPS=1315
update 80/390 | step=163840 | SPS=1316
update 90/390 | step=184320 | SPS=1320
[200016] Regime switch detected! 1 -> 0. Snapshotting anchor model.
update 100/390 | step=204800 | SPS=1324
update 110/390 | step=225280 | SPS=1323
update 120/390 | step=245760 | SPS=1325
update 130/390 | step=266240 | SPS=1329
update 140/390 | step=286720 | SPS=1334
[300016] Regime switch detected! 0 -> 1. Snapshotting anchor model.
update 150/390 | step=307200 | SPS=1337
update 160/390 | step=327680 | SPS=1335
update 170/390 | step=348160 | SPS=1328
update 180/390 | step=368640 | SPS=1325
update 190/390 | step=389120 | SPS=1321
[400016] Regime switch detected! 1 -> 0. Snapshotting anchor model.
update 200/390 | step=409600 | SPS=1323
update 210/390 | step=430080 | SPS=1325
update 220/390 | step=450560 | SPS=1324
update 230/390 | step=471040 | SPS=1323
update 240/390 | step=491520 | SPS=1325
[500016] Regime switch detected! 0 -> 1. Snapshotting anchor model.
update 250/390 | step=512000 | SPS=1324
update 260/390 | step=532480 | SPS=1324
update 270/390 | step=552960 | SPS=1323
update 280/390 | step=573440 | SPS=1321
update 290/390 | step=593920 | SPS=1319
[600016] Regime switch detected! 1 -> 0. Snapshotting anchor model.
update 300/390 | step=614400 | SPS=1315
update 310/390 | step=634880 | SPS=1314
update 320/390 | step=655360 | SPS=1313
update 330/390 | step=675840 | SPS=1312
update 340/390 | step=696320 | SPS=1312
[700016] Regime switch detected! 0 -> 1. Snapshotting anchor model.
update 350/390 | step=716800 | SPS=1312
update 360/390 | step=737280 | SPS=1310
update 370/390 | step=757760 | SPS=1311
update 380/390 | step=778240 | SPS=1310
update 390/390 | step=798720 | SPS=1310
Episode 15/60 | reward=2.8920 | avg10=3.3941 | avg_success_rate=0.7900 | steps=38 | time=612.8s
  [brain ckpt] runs/calib8x8_brain_neuromod_long_seed3_20260702-044135/episode_15/brain_ep15.pt
update 10/390 | step=20480 | SPS=1391
update 20/390 | step=40960 | SPS=1374
update 30/390 | step=61440 | SPS=1356
update 40/390 | step=81920 | SPS=1362
[100016] Regime switch detected! 0 -> 1. Snapshotting anchor model.
update 50/390 | step=102400 | SPS=1337
update 60/390 | step=122880 | SPS=1322
update 70/390 | step=143360 | SPS=1323
update 80/390 | step=163840 | SPS=1325
update 90/390 | step=184320 | SPS=1330
[200016] Regime switch detected! 1 -> 0. Snapshotting anchor model.
update 100/390 | step=204800 | SPS=1330
update 110/390 | step=225280 | SPS=1332
update 120/390 | step=245760 | SPS=1330
update 130/390 | step=266240 | SPS=1330
update 140/390 | step=286720 | SPS=1326
[300016] Regime switch detected! 0 -> 1. Snapshotting anchor model.
update 150/390 | step=307200 | SPS=1320
update 160/390 | step=327680 | SPS=1318
update 170/390 | step=348160 | SPS=1316
update 180/390 | step=368640 | SPS=1311
update 190/390 | step=389120 | SPS=1310
[400016] Regime switch detected! 1 -> 0. Snapshotting anchor model.
update 200/390 | step=409600 | SPS=1308
update 210/390 | step=430080 | SPS=1307
update 220/390 | step=450560 | SPS=1309
update 230/390 | step=471040 | SPS=1313
update 240/390 | step=491520 | SPS=1314
[500016] Regime switch detected! 0 -> 1. Snapshotting anchor model.
update 250/390 | step=512000 | SPS=1313
update 260/390 | step=532480 | SPS=1310
update 270/390 | step=552960 | SPS=1309
update 280/390 | step=573440 | SPS=1311
update 290/390 | step=593920 | SPS=1313
[600016] Regime switch detected! 1 -> 0. Snapshotting anchor model.
update 300/390 | step=614400 | SPS=1314
update 310/390 | step=634880 | SPS=1315
update 320/390 | step=655360 | SPS=1313
update 330/390 | step=675840 | SPS=1314
update 340/390 | step=696320 | SPS=1315
[700016] Regime switch detected! 0 -> 1. Snapshotting anchor model.
update 350/390 | step=716800 | SPS=1314
update 360/390 | step=737280 | SPS=1315
update 370/390 | step=757760 | SPS=1317
update 380/390 | step=778240 | SPS=1317
update 390/390 | step=798720 | SPS=1318
Episode 16/60 | reward=5.5659 | avg10=3.5643 | avg_success_rate=0.9500 | steps=38 | time=608.7s
update 10/390 | step=20480 | SPS=1292
update 20/390 | step=40960 | SPS=1298
update 30/390 | step=61440 | SPS=1320
update 40/390 | step=81920 | SPS=1340
[100016] Regime switch detected! 0 -> 1. Snapshotting anchor model.
update 50/390 | step=102400 | SPS=1337
update 60/390 | step=122880 | SPS=1341
update 70/390 | step=143360 | SPS=1342
update 80/390 | step=163840 | SPS=1336
update 90/390 | step=184320 | SPS=1325
[200016] Regime switch detected! 1 -> 0. Snapshotting anchor model.
update 100/390 | step=204800 | SPS=1323
update 110/390 | step=225280 | SPS=1325
update 120/390 | step=245760 | SPS=1320
update 130/390 | step=266240 | SPS=1313
update 140/390 | step=286720 | SPS=1313
[300016] Regime switch detected! 0 -> 1. Snapshotting anchor model.
update 150/390 | step=307200 | SPS=1308
update 160/390 | step=327680 | SPS=1305
update 170/390 | step=348160 | SPS=1301
update 180/390 | step=368640 | SPS=1300
update 190/390 | step=389120 | SPS=1299
[400016] Regime switch detected! 1 -> 0. Snapshotting anchor model.
update 200/390 | step=409600 | SPS=1298
update 210/390 | step=430080 | SPS=1301
update 220/390 | step=450560 | SPS=1304
update 230/390 | step=471040 | SPS=1307
update 240/390 | step=491520 | SPS=1309
[500016] Regime switch detected! 0 -> 1. Snapshotting anchor model.
update 250/390 | step=512000 | SPS=1310
update 260/390 | step=532480 | SPS=1312
update 270/390 | step=552960 | SPS=1312
update 280/390 | step=573440 | SPS=1310
update 290/390 | step=593920 | SPS=1308
[600016] Regime switch detected! 1 -> 0. Snapshotting anchor model.
update 300/390 | step=614400 | SPS=1308
update 310/390 | step=634880 | SPS=1308
update 320/390 | step=655360 | SPS=1309
update 330/390 | step=675840 | SPS=1310
update 340/390 | step=696320 | SPS=1309
[700016] Regime switch detected! 0 -> 1. Snapshotting anchor model.
update 350/390 | step=716800 | SPS=1307
update 360/390 | step=737280 | SPS=1307
update 370/390 | step=757760 | SPS=1306
update 380/390 | step=778240 | SPS=1307
update 390/390 | step=798720 | SPS=1307
Episode 17/60 | reward=5.2263 | avg10=3.8491 | avg_success_rate=0.9600 | steps=38 | time=614.0s
update 10/390 | step=20480 | SPS=1449
update 20/390 | step=40960 | SPS=1390
update 30/390 | step=61440 | SPS=1355
update 40/390 | step=81920 | SPS=1324
[100016] Regime switch detected! 0 -> 1. Snapshotting anchor model.
update 50/390 | step=102400 | SPS=1311
update 60/390 | step=122880 | SPS=1303
update 70/390 | step=143360 | SPS=1300
update 80/390 | step=163840 | SPS=1300
update 90/390 | step=184320 | SPS=1295
[200016] Regime switch detected! 1 -> 0. Snapshotting anchor model.
update 100/390 | step=204800 | SPS=1290
update 110/390 | step=225280 | SPS=1298
update 120/390 | step=245760 | SPS=1302
update 130/390 | step=266240 | SPS=1308
update 140/390 | step=286720 | SPS=1306
[300016] Regime switch detected! 0 -> 1. Snapshotting anchor model.
update 150/390 | step=307200 | SPS=1300
update 160/390 | step=327680 | SPS=1298
update 170/390 | step=348160 | SPS=1295
update 180/390 | step=368640 | SPS=1293
update 190/390 | step=389120 | SPS=1295
[400016] Regime switch detected! 1 -> 0. Snapshotting anchor model.
update 200/390 | step=409600 | SPS=1292
update 210/390 | step=430080 | SPS=1290
update 220/390 | step=450560 | SPS=1289
update 230/390 | step=471040 | SPS=1289
update 240/390 | step=491520 | SPS=1288
[500016] Regime switch detected! 0 -> 1. Snapshotting anchor model.
update 250/390 | step=512000 | SPS=1287
update 260/390 | step=532480 | SPS=1284
update 270/390 | step=552960 | SPS=1282
update 280/390 | step=573440 | SPS=1282
update 290/390 | step=593920 | SPS=1281
[600016] Regime switch detected! 1 -> 0. Snapshotting anchor model.
update 300/390 | step=614400 | SPS=1280
update 310/390 | step=634880 | SPS=1280
update 320/390 | step=655360 | SPS=1283
update 330/390 | step=675840 | SPS=1283
update 340/390 | step=696320 | SPS=1284
[700016] Regime switch detected! 0 -> 1. Snapshotting anchor model.
update 350/390 | step=716800 | SPS=1285
update 360/390 | step=737280 | SPS=1286
update 370/390 | step=757760 | SPS=1285
update 380/390 | step=778240 | SPS=1285
update 390/390 | step=798720 | SPS=1286
Episode 18/60 | reward=4.7845 | avg10=3.9451 | avg_success_rate=0.9400 | steps=38 | time=623.8s
update 10/390 | step=20480 | SPS=1321
update 20/390 | step=40960 | SPS=1330
update 30/390 | step=61440 | SPS=1297
update 40/390 | step=81920 | SPS=1281
[100016] Regime switch detected! 0 -> 1. Snapshotting anchor model.
update 50/390 | step=102400 | SPS=1282
update 60/390 | step=122880 | SPS=1293
update 70/390 | step=143360 | SPS=1292
update 80/390 | step=163840 | SPS=1301
update 90/390 | step=184320 | SPS=1308
[200016] Regime switch detected! 1 -> 0. Snapshotting anchor model.
update 100/390 | step=204800 | SPS=1309
update 110/390 | step=225280 | SPS=1306
update 120/390 | step=245760 | SPS=1301
update 130/390 | step=266240 | SPS=1298
update 140/390 | step=286720 | SPS=1300
[300016] Regime switch detected! 0 -> 1. Snapshotting anchor model.
update 150/390 | step=307200 | SPS=1304
update 160/390 | step=327680 | SPS=1303
update 170/390 | step=348160 | SPS=1304
update 180/390 | step=368640 | SPS=1307
update 190/390 | step=389120 | SPS=1311
[400016] Regime switch detected! 1 -> 0. Snapshotting anchor model.
update 200/390 | step=409600 | SPS=1312
update 210/390 | step=430080 | SPS=1315
update 220/390 | step=450560 | SPS=1317
update 230/390 | step=471040 | SPS=1315
update 240/390 | step=491520 | SPS=1313
[500016] Regime switch detected! 0 -> 1. Snapshotting anchor model.
update 250/390 | step=512000 | SPS=1309
update 260/390 | step=532480 | SPS=1309
update 270/390 | step=552960 | SPS=1308
update 280/390 | step=573440 | SPS=1308
update 290/390 | step=593920 | SPS=1311
[600016] Regime switch detected! 1 -> 0. Snapshotting anchor model.
update 300/390 | step=614400 | SPS=1313
update 310/390 | step=634880 | SPS=1315
update 320/390 | step=655360 | SPS=1317
update 330/390 | step=675840 | SPS=1318
update 340/390 | step=696320 | SPS=1319
[700016] Regime switch detected! 0 -> 1. Snapshotting anchor model.
update 350/390 | step=716800 | SPS=1320
update 360/390 | step=737280 | SPS=1318
update 370/390 | step=757760 | SPS=1318
update 380/390 | step=778240 | SPS=1315
update 390/390 | step=798720 | SPS=1317
Episode 19/60 | reward=2.9410 | avg10=3.9319 | avg_success_rate=0.8900 | steps=38 | time=609.6s
update 10/390 | step=20480 | SPS=1318
update 20/390 | step=40960 | SPS=1290
update 30/390 | step=61440 | SPS=1295
update 40/390 | step=81920 | SPS=1283
[100016] Regime switch detected! 0 -> 1. Snapshotting anchor model.
update 50/390 | step=102400 | SPS=1285
update 60/390 | step=122880 | SPS=1297
update 70/390 | step=143360 | SPS=1299
update 80/390 | step=163840 | SPS=1305
update 90/390 | step=184320 | SPS=1314
[200016] Regime switch detected! 1 -> 0. Snapshotting anchor model.
update 100/390 | step=204800 | SPS=1319
update 110/390 | step=225280 | SPS=1324
update 120/390 | step=245760 | SPS=1330
update 130/390 | step=266240 | SPS=1332
update 140/390 | step=286720 | SPS=1333
[300016] Regime switch detected! 0 -> 1. Snapshotting anchor model.
update 150/390 | step=307200 | SPS=1331
update 160/390 | step=327680 | SPS=1327
update 170/390 | step=348160 | SPS=1323
update 180/390 | step=368640 | SPS=1321
update 190/390 | step=389120 | SPS=1319
[400016] Regime switch detected! 1 -> 0. Snapshotting anchor model.
update 200/390 | step=409600 | SPS=1317
update 210/390 | step=430080 | SPS=1318
update 220/390 | step=450560 | SPS=1320
update 230/390 | step=471040 | SPS=1320
update 240/390 | step=491520 | SPS=1319
[500016] Regime switch detected! 0 -> 1. Snapshotting anchor model.
update 250/390 | step=512000 | SPS=1319
update 260/390 | step=532480 | SPS=1316
update 270/390 | step=552960 | SPS=1315
update 280/390 | step=573440 | SPS=1314
update 290/390 | step=593920 | SPS=1314
[600016] Regime switch detected! 1 -> 0. Snapshotting anchor model.
update 300/390 | step=614400 | SPS=1312
update 310/390 | step=634880 | SPS=1309
update 320/390 | step=655360 | SPS=1309
update 330/390 | step=675840 | SPS=1311
update 340/390 | step=696320 | SPS=1311
[700016] Regime switch detected! 0 -> 1. Snapshotting anchor model.
update 350/390 | step=716800 | SPS=1311
update 360/390 | step=737280 | SPS=1309
update 370/390 | step=757760 | SPS=1310
update 380/390 | step=778240 | SPS=1312
update 390/390 | step=798720 | SPS=1313
Episode 20/60 | reward=4.6983 | avg10=4.1266 | avg_success_rate=0.9200 | steps=38 | time=611.3s
  [brain ckpt] runs/calib8x8_brain_neuromod_long_seed3_20260702-044135/episode_20/brain_ep20.pt
update 10/390 | step=20480 | SPS=1281
update 20/390 | step=40960 | SPS=1291
update 30/390 | step=61440 | SPS=1295
update 40/390 | step=81920 | SPS=1302
[100016] Regime switch detected! 0 -> 1. Snapshotting anchor model.
update 50/390 | step=102400 | SPS=1302
update 60/390 | step=122880 | SPS=1292
update 70/390 | step=143360 | SPS=1287
update 80/390 | step=163840 | SPS=1286
update 90/390 | step=184320 | SPS=1291
[200016] Regime switch detected! 1 -> 0. Snapshotting anchor model.
update 100/390 | step=204800 | SPS=1292
update 110/390 | step=225280 | SPS=1298
update 120/390 | step=245760 | SPS=1297
update 130/390 | step=266240 | SPS=1292
update 140/390 | step=286720 | SPS=1291
[300016] Regime switch detected! 0 -> 1. Snapshotting anchor model.
update 150/390 | step=307200 | SPS=1290
update 160/390 | step=327680 | SPS=1293
update 170/390 | step=348160 | SPS=1295
update 180/390 | step=368640 | SPS=1298
update 190/390 | step=389120 | SPS=1301
[400016] Regime switch detected! 1 -> 0. Snapshotting anchor model.
update 200/390 | step=409600 | SPS=1299
update 210/390 | step=430080 | SPS=1298
update 220/390 | step=450560 | SPS=1298
update 230/390 | step=471040 | SPS=1297
update 240/390 | step=491520 | SPS=1299
[500016] Regime switch detected! 0 -> 1. Snapshotting anchor model.
update 250/390 | step=512000 | SPS=1300
update 260/390 | step=532480 | SPS=1299
update 270/390 | step=552960 | SPS=1297
update 280/390 | step=573440 | SPS=1296
update 290/390 | step=593920 | SPS=1297
[600016] Regime switch detected! 1 -> 0. Snapshotting anchor model.
update 300/390 | step=614400 | SPS=1297
update 310/390 | step=634880 | SPS=1298
update 320/390 | step=655360 | SPS=1299
update 330/390 | step=675840 | SPS=1300
update 340/390 | step=696320 | SPS=1301
[700016] Regime switch detected! 0 -> 1. Snapshotting anchor model.
update 350/390 | step=716800 | SPS=1301
update 360/390 | step=737280 | SPS=1302
update 370/390 | step=757760 | SPS=1302
update 380/390 | step=778240 | SPS=1301
update 390/390 | step=798720 | SPS=1300
Episode 21/60 | reward=4.4851 | avg10=4.1278 | avg_success_rate=0.9800 | steps=38 | time=617.6s
update 10/390 | step=20480 | SPS=1307
update 20/390 | step=40960 | SPS=1294
update 30/390 | step=61440 | SPS=1282
update 40/390 | step=81920 | SPS=1272
[100016] Regime switch detected! 0 -> 1. Snapshotting anchor model.
update 50/390 | step=102400 | SPS=1289
update 60/390 | step=122880 | SPS=1304
update 70/390 | step=143360 | SPS=1299
update 80/390 | step=163840 | SPS=1292
update 90/390 | step=184320 | SPS=1289
[200016] Regime switch detected! 1 -> 0. Snapshotting anchor model.
update 100/390 | step=204800 | SPS=1289
update 110/390 | step=225280 | SPS=1285
update 120/390 | step=245760 | SPS=1281
update 130/390 | step=266240 | SPS=1285
update 140/390 | step=286720 | SPS=1291
[300016] Regime switch detected! 0 -> 1. Snapshotting anchor model.
update 150/390 | step=307200 | SPS=1297
update 160/390 | step=327680 | SPS=1302
update 170/390 | step=348160 | SPS=1305
update 180/390 | step=368640 | SPS=1302
update 190/390 | step=389120 | SPS=1300
[400016] Regime switch detected! 1 -> 0. Snapshotting anchor model.
update 200/390 | step=409600 | SPS=1300
update 210/390 | step=430080 | SPS=1301
update 220/390 | step=450560 | SPS=1300
update 230/390 | step=471040 | SPS=1298
update 240/390 | step=491520 | SPS=1299
[500016] Regime switch detected! 0 -> 1. Snapshotting anchor model.
update 250/390 | step=512000 | SPS=1301
update 260/390 | step=532480 | SPS=1303
update 270/390 | step=552960 | SPS=1301
update 280/390 | step=573440 | SPS=1302
update 290/390 | step=593920 | SPS=1301
[600016] Regime switch detected! 1 -> 0. Snapshotting anchor model.
update 300/390 | step=614400 | SPS=1302
update 310/390 | step=634880 | SPS=1304
update 320/390 | step=655360 | SPS=1303
update 330/390 | step=675840 | SPS=1304
update 340/390 | step=696320 | SPS=1305
[700016] Regime switch detected! 0 -> 1. Snapshotting anchor model.
update 350/390 | step=716800 | SPS=1305
update 360/390 | step=737280 | SPS=1305
update 370/390 | step=757760 | SPS=1304
update 380/390 | step=778240 | SPS=1303
update 390/390 | step=798720 | SPS=1302
Episode 22/60 | reward=5.6167 | avg10=4.3779 | avg_success_rate=0.9100 | steps=38 | time=616.5s
update 10/390 | step=20480 | SPS=1356
update 20/390 | step=40960 | SPS=1316
update 30/390 | step=61440 | SPS=1303
update 40/390 | step=81920 | SPS=1286
[100016] Regime switch detected! 0 -> 1. Snapshotting anchor model.
update 50/390 | step=102400 | SPS=1280
update 60/390 | step=122880 | SPS=1288
update 70/390 | step=143360 | SPS=1293
update 80/390 | step=163840 | SPS=1293
update 90/390 | step=184320 | SPS=1288
[200016] Regime switch detected! 1 -> 0. Snapshotting anchor model.
update 100/390 | step=204800 | SPS=1294
update 110/390 | step=225280 | SPS=1297
update 120/390 | step=245760 | SPS=1295
update 130/390 | step=266240 | SPS=1300
update 140/390 | step=286720 | SPS=1296
[300016] Regime switch detected! 0 -> 1. Snapshotting anchor model.
update 150/390 | step=307200 | SPS=1293
update 160/390 | step=327680 | SPS=1299
update 170/390 | step=348160 | SPS=1301
update 180/390 | step=368640 | SPS=1303
update 190/390 | step=389120 | SPS=1306
[400016] Regime switch detected! 1 -> 0. Snapshotting anchor model.
update 200/390 | step=409600 | SPS=1310
update 210/390 | step=430080 | SPS=1314
update 220/390 | step=450560 | SPS=1312
update 230/390 | step=471040 | SPS=1311
update 240/390 | step=491520 | SPS=1307
[500016] Regime switch detected! 0 -> 1. Snapshotting anchor model.
update 250/390 | step=512000 | SPS=1305
update 260/390 | step=532480 | SPS=1308
update 270/390 | step=552960 | SPS=1309
update 280/390 | step=573440 | SPS=1308
update 290/390 | step=593920 | SPS=1307
[600016] Regime switch detected! 1 -> 0. Snapshotting anchor model.
update 300/390 | step=614400 | SPS=1305
update 310/390 | step=634880 | SPS=1304
update 320/390 | step=655360 | SPS=1305
update 330/390 | step=675840 | SPS=1307
update 340/390 | step=696320 | SPS=1309
[700016] Regime switch detected! 0 -> 1. Snapshotting anchor model.
update 350/390 | step=716800 | SPS=1310
update 360/390 | step=737280 | SPS=1310
update 370/390 | step=757760 | SPS=1309
update 380/390 | step=778240 | SPS=1310
update 390/390 | step=798720 | SPS=1309
Episode 23/60 | reward=5.0532 | avg10=4.5699 | avg_success_rate=0.9500 | steps=38 | time=612.8s
update 10/390 | step=20480 | SPS=1440
update 20/390 | step=40960 | SPS=1407
update 30/390 | step=61440 | SPS=1412
update 40/390 | step=81920 | SPS=1373
[100016] Regime switch detected! 0 -> 1. Snapshotting anchor model.
update 50/390 | step=102400 | SPS=1355
update 60/390 | step=122880 | SPS=1342
update 70/390 | step=143360 | SPS=1342
update 80/390 | step=163840 | SPS=1339
update 90/390 | step=184320 | SPS=1344
[200016] Regime switch detected! 1 -> 0. Snapshotting anchor model.
update 100/390 | step=204800 | SPS=1339
update 110/390 | step=225280 | SPS=1329
update 120/390 | step=245760 | SPS=1322
update 130/390 | step=266240 | SPS=1324
update 140/390 | step=286720 | SPS=1323
[300016] Regime switch detected! 0 -> 1. Snapshotting anchor model.
update 150/390 | step=307200 | SPS=1321
update 160/390 | step=327680 | SPS=1315
update 170/390 | step=348160 | SPS=1315
update 180/390 | step=368640 | SPS=1315
update 190/390 | step=389120 | SPS=1312
[400016] Regime switch detected! 1 -> 0. Snapshotting anchor model.
update 200/390 | step=409600 | SPS=1311
update 210/390 | step=430080 | SPS=1308
update 220/390 | step=450560 | SPS=1305
update 230/390 | step=471040 | SPS=1305
update 240/390 | step=491520 | SPS=1308
[500016] Regime switch detected! 0 -> 1. Snapshotting anchor model.
update 250/390 | step=512000 | SPS=1309
update 260/390 | step=532480 | SPS=1310
update 270/390 | step=552960 | SPS=1312
update 280/390 | step=573440 | SPS=1314
update 290/390 | step=593920 | SPS=1315
[600016] Regime switch detected! 1 -> 0. Snapshotting anchor model.
update 300/390 | step=614400 | SPS=1313
update 310/390 | step=634880 | SPS=1311
update 320/390 | step=655360 | SPS=1309
update 330/390 | step=675840 | SPS=1308
update 340/390 | step=696320 | SPS=1305
[700016] Regime switch detected! 0 -> 1. Snapshotting anchor model.
update 350/390 | step=716800 | SPS=1304
update 360/390 | step=737280 | SPS=1303
update 370/390 | step=757760 | SPS=1302
update 380/390 | step=778240 | SPS=1301
update 390/390 | step=798720 | SPS=1300
Episode 24/60 | reward=4.4206 | avg10=4.5684 | avg_success_rate=0.8600 | steps=38 | time=617.1s
update 10/390 | step=20480 | SPS=1375
update 20/390 | step=40960 | SPS=1323
update 30/390 | step=61440 | SPS=1293
update 40/390 | step=81920 | SPS=1310
[100016] Regime switch detected! 0 -> 1. Snapshotting anchor model.
update 50/390 | step=102400 | SPS=1316
update 60/390 | step=122880 | SPS=1325
update 70/390 | step=143360 | SPS=1316
update 80/390 | step=163840 | SPS=1306
update 90/390 | step=184320 | SPS=1301
[200016] Regime switch detected! 1 -> 0. Snapshotting anchor model.
update 100/390 | step=204800 | SPS=1304
update 110/390 | step=225280 | SPS=1298
update 120/390 | step=245760 | SPS=1294
update 130/390 | step=266240 | SPS=1298
update 140/390 | step=286720 | SPS=1301
[300016] Regime switch detected! 0 -> 1. Snapshotting anchor model.
update 150/390 | step=307200 | SPS=1304
update 160/390 | step=327680 | SPS=1305
update 170/390 | step=348160 | SPS=1301
update 180/390 | step=368640 | SPS=1296
update 190/390 | step=389120 | SPS=1293
[400016] Regime switch detected! 1 -> 0. Snapshotting anchor model.
update 200/390 | step=409600 | SPS=1291
update 210/390 | step=430080 | SPS=1289
update 220/390 | step=450560 | SPS=1289
update 230/390 | step=471040 | SPS=1292
update 240/390 | step=491520 | SPS=1292
[500016] Regime switch detected! 0 -> 1. Snapshotting anchor model.
update 250/390 | step=512000 | SPS=1291
update 260/390 | step=532480 | SPS=1291
update 270/390 | step=552960 | SPS=1295
update 280/390 | step=573440 | SPS=1297
update 290/390 | step=593920 | SPS=1298
[600016] Regime switch detected! 1 -> 0. Snapshotting anchor model.
update 300/390 | step=614400 | SPS=1298
update 310/390 | step=634880 | SPS=1298
update 320/390 | step=655360 | SPS=1297
update 330/390 | step=675840 | SPS=1296
update 340/390 | step=696320 | SPS=1296
[700016] Regime switch detected! 0 -> 1. Snapshotting anchor model.
update 350/390 | step=716800 | SPS=1295
update 360/390 | step=737280 | SPS=1296
update 370/390 | step=757760 | SPS=1298
update 380/390 | step=778240 | SPS=1297
update 390/390 | step=798720 | SPS=1297
Episode 25/60 | reward=2.7807 | avg10=4.5572 | avg_success_rate=0.8300 | steps=38 | time=618.7s
  [brain ckpt] runs/calib8x8_brain_neuromod_long_seed3_20260702-044135/episode_25/brain_ep25.pt
update 10/390 | step=20480 | SPS=1333
update 20/390 | step=40960 | SPS=1303
update 30/390 | step=61440 | SPS=1300
update 40/390 | step=81920 | SPS=1313
[100016] Regime switch detected! 0 -> 1. Snapshotting anchor model.
update 50/390 | step=102400 | SPS=1305
update 60/390 | step=122880 | SPS=1301
update 70/390 | step=143360 | SPS=1298
update 80/390 | step=163840 | SPS=1288
update 90/390 | step=184320 | SPS=1294
[200016] Regime switch detected! 1 -> 0. Snapshotting anchor model.
update 100/390 | step=204800 | SPS=1289
update 110/390 | step=225280 | SPS=1286
update 120/390 | step=245760 | SPS=1283
update 130/390 | step=266240 | SPS=1280
update 140/390 | step=286720 | SPS=1288
[300016] Regime switch detected! 0 -> 1. Snapshotting anchor model.
update 150/390 | step=307200 | SPS=1289
update 160/390 | step=327680 | SPS=1294
update 170/390 | step=348160 | SPS=1299
update 180/390 | step=368640 | SPS=1303
update 190/390 | step=389120 | SPS=1308
[400016] Regime switch detected! 1 -> 0. Snapshotting anchor model.
update 200/390 | step=409600 | SPS=1311
update 210/390 | step=430080 | SPS=1315
update 220/390 | step=450560 | SPS=1317
update 230/390 | step=471040 | SPS=1317
update 240/390 | step=491520 | SPS=1313
[500016] Regime switch detected! 0 -> 1. Snapshotting anchor model.
update 250/390 | step=512000 | SPS=1310
update 260/390 | step=532480 | SPS=1310
update 270/390 | step=552960 | SPS=1311
update 280/390 | step=573440 | SPS=1312
update 290/390 | step=593920 | SPS=1314
[600016] Regime switch detected! 1 -> 0. Snapshotting anchor model.
update 300/390 | step=614400 | SPS=1314
update 310/390 | step=634880 | SPS=1313
update 320/390 | step=655360 | SPS=1312
update 330/390 | step=675840 | SPS=1313
update 340/390 | step=696320 | SPS=1312
[700016] Regime switch detected! 0 -> 1. Snapshotting anchor model.
update 350/390 | step=716800 | SPS=1312
update 360/390 | step=737280 | SPS=1309
update 370/390 | step=757760 | SPS=1309
update 380/390 | step=778240 | SPS=1311
update 390/390 | step=798720 | SPS=1310
Episode 26/60 | reward=6.1855 | avg10=4.6192 | avg_success_rate=0.9400 | steps=38 | time=612.3s
update 10/390 | step=20480 | SPS=1345
update 20/390 | step=40960 | SPS=1306
update 30/390 | step=61440 | SPS=1295
update 40/390 | step=81920 | SPS=1301
[100016] Regime switch detected! 0 -> 1. Snapshotting anchor model.
update 50/390 | step=102400 | SPS=1306
update 60/390 | step=122880 | SPS=1317
update 70/390 | step=143360 | SPS=1329
update 80/390 | step=163840 | SPS=1317
update 90/390 | step=184320 | SPS=1313
[200016] Regime switch detected! 1 -> 0. Snapshotting anchor model.
update 100/390 | step=204800 | SPS=1308
update 110/390 | step=225280 | SPS=1304
update 120/390 | step=245760 | SPS=1300
update 130/390 | step=266240 | SPS=1300
update 140/390 | step=286720 | SPS=1302
[300016] Regime switch detected! 0 -> 1. Snapshotting anchor model.
update 150/390 | step=307200 | SPS=1299
update 160/390 | step=327680 | SPS=1299
update 170/390 | step=348160 | SPS=1297
update 180/390 | step=368640 | SPS=1300
update 190/390 | step=389120 | SPS=1299
[400016] Regime switch detected! 1 -> 0. Snapshotting anchor model.
update 200/390 | step=409600 | SPS=1302
update 210/390 | step=430080 | SPS=1305
update 220/390 | step=450560 | SPS=1308
update 230/390 | step=471040 | SPS=1305
update 240/390 | step=491520 | SPS=1303
[500016] Regime switch detected! 0 -> 1. Snapshotting anchor model.
update 250/390 | step=512000 | SPS=1300
update 260/390 | step=532480 | SPS=1300
update 270/390 | step=552960 | SPS=1298
update 280/390 | step=573440 | SPS=1300
update 290/390 | step=593920 | SPS=1301
[600016] Regime switch detected! 1 -> 0. Snapshotting anchor model.
update 300/390 | step=614400 | SPS=1299
update 310/390 | step=634880 | SPS=1297
update 320/390 | step=655360 | SPS=1299
update 330/390 | step=675840 | SPS=1300
update 340/390 | step=696320 | SPS=1302
[700016] Regime switch detected! 0 -> 1. Snapshotting anchor model.
update 350/390 | step=716800 | SPS=1303
update 360/390 | step=737280 | SPS=1303
update 370/390 | step=757760 | SPS=1303
update 380/390 | step=778240 | SPS=1302
update 390/390 | step=798720 | SPS=1301
Episode 27/60 | reward=3.7842 | avg10=4.4750 | avg_success_rate=0.9000 | steps=38 | time=616.5s
update 10/390 | step=20480 | SPS=1308
update 20/390 | step=40960 | SPS=1319
update 30/390 | step=61440 | SPS=1300
update 40/390 | step=81920 | SPS=1312
[100016] Regime switch detected! 0 -> 1. Snapshotting anchor model.
update 50/390 | step=102400 | SPS=1322
update 60/390 | step=122880 | SPS=1323
update 70/390 | step=143360 | SPS=1325
update 80/390 | step=163840 | SPS=1331
update 90/390 | step=184320 | SPS=1332
[200016] Regime switch detected! 1 -> 0. Snapshotting anchor model.
update 100/390 | step=204800 | SPS=1327
update 110/390 | step=225280 | SPS=1327
update 120/390 | step=245760 | SPS=1325
update 130/390 | step=266240 | SPS=1328
update 140/390 | step=286720 | SPS=1331
[300016] Regime switch detected! 0 -> 1. Snapshotting anchor model.
update 150/390 | step=307200 | SPS=1328
update 160/390 | step=327680 | SPS=1325
update 170/390 | step=348160 | SPS=1321
update 180/390 | step=368640 | SPS=1320
update 190/390 | step=389120 | SPS=1318
[400016] Regime switch detected! 1 -> 0. Snapshotting anchor model.
update 200/390 | step=409600 | SPS=1315
update 210/390 | step=430080 | SPS=1311
update 220/390 | step=450560 | SPS=1309
update 230/390 | step=471040 | SPS=1306
update 240/390 | step=491520 | SPS=1306
[500016] Regime switch detected! 0 -> 1. Snapshotting anchor model.
update 250/390 | step=512000 | SPS=1304
update 260/390 | step=532480 | SPS=1303
update 270/390 | step=552960 | SPS=1301
update 280/390 | step=573440 | SPS=1300
update 290/390 | step=593920 | SPS=1301
[600016] Regime switch detected! 1 -> 0. Snapshotting anchor model.
update 300/390 | step=614400 | SPS=1302
update 310/390 | step=634880 | SPS=1302
update 320/390 | step=655360 | SPS=1301
update 330/390 | step=675840 | SPS=1299
update 340/390 | step=696320 | SPS=1298
[700016] Regime switch detected! 0 -> 1. Snapshotting anchor model.
update 350/390 | step=716800 | SPS=1299
update 360/390 | step=737280 | SPS=1301
update 370/390 | step=757760 | SPS=1303
update 380/390 | step=778240 | SPS=1303
update 390/390 | step=798720 | SPS=1304
Episode 28/60 | reward=5.2811 | avg10=4.5246 | avg_success_rate=0.9400 | steps=38 | time=615.2s
update 10/390 | step=20480 | SPS=1327
update 20/390 | step=40960 | SPS=1295
update 30/390 | step=61440 | SPS=1279
update 40/390 | step=81920 | SPS=1276
[100016] Regime switch detected! 0 -> 1. Snapshotting anchor model.
update 50/390 | step=102400 | SPS=1289
update 60/390 | step=122880 | SPS=1282
update 70/390 | step=143360 | SPS=1282
update 80/390 | step=163840 | SPS=1275
update 90/390 | step=184320 | SPS=1277
[200016] Regime switch detected! 1 -> 0. Snapshotting anchor model.
update 100/390 | step=204800 | SPS=1275
update 110/390 | step=225280 | SPS=1270
update 120/390 | step=245760 | SPS=1269
update 130/390 | step=266240 | SPS=1268
update 140/390 | step=286720 | SPS=1267
[300016] Regime switch detected! 0 -> 1. Snapshotting anchor model.
update 150/390 | step=307200 | SPS=1271
update 160/390 | step=327680 | SPS=1276
update 170/390 | step=348160 | SPS=1280
update 180/390 | step=368640 | SPS=1281
update 190/390 | step=389120 | SPS=1280
[400016] Regime switch detected! 1 -> 0. Snapshotting anchor model.
update 200/390 | step=409600 | SPS=1280
update 210/390 | step=430080 | SPS=1281
update 220/390 | step=450560 | SPS=1285
update 230/390 | step=471040 | SPS=1284
update 240/390 | step=491520 | SPS=1281
[500016] Regime switch detected! 0 -> 1. Snapshotting anchor model.
update 250/390 | step=512000 | SPS=1281
update 260/390 | step=532480 | SPS=1279
update 270/390 | step=552960 | SPS=1278
update 280/390 | step=573440 | SPS=1276
update 290/390 | step=593920 | SPS=1277
[600016] Regime switch detected! 1 -> 0. Snapshotting anchor model.
update 300/390 | step=614400 | SPS=1277
update 310/390 | step=634880 | SPS=1277
update 320/390 | step=655360 | SPS=1279
update 330/390 | step=675840 | SPS=1281
update 340/390 | step=696320 | SPS=1280
[700016] Regime switch detected! 0 -> 1. Snapshotting anchor model.
update 350/390 | step=716800 | SPS=1280
update 360/390 | step=737280 | SPS=1279
update 370/390 | step=757760 | SPS=1281
update 380/390 | step=778240 | SPS=1284
update 390/390 | step=798720 | SPS=1283
Episode 29/60 | reward=6.6347 | avg10=4.8940 | avg_success_rate=0.9200 | steps=38 | time=625.4s
update 10/390 | step=20480 | SPS=1349
update 20/390 | step=40960 | SPS=1302
update 30/390 | step=61440 | SPS=1279
update 40/390 | step=81920 | SPS=1274
[100016] Regime switch detected! 0 -> 1. Snapshotting anchor model.
update 50/390 | step=102400 | SPS=1281
update 60/390 | step=122880 | SPS=1291
update 70/390 | step=143360 | SPS=1306
update 80/390 | step=163840 | SPS=1304
update 90/390 | step=184320 | SPS=1313
[200016] Regime switch detected! 1 -> 0. Snapshotting anchor model.
update 100/390 | step=204800 | SPS=1320
update 110/390 | step=225280 | SPS=1324
update 120/390 | step=245760 | SPS=1329
update 130/390 | step=266240 | SPS=1332
update 140/390 | step=286720 | SPS=1328
[300016] Regime switch detected! 0 -> 1. Snapshotting anchor model.
update 150/390 | step=307200 | SPS=1323
update 160/390 | step=327680 | SPS=1327
update 170/390 | step=348160 | SPS=1329
update 180/390 | step=368640 | SPS=1330
update 190/390 | step=389120 | SPS=1332
[400016] Regime switch detected! 1 -> 0. Snapshotting anchor model.
update 200/390 | step=409600 | SPS=1330
update 210/390 | step=430080 | SPS=1332
update 220/390 | step=450560 | SPS=1333
update 230/390 | step=471040 | SPS=1330
update 240/390 | step=491520 | SPS=1327
[500016] Regime switch detected! 0 -> 1. Snapshotting anchor model.
update 250/390 | step=512000 | SPS=1327
update 260/390 | step=532480 | SPS=1325
update 270/390 | step=552960 | SPS=1326
update 280/390 | step=573440 | SPS=1325
update 290/390 | step=593920 | SPS=1321
[600016] Regime switch detected! 1 -> 0. Snapshotting anchor model.
update 300/390 | step=614400 | SPS=1318
update 310/390 | step=634880 | SPS=1317
update 320/390 | step=655360 | SPS=1317
update 330/390 | step=675840 | SPS=1318
update 340/390 | step=696320 | SPS=1318
[700016] Regime switch detected! 0 -> 1. Snapshotting anchor model.
update 350/390 | step=716800 | SPS=1317
update 360/390 | step=737280 | SPS=1319
update 370/390 | step=757760 | SPS=1319
update 380/390 | step=778240 | SPS=1320
update 390/390 | step=798720 | SPS=1320
Episode 30/60 | reward=7.7502 | avg10=5.1992 | avg_success_rate=0.8900 | steps=38 | time=607.9s
  [brain ckpt] runs/calib8x8_brain_neuromod_long_seed3_20260702-044135/episode_30/brain_ep30.pt
update 10/390 | step=20480 | SPS=1340
update 20/390 | step=40960 | SPS=1364
update 30/390 | step=61440 | SPS=1337
update 40/390 | step=81920 | SPS=1321
[100016] Regime switch detected! 0 -> 1. Snapshotting anchor model.
update 50/390 | step=102400 | SPS=1318
update 60/390 | step=122880 | SPS=1316
update 70/390 | step=143360 | SPS=1309
update 80/390 | step=163840 | SPS=1306
update 90/390 | step=184320 | SPS=1300
[200016] Regime switch detected! 1 -> 0. Snapshotting anchor model.
update 100/390 | step=204800 | SPS=1297
update 110/390 | step=225280 | SPS=1298
update 120/390 | step=245760 | SPS=1297
update 130/390 | step=266240 | SPS=1303
update 140/390 | step=286720 | SPS=1308
[300016] Regime switch detected! 0 -> 1. Snapshotting anchor model.
update 150/390 | step=307200 | SPS=1314
update 160/390 | step=327680 | SPS=1317
update 170/390 | step=348160 | SPS=1314
update 180/390 | step=368640 | SPS=1318
update 190/390 | step=389120 | SPS=1319
[400016] Regime switch detected! 1 -> 0. Snapshotting anchor model.
update 200/390 | step=409600 | SPS=1317
update 210/390 | step=430080 | SPS=1313
update 220/390 | step=450560 | SPS=1315
update 230/390 | step=471040 | SPS=1312
update 240/390 | step=491520 | SPS=1310
[500016] Regime switch detected! 0 -> 1. Snapshotting anchor model.
update 250/390 | step=512000 | SPS=1312
update 260/390 | step=532480 | SPS=1312
update 270/390 | step=552960 | SPS=1308
update 280/390 | step=573440 | SPS=1307
update 290/390 | step=593920 | SPS=1304
[600016] Regime switch detected! 1 -> 0. Snapshotting anchor model.
update 300/390 | step=614400 | SPS=1304
update 310/390 | step=634880 | SPS=1303
update 320/390 | step=655360 | SPS=1300
update 330/390 | step=675840 | SPS=1298
update 340/390 | step=696320 | SPS=1297
[700016] Regime switch detected! 0 -> 1. Snapshotting anchor model.
update 350/390 | step=716800 | SPS=1296
update 360/390 | step=737280 | SPS=1295
update 370/390 | step=757760 | SPS=1294
update 380/390 | step=778240 | SPS=1296
update 390/390 | step=798720 | SPS=1297
Episode 31/60 | reward=4.4076 | avg10=5.1915 | avg_success_rate=0.5400 | steps=38 | time=618.5s
update 10/390 | step=20480 | SPS=1325
update 20/390 | step=40960 | SPS=1303
update 30/390 | step=61440 | SPS=1287
update 40/390 | step=81920 | SPS=1302
[100016] Regime switch detected! 0 -> 1. Snapshotting anchor model.
update 50/390 | step=102400 | SPS=1314
update 60/390 | step=122880 | SPS=1320
update 70/390 | step=143360 | SPS=1332
update 80/390 | step=163840 | SPS=1333
update 90/390 | step=184320 | SPS=1324
[200016] Regime switch detected! 1 -> 0. Snapshotting anchor model.
update 100/390 | step=204800 | SPS=1321
update 110/390 | step=225280 | SPS=1312
update 120/390 | step=245760 | SPS=1307
update 130/390 | step=266240 | SPS=1311
update 140/390 | step=286720 | SPS=1315
[300016] Regime switch detected! 0 -> 1. Snapshotting anchor model.
update 150/390 | step=307200 | SPS=1319
update 160/390 | step=327680 | SPS=1324
update 170/390 | step=348160 | SPS=1325
update 180/390 | step=368640 | SPS=1328
update 190/390 | step=389120 | SPS=1331
[400016] Regime switch detected! 1 -> 0. Snapshotting anchor model.
update 200/390 | step=409600 | SPS=1331
update 210/390 | step=430080 | SPS=1329
update 220/390 | step=450560 | SPS=1332
update 230/390 | step=471040 | SPS=1332
update 240/390 | step=491520 | SPS=1334
[500016] Regime switch detected! 0 -> 1. Snapshotting anchor model.
update 250/390 | step=512000 | SPS=1335
update 260/390 | step=532480 | SPS=1336
update 270/390 | step=552960 | SPS=1338
update 280/390 | step=573440 | SPS=1336
update 290/390 | step=593920 | SPS=1335
[600016] Regime switch detected! 1 -> 0. Snapshotting anchor model.
update 300/390 | step=614400 | SPS=1335
update 310/390 | step=634880 | SPS=1335
update 320/390 | step=655360 | SPS=1333
update 330/390 | step=675840 | SPS=1332
update 340/390 | step=696320 | SPS=1332
[700016] Regime switch detected! 0 -> 1. Snapshotting anchor model.
update 350/390 | step=716800 | SPS=1333
update 360/390 | step=737280 | SPS=1334
update 370/390 | step=757760 | SPS=1332
update 380/390 | step=778240 | SPS=1330
update 390/390 | step=798720 | SPS=1329
Episode 32/60 | reward=6.8359 | avg10=5.3134 | avg_success_rate=0.7200 | steps=38 | time=603.9s
update 10/390 | step=20480 | SPS=1294
update 20/390 | step=40960 | SPS=1295
update 30/390 | step=61440 | SPS=1312
update 40/390 | step=81920 | SPS=1328
[100016] Regime switch detected! 0 -> 1. Snapshotting anchor model.
update 50/390 | step=102400 | SPS=1333
update 60/390 | step=122880 | SPS=1333
update 70/390 | step=143360 | SPS=1341
update 80/390 | step=163840 | SPS=1342
update 90/390 | step=184320 | SPS=1334
[200016] Regime switch detected! 1 -> 0. Snapshotting anchor model.
update 100/390 | step=204800 | SPS=1324
update 110/390 | step=225280 | SPS=1316
update 120/390 | step=245760 | SPS=1312
update 130/390 | step=266240 | SPS=1310
update 140/390 | step=286720 | SPS=1308
[300016] Regime switch detected! 0 -> 1. Snapshotting anchor model.
update 150/390 | step=307200 | SPS=1312
update 160/390 | step=327680 | SPS=1316
update 170/390 | step=348160 | SPS=1317
update 180/390 | step=368640 | SPS=1317
update 190/390 | step=389120 | SPS=1317
[400016] Regime switch detected! 1 -> 0. Snapshotting anchor model.
update 200/390 | step=409600 | SPS=1319
update 210/390 | step=430080 | SPS=1320
update 220/390 | step=450560 | SPS=1323
update 230/390 | step=471040 | SPS=1324
update 240/390 | step=491520 | SPS=1326
[500016] Regime switch detected! 0 -> 1. Snapshotting anchor model.
update 250/390 | step=512000 | SPS=1329
update 260/390 | step=532480 | SPS=1330
update 270/390 | step=552960 | SPS=1331
update 280/390 | step=573440 | SPS=1329
update 290/390 | step=593920 | SPS=1329
[600016] Regime switch detected! 1 -> 0. Snapshotting anchor model.
update 300/390 | step=614400 | SPS=1331
update 310/390 | step=634880 | SPS=1332
update 320/390 | step=655360 | SPS=1332
update 330/390 | step=675840 | SPS=1331
update 340/390 | step=696320 | SPS=1329
[700016] Regime switch detected! 0 -> 1. Snapshotting anchor model.
update 350/390 | step=716800 | SPS=1328
update 360/390 | step=737280 | SPS=1329
update 370/390 | step=757760 | SPS=1328
update 380/390 | step=778240 | SPS=1327
update 390/390 | step=798720 | SPS=1326
Episode 33/60 | reward=6.6763 | avg10=5.4757 | avg_success_rate=0.9500 | steps=38 | time=605.0s
update 10/390 | step=20480 | SPS=1383
update 20/390 | step=40960 | SPS=1297
update 30/390 | step=61440 | SPS=1299
update 40/390 | step=81920 | SPS=1305
[100016] Regime switch detected! 0 -> 1. Snapshotting anchor model.
update 50/390 | step=102400 | SPS=1319
update 60/390 | step=122880 | SPS=1311
update 70/390 | step=143360 | SPS=1305
update 80/390 | step=163840 | SPS=1316
update 90/390 | step=184320 | SPS=1324
[200016] Regime switch detected! 1 -> 0. Snapshotting anchor model.
update 100/390 | step=204800 | SPS=1330
update 110/390 | step=225280 | SPS=1333
update 120/390 | step=245760 | SPS=1329
update 130/390 | step=266240 | SPS=1324
update 140/390 | step=286720 | SPS=1320
[300016] Regime switch detected! 0 -> 1. Snapshotting anchor model.
update 150/390 | step=307200 | SPS=1314
update 160/390 | step=327680 | SPS=1310
update 170/390 | step=348160 | SPS=1305
update 180/390 | step=368640 | SPS=1301
update 190/390 | step=389120 | SPS=1297
[400016] Regime switch detected! 1 -> 0. Snapshotting anchor model.
update 200/390 | step=409600 | SPS=1297
update 210/390 | step=430080 | SPS=1300
update 220/390 | step=450560 | SPS=1303
update 230/390 | step=471040 | SPS=1304
update 240/390 | step=491520 | SPS=1306
[500016] Regime switch detected! 0 -> 1. Snapshotting anchor model.
update 250/390 | step=512000 | SPS=1307
update 260/390 | step=532480 | SPS=1310
update 270/390 | step=552960 | SPS=1311
update 280/390 | step=573440 | SPS=1313
update 290/390 | step=593920 | SPS=1315
[600016] Regime switch detected! 1 -> 0. Snapshotting anchor model.
update 300/390 | step=614400 | SPS=1315
update 310/390 | step=634880 | SPS=1316
update 320/390 | step=655360 | SPS=1318
update 330/390 | step=675840 | SPS=1319
update 340/390 | step=696320 | SPS=1319
[700016] Regime switch detected! 0 -> 1. Snapshotting anchor model.
update 350/390 | step=716800 | SPS=1319
update 360/390 | step=737280 | SPS=1317
update 370/390 | step=757760 | SPS=1319
update 380/390 | step=778240 | SPS=1320
update 390/390 | step=798720 | SPS=1318
Episode 34/60 | reward=4.1251 | avg10=5.4461 | avg_success_rate=0.9300 | steps=38 | time=608.9s
update 10/390 | step=20480 | SPS=1368
update 20/390 | step=40960 | SPS=1332
update 30/390 | step=61440 | SPS=1326
update 40/390 | step=81920 | SPS=1343
[100016] Regime switch detected! 0 -> 1. Snapshotting anchor model.
update 50/390 | step=102400 | SPS=1340
update 60/390 | step=122880 | SPS=1337
update 70/390 | step=143360 | SPS=1344
update 80/390 | step=163840 | SPS=1331
update 90/390 | step=184320 | SPS=1331
[200016] Regime switch detected! 1 -> 0. Snapshotting anchor model.
update 100/390 | step=204800 | SPS=1330
update 110/390 | step=225280 | SPS=1336
update 120/390 | step=245760 | SPS=1339
update 130/390 | step=266240 | SPS=1337
update 140/390 | step=286720 | SPS=1331
[300016] Regime switch detected! 0 -> 1. Snapshotting anchor model.
update 150/390 | step=307200 | SPS=1332
update 160/390 | step=327680 | SPS=1334
update 170/390 | step=348160 | SPS=1332
update 180/390 | step=368640 | SPS=1326
update 190/390 | step=389120 | SPS=1327
[400016] Regime switch detected! 1 -> 0. Snapshotting anchor model.
update 200/390 | step=409600 | SPS=1324
update 210/390 | step=430080 | SPS=1322
update 220/390 | step=450560 | SPS=1322
update 230/390 | step=471040 | SPS=1318
update 240/390 | step=491520 | SPS=1319
[500016] Regime switch detected! 0 -> 1. Snapshotting anchor model.
update 250/390 | step=512000 | SPS=1320
update 260/390 | step=532480 | SPS=1318
update 270/390 | step=552960 | SPS=1319
update 280/390 | step=573440 | SPS=1317
update 290/390 | step=593920 | SPS=1314
[600016] Regime switch detected! 1 -> 0. Snapshotting anchor model.
update 300/390 | step=614400 | SPS=1313
update 310/390 | step=634880 | SPS=1313
update 320/390 | step=655360 | SPS=1311
update 330/390 | step=675840 | SPS=1309
update 340/390 | step=696320 | SPS=1307
[700016] Regime switch detected! 0 -> 1. Snapshotting anchor model.
update 350/390 | step=716800 | SPS=1306
update 360/390 | step=737280 | SPS=1304
update 370/390 | step=757760 | SPS=1304
update 380/390 | step=778240 | SPS=1303
update 390/390 | step=798720 | SPS=1303
Episode 35/60 | reward=4.0914 | avg10=5.5772 | avg_success_rate=0.9000 | steps=38 | time=616.0s
  [brain ckpt] runs/calib8x8_brain_neuromod_long_seed3_20260702-044135/episode_35/brain_ep35.pt
update 10/390 | step=20480 | SPS=1335
update 20/390 | step=40960 | SPS=1307
update 30/390 | step=61440 | SPS=1285
update 40/390 | step=81920 | SPS=1283
[100016] Regime switch detected! 0 -> 1. Snapshotting anchor model.
update 50/390 | step=102400 | SPS=1276
update 60/390 | step=122880 | SPS=1272
update 70/390 | step=143360 | SPS=1285
update 80/390 | step=163840 | SPS=1285
update 90/390 | step=184320 | SPS=1278
[200016] Regime switch detected! 1 -> 0. Snapshotting anchor model.
update 100/390 | step=204800 | SPS=1276
update 110/390 | step=225280 | SPS=1275
update 120/390 | step=245760 | SPS=1284
update 130/390 | step=266240 | SPS=1290
update 140/390 | step=286720 | SPS=1292
[300016] Regime switch detected! 0 -> 1. Snapshotting anchor model.
update 150/390 | step=307200 | SPS=1291
update 160/390 | step=327680 | SPS=1296
update 170/390 | step=348160 | SPS=1296
update 180/390 | step=368640 | SPS=1293
update 190/390 | step=389120 | SPS=1291
[400016] Regime switch detected! 1 -> 0. Snapshotting anchor model.
update 200/390 | step=409600 | SPS=1288
update 210/390 | step=430080 | SPS=1286
update 220/390 | step=450560 | SPS=1288
update 230/390 | step=471040 | SPS=1291
update 240/390 | step=491520 | SPS=1293
[500016] Regime switch detected! 0 -> 1. Snapshotting anchor model.
update 250/390 | step=512000 | SPS=1293
update 260/390 | step=532480 | SPS=1295
update 270/390 | step=552960 | SPS=1296
update 280/390 | step=573440 | SPS=1298
update 290/390 | step=593920 | SPS=1299
[600016] Regime switch detected! 1 -> 0. Snapshotting anchor model.
update 300/390 | step=614400 | SPS=1298
update 310/390 | step=634880 | SPS=1299
update 320/390 | step=655360 | SPS=1299
update 330/390 | step=675840 | SPS=1297
update 340/390 | step=696320 | SPS=1295
[700016] Regime switch detected! 0 -> 1. Snapshotting anchor model.
update 350/390 | step=716800 | SPS=1294
update 360/390 | step=737280 | SPS=1293
update 370/390 | step=757760 | SPS=1292
update 380/390 | step=778240 | SPS=1292
update 390/390 | step=798720 | SPS=1290
Episode 36/60 | reward=1.6434 | avg10=5.1230 | avg_success_rate=0.7000 | steps=38 | time=622.0s
update 10/390 | step=20480 | SPS=1364
update 20/390 | step=40960 | SPS=1362
update 30/390 | step=61440 | SPS=1351
update 40/390 | step=81920 | SPS=1359
[100016] Regime switch detected! 0 -> 1. Snapshotting anchor model.
update 50/390 | step=102400 | SPS=1354
update 60/390 | step=122880 | SPS=1341
update 70/390 | step=143360 | SPS=1335
update 80/390 | step=163840 | SPS=1343
update 90/390 | step=184320 | SPS=1344
[200016] Regime switch detected! 1 -> 0. Snapshotting anchor model.
update 100/390 | step=204800 | SPS=1347
update 110/390 | step=225280 | SPS=1352
update 120/390 | step=245760 | SPS=1354
update 130/390 | step=266240 | SPS=1355
update 140/390 | step=286720 | SPS=1356
[300016] Regime switch detected! 0 -> 1. Snapshotting anchor model.
update 150/390 | step=307200 | SPS=1349
update 160/390 | step=327680 | SPS=1347
update 170/390 | step=348160 | SPS=1348
update 180/390 | step=368640 | SPS=1347
update 190/390 | step=389120 | SPS=1348
[400016] Regime switch detected! 1 -> 0. Snapshotting anchor model.
update 200/390 | step=409600 | SPS=1346
update 210/390 | step=430080 | SPS=1343
update 220/390 | step=450560 | SPS=1343
update 230/390 | step=471040 | SPS=1343
update 240/390 | step=491520 | SPS=1338
[500016] Regime switch detected! 0 -> 1. Snapshotting anchor model.
update 250/390 | step=512000 | SPS=1335
update 260/390 | step=532480 | SPS=1333
update 270/390 | step=552960 | SPS=1333
update 280/390 | step=573440 | SPS=1335
update 290/390 | step=593920 | SPS=1334
[600016] Regime switch detected! 1 -> 0. Snapshotting anchor model.
update 300/390 | step=614400 | SPS=1333
update 310/390 | step=634880 | SPS=1334
update 320/390 | step=655360 | SPS=1333
update 330/390 | step=675840 | SPS=1331
update 340/390 | step=696320 | SPS=1331
[700016] Regime switch detected! 0 -> 1. Snapshotting anchor model.
update 350/390 | step=716800 | SPS=1329
update 360/390 | step=737280 | SPS=1328
update 370/390 | step=757760 | SPS=1326
update 380/390 | step=778240 | SPS=1327
update 390/390 | step=798720 | SPS=1328
Episode 37/60 | reward=4.3351 | avg10=5.1781 | avg_success_rate=0.8100 | steps=38 | time=604.4s
update 10/390 | step=20480 | SPS=1370
update 20/390 | step=40960 | SPS=1345
update 30/390 | step=61440 | SPS=1298
update 40/390 | step=81920 | SPS=1300
[100016] Regime switch detected! 0 -> 1. Snapshotting anchor model.
update 50/390 | step=102400 | SPS=1308
update 60/390 | step=122880 | SPS=1323
update 70/390 | step=143360 | SPS=1327
update 80/390 | step=163840 | SPS=1328
update 90/390 | step=184320 | SPS=1327
[200016] Regime switch detected! 1 -> 0. Snapshotting anchor model.
update 100/390 | step=204800 | SPS=1328
update 110/390 | step=225280 | SPS=1324
update 120/390 | step=245760 | SPS=1322
update 130/390 | step=266240 | SPS=1320
update 140/390 | step=286720 | SPS=1323
[300016] Regime switch detected! 0 -> 1. Snapshotting anchor model.
update 150/390 | step=307200 | SPS=1322
update 160/390 | step=327680 | SPS=1321
update 170/390 | step=348160 | SPS=1326
update 180/390 | step=368640 | SPS=1327
update 190/390 | step=389120 | SPS=1324
[400016] Regime switch detected! 1 -> 0. Snapshotting anchor model.
update 200/390 | step=409600 | SPS=1325
update 210/390 | step=430080 | SPS=1324
update 220/390 | step=450560 | SPS=1324
update 230/390 | step=471040 | SPS=1321
update 240/390 | step=491520 | SPS=1320
[500016] Regime switch detected! 0 -> 1. Snapshotting anchor model.
update 250/390 | step=512000 | SPS=1318
update 260/390 | step=532480 | SPS=1314
update 270/390 | step=552960 | SPS=1313
update 280/390 | step=573440 | SPS=1312
update 290/390 | step=593920 | SPS=1311
[600016] Regime switch detected! 1 -> 0. Snapshotting anchor model.
update 300/390 | step=614400 | SPS=1311
update 310/390 | step=634880 | SPS=1311
update 320/390 | step=655360 | SPS=1310
update 330/390 | step=675840 | SPS=1312
update 340/390 | step=696320 | SPS=1313
[700016] Regime switch detected! 0 -> 1. Snapshotting anchor model.
update 350/390 | step=716800 | SPS=1314
update 360/390 | step=737280 | SPS=1314
update 370/390 | step=757760 | SPS=1314
update 380/390 | step=778240 | SPS=1314
update 390/390 | step=798720 | SPS=1313
Episode 38/60 | reward=5.3536 | avg10=5.1853 | avg_success_rate=0.9100 | steps=38 | time=611.4s
update 10/390 | step=20480 | SPS=1308
update 20/390 | step=40960 | SPS=1294
update 30/390 | step=61440 | SPS=1279
update 40/390 | step=81920 | SPS=1275
[100016] Regime switch detected! 0 -> 1. Snapshotting anchor model.
update 50/390 | step=102400 | SPS=1286
update 60/390 | step=122880 | SPS=1282
update 70/390 | step=143360 | SPS=1284
update 80/390 | step=163840 | SPS=1280
update 90/390 | step=184320 | SPS=1277
[200016] Regime switch detected! 1 -> 0. Snapshotting anchor model.
update 100/390 | step=204800 | SPS=1283
update 110/390 | step=225280 | SPS=1278
update 120/390 | step=245760 | SPS=1279
update 130/390 | step=266240 | SPS=1281
update 140/390 | step=286720 | SPS=1280
[300016] Regime switch detected! 0 -> 1. Snapshotting anchor model.
update 150/390 | step=307200 | SPS=1283
update 160/390 | step=327680 | SPS=1282
update 170/390 | step=348160 | SPS=1282
update 180/390 | step=368640 | SPS=1284
update 190/390 | step=389120 | SPS=1283
[400016] Regime switch detected! 1 -> 0. Snapshotting anchor model.
update 200/390 | step=409600 | SPS=1287
update 210/390 | step=430080 | SPS=1288
update 220/390 | step=450560 | SPS=1288
update 230/390 | step=471040 | SPS=1289
update 240/390 | step=491520 | SPS=1288
[500016] Regime switch detected! 0 -> 1. Snapshotting anchor model.
update 250/390 | step=512000 | SPS=1287
update 260/390 | step=532480 | SPS=1285
update 270/390 | step=552960 | SPS=1287
update 280/390 | step=573440 | SPS=1286
update 290/390 | step=593920 | SPS=1284
[600016] Regime switch detected! 1 -> 0. Snapshotting anchor model.
update 300/390 | step=614400 | SPS=1285
update 310/390 | step=634880 | SPS=1284
update 320/390 | step=655360 | SPS=1285
update 330/390 | step=675840 | SPS=1286
update 340/390 | step=696320 | SPS=1287
[700016] Regime switch detected! 0 -> 1. Snapshotting anchor model.
update 350/390 | step=716800 | SPS=1287
update 360/390 | step=737280 | SPS=1287
update 370/390 | step=757760 | SPS=1288
update 380/390 | step=778240 | SPS=1287
update 390/390 | step=798720 | SPS=1287
Episode 39/60 | reward=4.8652 | avg10=5.0084 | avg_success_rate=0.9100 | steps=38 | time=623.7s
update 10/390 | step=20480 | SPS=1374
update 20/390 | step=40960 | SPS=1327
update 30/390 | step=61440 | SPS=1285
update 40/390 | step=81920 | SPS=1282
[100016] Regime switch detected! 0 -> 1. Snapshotting anchor model.
update 50/390 | step=102400 | SPS=1270
update 60/390 | step=122880 | SPS=1274
update 70/390 | step=143360 | SPS=1274
update 80/390 | step=163840 | SPS=1281
update 90/390 | step=184320 | SPS=1290
[200016] Regime switch detected! 1 -> 0. Snapshotting anchor model.
update 100/390 | step=204800 | SPS=1291
update 110/390 | step=225280 | SPS=1291
update 120/390 | step=245760 | SPS=1294
update 130/390 | step=266240 | SPS=1296
update 140/390 | step=286720 | SPS=1291
[300016] Regime switch detected! 0 -> 1. Snapshotting anchor model.
update 150/390 | step=307200 | SPS=1290
update 160/390 | step=327680 | SPS=1288
update 170/390 | step=348160 | SPS=1289
update 180/390 | step=368640 | SPS=1293
update 190/390 | step=389120 | SPS=1296
[400016] Regime switch detected! 1 -> 0. Snapshotting anchor model.
update 200/390 | step=409600 | SPS=1294
update 210/390 | step=430080 | SPS=1296
update 220/390 | step=450560 | SPS=1297
update 230/390 | step=471040 | SPS=1300
update 240/390 | step=491520 | SPS=1297
[500016] Regime switch detected! 0 -> 1. Snapshotting anchor model.
update 250/390 | step=512000 | SPS=1295
update 260/390 | step=532480 | SPS=1296
update 270/390 | step=552960 | SPS=1294
update 280/390 | step=573440 | SPS=1292
update 290/390 | step=593920 | SPS=1290
[600016] Regime switch detected! 1 -> 0. Snapshotting anchor model.
update 300/390 | step=614400 | SPS=1289
update 310/390 | step=634880 | SPS=1291
update 320/390 | step=655360 | SPS=1293
update 330/390 | step=675840 | SPS=1294
update 340/390 | step=696320 | SPS=1294
[700016] Regime switch detected! 0 -> 1. Snapshotting anchor model.
update 350/390 | step=716800 | SPS=1291
update 360/390 | step=737280 | SPS=1292
update 370/390 | step=757760 | SPS=1293
update 380/390 | step=778240 | SPS=1292
update 390/390 | step=798720 | SPS=1292
Episode 40/60 | reward=3.7902 | avg10=4.6124 | avg_success_rate=0.6300 | steps=38 | time=621.0s
  [brain ckpt] runs/calib8x8_brain_neuromod_long_seed3_20260702-044135/episode_40/brain_ep40.pt
update 10/390 | step=20480 | SPS=1418
update 20/390 | step=40960 | SPS=1344
update 30/390 | step=61440 | SPS=1307
update 40/390 | step=81920 | SPS=1326
[100016] Regime switch detected! 0 -> 1. Snapshotting anchor model.
update 50/390 | step=102400 | SPS=1333
update 60/390 | step=122880 | SPS=1325
update 70/390 | step=143360 | SPS=1310
update 80/390 | step=163840 | SPS=1306
update 90/390 | step=184320 | SPS=1304
[200016] Regime switch detected! 1 -> 0. Snapshotting anchor model.
update 100/390 | step=204800 | SPS=1313
update 110/390 | step=225280 | SPS=1311
update 120/390 | step=245760 | SPS=1318
update 130/390 | step=266240 | SPS=1323
update 140/390 | step=286720 | SPS=1321
[300016] Regime switch detected! 0 -> 1. Snapshotting anchor model.
update 150/390 | step=307200 | SPS=1318
update 160/390 | step=327680 | SPS=1315
update 170/390 | step=348160 | SPS=1320
update 180/390 | step=368640 | SPS=1322
update 190/390 | step=389120 | SPS=1322
[400016] Regime switch detected! 1 -> 0. Snapshotting anchor model.
update 200/390 | step=409600 | SPS=1321
update 210/390 | step=430080 | SPS=1318
update 220/390 | step=450560 | SPS=1317
update 230/390 | step=471040 | SPS=1317
update 240/390 | step=491520 | SPS=1315
[500016] Regime switch detected! 0 -> 1. Snapshotting anchor model.
update 250/390 | step=512000 | SPS=1312
update 260/390 | step=532480 | SPS=1310
update 270/390 | step=552960 | SPS=1311
update 280/390 | step=573440 | SPS=1313
update 290/390 | step=593920 | SPS=1313
[600016] Regime switch detected! 1 -> 0. Snapshotting anchor model.
update 300/390 | step=614400 | SPS=1311
update 310/390 | step=634880 | SPS=1310
update 320/390 | step=655360 | SPS=1310
update 330/390 | step=675840 | SPS=1309
update 340/390 | step=696320 | SPS=1309
[700016] Regime switch detected! 0 -> 1. Snapshotting anchor model.
update 350/390 | step=716800 | SPS=1309
update 360/390 | step=737280 | SPS=1308
update 370/390 | step=757760 | SPS=1310
update 380/390 | step=778240 | SPS=1310
update 390/390 | step=798720 | SPS=1309
Episode 41/60 | reward=6.7531 | avg10=4.8469 | avg_success_rate=0.6700 | steps=38 | time=613.1s
update 10/390 | step=20480 | SPS=1324
update 20/390 | step=40960 | SPS=1285
update 30/390 | step=61440 | SPS=1277
update 40/390 | step=81920 | SPS=1274
[100016] Regime switch detected! 0 -> 1. Snapshotting anchor model.
update 50/390 | step=102400 | SPS=1293
update 60/390 | step=122880 | SPS=1299
update 70/390 | step=143360 | SPS=1306
update 80/390 | step=163840 | SPS=1303
update 90/390 | step=184320 | SPS=1303
[200016] Regime switch detected! 1 -> 0. Snapshotting anchor model.
update 100/390 | step=204800 | SPS=1308
update 110/390 | step=225280 | SPS=1311
update 120/390 | step=245760 | SPS=1310
update 130/390 | step=266240 | SPS=1314
update 140/390 | step=286720 | SPS=1311
[300016] Regime switch detected! 0 -> 1. Snapshotting anchor model.
update 150/390 | step=307200 | SPS=1316
update 160/390 | step=327680 | SPS=1319
update 170/390 | step=348160 | SPS=1321
update 180/390 | step=368640 | SPS=1318
update 190/390 | step=389120 | SPS=1316
[400016] Regime switch detected! 1 -> 0. Snapshotting anchor model.
update 200/390 | step=409600 | SPS=1314
update 210/390 | step=430080 | SPS=1313
update 220/390 | step=450560 | SPS=1314
update 230/390 | step=471040 | SPS=1312
update 240/390 | step=491520 | SPS=1310
[500016] Regime switch detected! 0 -> 1. Snapshotting anchor model.
update 250/390 | step=512000 | SPS=1308
update 260/390 | step=532480 | SPS=1307
update 270/390 | step=552960 | SPS=1304
update 280/390 | step=573440 | SPS=1302
update 290/390 | step=593920 | SPS=1303
[600016] Regime switch detected! 1 -> 0. Snapshotting anchor model.
update 300/390 | step=614400 | SPS=1302
update 310/390 | step=634880 | SPS=1301
update 320/390 | step=655360 | SPS=1300
update 330/390 | step=675840 | SPS=1299
update 340/390 | step=696320 | SPS=1298
[700016] Regime switch detected! 0 -> 1. Snapshotting anchor model.
update 350/390 | step=716800 | SPS=1297
update 360/390 | step=737280 | SPS=1298
update 370/390 | step=757760 | SPS=1297
update 380/390 | step=778240 | SPS=1297
update 390/390 | step=798720 | SPS=1299
Episode 42/60 | reward=4.0001 | avg10=4.5633 | avg_success_rate=0.9100 | steps=38 | time=617.7s
update 10/390 | step=20480 | SPS=1340
update 20/390 | step=40960 | SPS=1343
update 30/390 | step=61440 | SPS=1321
update 40/390 | step=81920 | SPS=1311
[100016] Regime switch detected! 0 -> 1. Snapshotting anchor model.
update 50/390 | step=102400 | SPS=1309
update 60/390 | step=122880 | SPS=1302
update 70/390 | step=143360 | SPS=1301
update 80/390 | step=163840 | SPS=1293
update 90/390 | step=184320 | SPS=1294
[200016] Regime switch detected! 1 -> 0. Snapshotting anchor model.
update 100/390 | step=204800 | SPS=1293
update 110/390 | step=225280 | SPS=1295
update 120/390 | step=245760 | SPS=1295
update 130/390 | step=266240 | SPS=1300
update 140/390 | step=286720 | SPS=1301
[300016] Regime switch detected! 0 -> 1. Snapshotting anchor model.
update 150/390 | step=307200 | SPS=1306
update 160/390 | step=327680 | SPS=1308
update 170/390 | step=348160 | SPS=1311
update 180/390 | step=368640 | SPS=1311
update 190/390 | step=389120 | SPS=1313
[400016] Regime switch detected! 1 -> 0. Snapshotting anchor model.
update 200/390 | step=409600 | SPS=1314
update 210/390 | step=430080 | SPS=1313
update 220/390 | step=450560 | SPS=1312
update 230/390 | step=471040 | SPS=1310
update 240/390 | step=491520 | SPS=1312
[500016] Regime switch detected! 0 -> 1. Snapshotting anchor model.
update 250/390 | step=512000 | SPS=1312
update 260/390 | step=532480 | SPS=1310
update 270/390 | step=552960 | SPS=1311
update 280/390 | step=573440 | SPS=1308
update 290/390 | step=593920 | SPS=1309
[600016] Regime switch detected! 1 -> 0. Snapshotting anchor model.
update 300/390 | step=614400 | SPS=1309
update 310/390 | step=634880 | SPS=1310
update 320/390 | step=655360 | SPS=1309
update 330/390 | step=675840 | SPS=1308
update 340/390 | step=696320 | SPS=1308
[700016] Regime switch detected! 0 -> 1. Snapshotting anchor model.
update 350/390 | step=716800 | SPS=1307
update 360/390 | step=737280 | SPS=1307
update 370/390 | step=757760 | SPS=1309
update 380/390 | step=778240 | SPS=1311
update 390/390 | step=798720 | SPS=1310
Episode 43/60 | reward=3.0225 | avg10=4.1980 | avg_success_rate=0.9200 | steps=38 | time=612.7s
update 10/390 | step=20480 | SPS=1345
update 20/390 | step=40960 | SPS=1333
update 30/390 | step=61440 | SPS=1326
update 40/390 | step=81920 | SPS=1341
[100016] Regime switch detected! 0 -> 1. Snapshotting anchor model.
update 50/390 | step=102400 | SPS=1343
update 60/390 | step=122880 | SPS=1331
update 70/390 | step=143360 | SPS=1334
update 80/390 | step=163840 | SPS=1329
update 90/390 | step=184320 | SPS=1335
[200016] Regime switch detected! 1 -> 0. Snapshotting anchor model.
update 100/390 | step=204800 | SPS=1335
update 110/390 | step=225280 | SPS=1337
update 120/390 | step=245760 | SPS=1332
update 130/390 | step=266240 | SPS=1333
update 140/390 | step=286720 | SPS=1333
[300016] Regime switch detected! 0 -> 1. Snapshotting anchor model.
update 150/390 | step=307200 | SPS=1331
update 160/390 | step=327680 | SPS=1330
update 170/390 | step=348160 | SPS=1329
update 180/390 | step=368640 | SPS=1325
update 190/390 | step=389120 | SPS=1325
[400016] Regime switch detected! 1 -> 0. Snapshotting anchor model.
update 200/390 | step=409600 | SPS=1327
update 210/390 | step=430080 | SPS=1327
update 220/390 | step=450560 | SPS=1327
update 230/390 | step=471040 | SPS=1326
update 240/390 | step=491520 | SPS=1324
[500016] Regime switch detected! 0 -> 1. Snapshotting anchor model.
update 250/390 | step=512000 | SPS=1322
update 260/390 | step=532480 | SPS=1322
update 270/390 | step=552960 | SPS=1325
update 280/390 | step=573440 | SPS=1324
update 290/390 | step=593920 | SPS=1325
[600016] Regime switch detected! 1 -> 0. Snapshotting anchor model.
update 300/390 | step=614400 | SPS=1326
update 310/390 | step=634880 | SPS=1324
update 320/390 | step=655360 | SPS=1323
update 330/390 | step=675840 | SPS=1323
update 340/390 | step=696320 | SPS=1321
[700016] Regime switch detected! 0 -> 1. Snapshotting anchor model.
update 350/390 | step=716800 | SPS=1320
update 360/390 | step=737280 | SPS=1319
update 370/390 | step=757760 | SPS=1320
update 380/390 | step=778240 | SPS=1318
update 390/390 | step=798720 | SPS=1318
Episode 44/60 | reward=5.0093 | avg10=4.2864 | avg_success_rate=0.8900 | steps=38 | time=608.7s
update 10/390 | step=20480 | SPS=1309
update 20/390 | step=40960 | SPS=1301
update 30/390 | step=61440 | SPS=1294
update 40/390 | step=81920 | SPS=1309
[100016] Regime switch detected! 0 -> 1. Snapshotting anchor model.
update 50/390 | step=102400 | SPS=1310
update 60/390 | step=122880 | SPS=1307
update 70/390 | step=143360 | SPS=1313
update 80/390 | step=163840 | SPS=1318
update 90/390 | step=184320 | SPS=1324
[200016] Regime switch detected! 1 -> 0. Snapshotting anchor model.
update 100/390 | step=204800 | SPS=1327
update 110/390 | step=225280 | SPS=1329
update 120/390 | step=245760 | SPS=1328
update 130/390 | step=266240 | SPS=1332
update 140/390 | step=286720 | SPS=1328
[300016] Regime switch detected! 0 -> 1. Snapshotting anchor model.
update 150/390 | step=307200 | SPS=1329
update 160/390 | step=327680 | SPS=1331
update 170/390 | step=348160 | SPS=1334
update 180/390 | step=368640 | SPS=1334
update 190/390 | step=389120 | SPS=1333
[400016] Regime switch detected! 1 -> 0. Snapshotting anchor model.
update 200/390 | step=409600 | SPS=1335
update 210/390 | step=430080 | SPS=1336
update 220/390 | step=450560 | SPS=1337
update 230/390 | step=471040 | SPS=1332
update 240/390 | step=491520 | SPS=1331
[500016] Regime switch detected! 0 -> 1. Snapshotting anchor model.
update 250/390 | step=512000 | SPS=1332
update 260/390 | step=532480 | SPS=1331
update 270/390 | step=552960 | SPS=1329
update 280/390 | step=573440 | SPS=1329
update 290/390 | step=593920 | SPS=1328
[600016] Regime switch detected! 1 -> 0. Snapshotting anchor model.
update 300/390 | step=614400 | SPS=1325
update 310/390 | step=634880 | SPS=1324
update 320/390 | step=655360 | SPS=1322
update 330/390 | step=675840 | SPS=1323
update 340/390 | step=696320 | SPS=1325
[700016] Regime switch detected! 0 -> 1. Snapshotting anchor model.
update 350/390 | step=716800 | SPS=1326
update 360/390 | step=737280 | SPS=1325
update 370/390 | step=757760 | SPS=1322
update 380/390 | step=778240 | SPS=1320
update 390/390 | step=798720 | SPS=1319
Episode 45/60 | reward=2.2933 | avg10=4.1066 | avg_success_rate=0.8600 | steps=38 | time=608.6s
  [brain ckpt] runs/calib8x8_brain_neuromod_long_seed3_20260702-044135/episode_45/brain_ep45.pt
update 10/390 | step=20480 | SPS=1314
update 20/390 | step=40960 | SPS=1346
update 30/390 | step=61440 | SPS=1332
update 40/390 | step=81920 | SPS=1340
[100016] Regime switch detected! 0 -> 1. Snapshotting anchor model.
update 50/390 | step=102400 | SPS=1328
update 60/390 | step=122880 | SPS=1320
update 70/390 | step=143360 | SPS=1310
update 80/390 | step=163840 | SPS=1301
update 90/390 | step=184320 | SPS=1295
[200016] Regime switch detected! 1 -> 0. Snapshotting anchor model.
update 100/390 | step=204800 | SPS=1293
update 110/390 | step=225280 | SPS=1296
update 120/390 | step=245760 | SPS=1302
update 130/390 | step=266240 | SPS=1302
update 140/390 | step=286720 | SPS=1298
[300016] Regime switch detected! 0 -> 1. Snapshotting anchor model.
update 150/390 | step=307200 | SPS=1299
update 160/390 | step=327680 | SPS=1305
update 170/390 | step=348160 | SPS=1305
update 180/390 | step=368640 | SPS=1304
update 190/390 | step=389120 | SPS=1309
[400016] Regime switch detected! 1 -> 0. Snapshotting anchor model.
update 200/390 | step=409600 | SPS=1311
update 210/390 | step=430080 | SPS=1313
update 220/390 | step=450560 | SPS=1316
update 230/390 | step=471040 | SPS=1314
update 240/390 | step=491520 | SPS=1313
[500016] Regime switch detected! 0 -> 1. Snapshotting anchor model.
update 250/390 | step=512000 | SPS=1312
update 260/390 | step=532480 | SPS=1311
update 270/390 | step=552960 | SPS=1312
update 280/390 | step=573440 | SPS=1312
update 290/390 | step=593920 | SPS=1310
[600016] Regime switch detected! 1 -> 0. Snapshotting anchor model.
update 300/390 | step=614400 | SPS=1310
update 310/390 | step=634880 | SPS=1308
update 320/390 | step=655360 | SPS=1307
update 330/390 | step=675840 | SPS=1306
update 340/390 | step=696320 | SPS=1309
[700016] Regime switch detected! 0 -> 1. Snapshotting anchor model.
update 350/390 | step=716800 | SPS=1311
update 360/390 | step=737280 | SPS=1311
update 370/390 | step=757760 | SPS=1313
update 380/390 | step=778240 | SPS=1314
update 390/390 | step=798720 | SPS=1314
Episode 46/60 | reward=5.2143 | avg10=4.4637 | avg_success_rate=1.0000 | steps=38 | time=610.7s
update 10/390 | step=20480 | SPS=1300
update 20/390 | step=40960 | SPS=1310
update 30/390 | step=61440 | SPS=1308
update 40/390 | step=81920 | SPS=1319
[100016] Regime switch detected! 0 -> 1. Snapshotting anchor model.
update 50/390 | step=102400 | SPS=1334
update 60/390 | step=122880 | SPS=1319
update 70/390 | step=143360 | SPS=1310
update 80/390 | step=163840 | SPS=1304
update 90/390 | step=184320 | SPS=1306
[200016] Regime switch detected! 1 -> 0. Snapshotting anchor model.
update 100/390 | step=204800 | SPS=1305
update 110/390 | step=225280 | SPS=1306
update 120/390 | step=245760 | SPS=1302
update 130/390 | step=266240 | SPS=1299
update 140/390 | step=286720 | SPS=1297
[300016] Regime switch detected! 0 -> 1. Snapshotting anchor model.
update 150/390 | step=307200 | SPS=1297
update 160/390 | step=327680 | SPS=1302
update 170/390 | step=348160 | SPS=1304
update 180/390 | step=368640 | SPS=1300
update 190/390 | step=389120 | SPS=1299
[400016] Regime switch detected! 1 -> 0. Snapshotting anchor model.
update 200/390 | step=409600 | SPS=1295
update 210/390 | step=430080 | SPS=1295
update 220/390 | step=450560 | SPS=1297
update 230/390 | step=471040 | SPS=1300
update 240/390 | step=491520 | SPS=1303
[500016] Regime switch detected! 0 -> 1. Snapshotting anchor model.
update 250/390 | step=512000 | SPS=1303
update 260/390 | step=532480 | SPS=1301
update 270/390 | step=552960 | SPS=1298
update 280/390 | step=573440 | SPS=1296
update 290/390 | step=593920 | SPS=1296
[600016] Regime switch detected! 1 -> 0. Snapshotting anchor model.
update 300/390 | step=614400 | SPS=1299
update 310/390 | step=634880 | SPS=1302
update 320/390 | step=655360 | SPS=1305
update 330/390 | step=675840 | SPS=1304
update 340/390 | step=696320 | SPS=1303
[700016] Regime switch detected! 0 -> 1. Snapshotting anchor model.
update 350/390 | step=716800 | SPS=1304
update 360/390 | step=737280 | SPS=1305
update 370/390 | step=757760 | SPS=1306
update 380/390 | step=778240 | SPS=1305
update 390/390 | step=798720 | SPS=1303
Episode 47/60 | reward=3.8191 | avg10=4.4121 | avg_success_rate=0.9400 | steps=38 | time=615.8s
update 10/390 | step=20480 | SPS=1328
update 20/390 | step=40960 | SPS=1294
update 30/390 | step=61440 | SPS=1294
update 40/390 | step=81920 | SPS=1316
[100016] Regime switch detected! 0 -> 1. Snapshotting anchor model.
update 50/390 | step=102400 | SPS=1308
update 60/390 | step=122880 | SPS=1315
update 70/390 | step=143360 | SPS=1318
update 80/390 | step=163840 | SPS=1314
update 90/390 | step=184320 | SPS=1318
[200016] Regime switch detected! 1 -> 0. Snapshotting anchor model.
update 100/390 | step=204800 | SPS=1326
update 110/390 | step=225280 | SPS=1325
update 120/390 | step=245760 | SPS=1331
update 130/390 | step=266240 | SPS=1334
update 140/390 | step=286720 | SPS=1336
[300016] Regime switch detected! 0 -> 1. Snapshotting anchor model.
update 150/390 | step=307200 | SPS=1336
update 160/390 | step=327680 | SPS=1332
update 170/390 | step=348160 | SPS=1328
update 180/390 | step=368640 | SPS=1323
update 190/390 | step=389120 | SPS=1320
[400016] Regime switch detected! 1 -> 0. Snapshotting anchor model.
update 200/390 | step=409600 | SPS=1321
update 210/390 | step=430080 | SPS=1323
update 220/390 | step=450560 | SPS=1319
update 230/390 | step=471040 | SPS=1317
update 240/390 | step=491520 | SPS=1317
[500016] Regime switch detected! 0 -> 1. Snapshotting anchor model.
update 250/390 | step=512000 | SPS=1319
update 260/390 | step=532480 | SPS=1319
update 270/390 | step=552960 | SPS=1318
update 280/390 | step=573440 | SPS=1318
update 290/390 | step=593920 | SPS=1319
[600016] Regime switch detected! 1 -> 0. Snapshotting anchor model.
update 300/390 | step=614400 | SPS=1317
update 310/390 | step=634880 | SPS=1319
update 320/390 | step=655360 | SPS=1317
update 330/390 | step=675840 | SPS=1316
update 340/390 | step=696320 | SPS=1316
[700016] Regime switch detected! 0 -> 1. Snapshotting anchor model.
update 350/390 | step=716800 | SPS=1315
update 360/390 | step=737280 | SPS=1316
update 370/390 | step=757760 | SPS=1314
update 380/390 | step=778240 | SPS=1313
update 390/390 | step=798720 | SPS=1315
Episode 48/60 | reward=5.1032 | avg10=4.3870 | avg_success_rate=0.8900 | steps=38 | time=610.3s
update 10/390 | step=20480 | SPS=1300
update 20/390 | step=40960 | SPS=1297
update 30/390 | step=61440 | SPS=1294
update 40/390 | step=81920 | SPS=1312
[100016] Regime switch detected! 0 -> 1. Snapshotting anchor model.
update 50/390 | step=102400 | SPS=1305
update 60/390 | step=122880 | SPS=1309
update 70/390 | step=143360 | SPS=1300
update 80/390 | step=163840 | SPS=1302
update 90/390 | step=184320 | SPS=1302
[200016] Regime switch detected! 1 -> 0. Snapshotting anchor model.
update 100/390 | step=204800 | SPS=1312
update 110/390 | step=225280 | SPS=1316
update 120/390 | step=245760 | SPS=1316
update 130/390 | step=266240 | SPS=1314
update 140/390 | step=286720 | SPS=1312
[300016] Regime switch detected! 0 -> 1. Snapshotting anchor model.
update 150/390 | step=307200 | SPS=1310
update 160/390 | step=327680 | SPS=1308
update 170/390 | step=348160 | SPS=1307
update 180/390 | step=368640 | SPS=1308
update 190/390 | step=389120 | SPS=1312
[400016] Regime switch detected! 1 -> 0. Snapshotting anchor model.
update 200/390 | step=409600 | SPS=1315
update 210/390 | step=430080 | SPS=1319
update 220/390 | step=450560 | SPS=1321
update 230/390 | step=471040 | SPS=1321
update 240/390 | step=491520 | SPS=1319
[500016] Regime switch detected! 0 -> 1. Snapshotting anchor model.
update 250/390 | step=512000 | SPS=1320
update 260/390 | step=532480 | SPS=1322
update 270/390 | step=552960 | SPS=1324
update 280/390 | step=573440 | SPS=1326
update 290/390 | step=593920 | SPS=1329
[600016] Regime switch detected! 1 -> 0. Snapshotting anchor model.
update 300/390 | step=614400 | SPS=1329
update 310/390 | step=634880 | SPS=1330
update 320/390 | step=655360 | SPS=1331
update 330/390 | step=675840 | SPS=1329
update 340/390 | step=696320 | SPS=1327
[700016] Regime switch detected! 0 -> 1. Snapshotting anchor model.
update 350/390 | step=716800 | SPS=1327
update 360/390 | step=737280 | SPS=1326
update 370/390 | step=757760 | SPS=1325
update 380/390 | step=778240 | SPS=1324
update 390/390 | step=798720 | SPS=1325
Episode 49/60 | reward=3.2955 | avg10=4.2301 | avg_success_rate=0.8500 | steps=38 | time=605.4s
update 10/390 | step=20480 | SPS=1321
update 20/390 | step=40960 | SPS=1289
update 30/390 | step=61440 | SPS=1317
update 40/390 | step=81920 | SPS=1334
[100016] Regime switch detected! 0 -> 1. Snapshotting anchor model.
update 50/390 | step=102400 | SPS=1319
update 60/390 | step=122880 | SPS=1309
update 70/390 | step=143360 | SPS=1296
update 80/390 | step=163840 | SPS=1289
update 90/390 | step=184320 | SPS=1289
[200016] Regime switch detected! 1 -> 0. Snapshotting anchor model.
update 100/390 | step=204800 | SPS=1295
update 110/390 | step=225280 | SPS=1297
update 120/390 | step=245760 | SPS=1295
update 130/390 | step=266240 | SPS=1298
update 140/390 | step=286720 | SPS=1294
[300016] Regime switch detected! 0 -> 1. Snapshotting anchor model.
update 150/390 | step=307200 | SPS=1289
update 160/390 | step=327680 | SPS=1289
update 170/390 | step=348160 | SPS=1291
update 180/390 | step=368640 | SPS=1294
update 190/390 | step=389120 | SPS=1296
[400016] Regime switch detected! 1 -> 0. Snapshotting anchor model.
update 200/390 | step=409600 | SPS=1294
update 210/390 | step=430080 | SPS=1292
update 220/390 | step=450560 | SPS=1295
update 230/390 | step=471040 | SPS=1293
update 240/390 | step=491520 | SPS=1292
[500016] Regime switch detected! 0 -> 1. Snapshotting anchor model.
update 250/390 | step=512000 | SPS=1290
update 260/390 | step=532480 | SPS=1292
update 270/390 | step=552960 | SPS=1291
update 280/390 | step=573440 | SPS=1291
update 290/390 | step=593920 | SPS=1294
[600016] Regime switch detected! 1 -> 0. Snapshotting anchor model.
update 300/390 | step=614400 | SPS=1294
update 310/390 | step=634880 | SPS=1292
update 320/390 | step=655360 | SPS=1290
update 330/390 | step=675840 | SPS=1290
update 340/390 | step=696320 | SPS=1290
[700016] Regime switch detected! 0 -> 1. Snapshotting anchor model.
update 350/390 | step=716800 | SPS=1288
update 360/390 | step=737280 | SPS=1288
update 370/390 | step=757760 | SPS=1290
update 380/390 | step=778240 | SPS=1290
update 390/390 | step=798720 | SPS=1291
Episode 50/60 | reward=6.5751 | avg10=4.5085 | avg_success_rate=0.7800 | steps=38 | time=621.8s
  [brain ckpt] runs/calib8x8_brain_neuromod_long_seed3_20260702-044135/episode_50/brain_ep50.pt
update 10/390 | step=20480 | SPS=1338
update 20/390 | step=40960 | SPS=1324
update 30/390 | step=61440 | SPS=1332
update 40/390 | step=81920 | SPS=1322
[100016] Regime switch detected! 0 -> 1. Snapshotting anchor model.
update 50/390 | step=102400 | SPS=1326
update 60/390 | step=122880 | SPS=1315
update 70/390 | step=143360 | SPS=1307
update 80/390 | step=163840 | SPS=1304
update 90/390 | step=184320 | SPS=1304
[200016] Regime switch detected! 1 -> 0. Snapshotting anchor model.
update 100/390 | step=204800 | SPS=1299
update 110/390 | step=225280 | SPS=1303
update 120/390 | step=245760 | SPS=1308
update 130/390 | step=266240 | SPS=1301
update 140/390 | step=286720 | SPS=1303
[300016] Regime switch detected! 0 -> 1. Snapshotting anchor model.
update 150/390 | step=307200 | SPS=1304
update 160/390 | step=327680 | SPS=1307
update 170/390 | step=348160 | SPS=1307
update 180/390 | step=368640 | SPS=1304
update 190/390 | step=389120 | SPS=1303
[400016] Regime switch detected! 1 -> 0. Snapshotting anchor model.
update 200/390 | step=409600 | SPS=1301
update 210/390 | step=430080 | SPS=1301
update 220/390 | step=450560 | SPS=1301
update 230/390 | step=471040 | SPS=1300
update 240/390 | step=491520 | SPS=1301
[500016] Regime switch detected! 0 -> 1. Snapshotting anchor model.
update 250/390 | step=512000 | SPS=1303
update 260/390 | step=532480 | SPS=1303
update 270/390 | step=552960 | SPS=1301
update 280/390 | step=573440 | SPS=1298
update 290/390 | step=593920 | SPS=1302
[600016] Regime switch detected! 1 -> 0. Snapshotting anchor model.
update 300/390 | step=614400 | SPS=1302
update 310/390 | step=634880 | SPS=1305
update 320/390 | step=655360 | SPS=1308
update 330/390 | step=675840 | SPS=1309
update 340/390 | step=696320 | SPS=1309
[700016] Regime switch detected! 0 -> 1. Snapshotting anchor model.
update 350/390 | step=716800 | SPS=1310
update 360/390 | step=737280 | SPS=1312
update 370/390 | step=757760 | SPS=1313
update 380/390 | step=778240 | SPS=1314
update 390/390 | step=798720 | SPS=1313
Episode 51/60 | reward=6.8408 | avg10=4.5173 | avg_success_rate=0.9800 | steps=38 | time=611.4s
update 10/390 | step=20480 | SPS=1306
update 20/390 | step=40960 | SPS=1277
update 30/390 | step=61440 | SPS=1305
update 40/390 | step=81920 | SPS=1315
[100016] Regime switch detected! 0 -> 1. Snapshotting anchor model.
update 50/390 | step=102400 | SPS=1313
update 60/390 | step=122880 | SPS=1311
update 70/390 | step=143360 | SPS=1317
update 80/390 | step=163840 | SPS=1323
update 90/390 | step=184320 | SPS=1318
[200016] Regime switch detected! 1 -> 0. Snapshotting anchor model.
update 100/390 | step=204800 | SPS=1319
update 110/390 | step=225280 | SPS=1321
update 120/390 | step=245760 | SPS=1315
update 130/390 | step=266240 | SPS=1307
update 140/390 | step=286720 | SPS=1303
[300016] Regime switch detected! 0 -> 1. Snapshotting anchor model.
update 150/390 | step=307200 | SPS=1300
update 160/390 | step=327680 | SPS=1301
update 170/390 | step=348160 | SPS=1303
update 180/390 | step=368640 | SPS=1298
update 190/390 | step=389120 | SPS=1300
[400016] Regime switch detected! 1 -> 0. Snapshotting anchor model.
update 200/390 | step=409600 | SPS=1300
update 210/390 | step=430080 | SPS=1298
update 220/390 | step=450560 | SPS=1300
update 230/390 | step=471040 | SPS=1300
update 240/390 | step=491520 | SPS=1302
[500016] Regime switch detected! 0 -> 1. Snapshotting anchor model.
update 250/390 | step=512000 | SPS=1301
update 260/390 | step=532480 | SPS=1302
update 270/390 | step=552960 | SPS=1304
update 280/390 | step=573440 | SPS=1305
update 290/390 | step=593920 | SPS=1308
[600016] Regime switch detected! 1 -> 0. Snapshotting anchor model.
update 300/390 | step=614400 | SPS=1310
update 310/390 | step=634880 | SPS=1313
update 320/390 | step=655360 | SPS=1311
update 330/390 | step=675840 | SPS=1309
update 340/390 | step=696320 | SPS=1311
[700016] Regime switch detected! 0 -> 1. Snapshotting anchor model.
update 350/390 | step=716800 | SPS=1309
update 360/390 | step=737280 | SPS=1307
update 370/390 | step=757760 | SPS=1306
update 380/390 | step=778240 | SPS=1306
update 390/390 | step=798720 | SPS=1307
Episode 52/60 | reward=7.7028 | avg10=4.8876 | avg_success_rate=0.9000 | steps=38 | time=613.8s
update 10/390 | step=20480 | SPS=1446
update 20/390 | step=40960 | SPS=1377
update 30/390 | step=61440 | SPS=1333
update 40/390 | step=81920 | SPS=1334
[100016] Regime switch detected! 0 -> 1. Snapshotting anchor model.
update 50/390 | step=102400 | SPS=1315
update 60/390 | step=122880 | SPS=1313
update 70/390 | step=143360 | SPS=1316
update 80/390 | step=163840 | SPS=1314
update 90/390 | step=184320 | SPS=1321
[200016] Regime switch detected! 1 -> 0. Snapshotting anchor model.
update 100/390 | step=204800 | SPS=1323
update 110/390 | step=225280 | SPS=1317
update 120/390 | step=245760 | SPS=1315
update 130/390 | step=266240 | SPS=1316
update 140/390 | step=286720 | SPS=1318
[300016] Regime switch detected! 0 -> 1. Snapshotting anchor model.
update 150/390 | step=307200 | SPS=1318
update 160/390 | step=327680 | SPS=1319
update 170/390 | step=348160 | SPS=1317
update 180/390 | step=368640 | SPS=1316
update 190/390 | step=389120 | SPS=1316
[400016] Regime switch detected! 1 -> 0. Snapshotting anchor model.
update 200/390 | step=409600 | SPS=1316
update 210/390 | step=430080 | SPS=1313
update 220/390 | step=450560 | SPS=1309
update 230/390 | step=471040 | SPS=1309
update 240/390 | step=491520 | SPS=1312
[500016] Regime switch detected! 0 -> 1. Snapshotting anchor model.
update 250/390 | step=512000 | SPS=1316
update 260/390 | step=532480 | SPS=1318
update 270/390 | step=552960 | SPS=1318
update 280/390 | step=573440 | SPS=1320
update 290/390 | step=593920 | SPS=1321
[600016] Regime switch detected! 1 -> 0. Snapshotting anchor model.
update 300/390 | step=614400 | SPS=1322
update 310/390 | step=634880 | SPS=1321
update 320/390 | step=655360 | SPS=1319
update 330/390 | step=675840 | SPS=1318
update 340/390 | step=696320 | SPS=1317
[700016] Regime switch detected! 0 -> 1. Snapshotting anchor model.
update 350/390 | step=716800 | SPS=1317
update 360/390 | step=737280 | SPS=1316
update 370/390 | step=757760 | SPS=1315
update 380/390 | step=778240 | SPS=1315
update 390/390 | step=798720 | SPS=1316
Episode 53/60 | reward=1.7643 | avg10=4.7618 | avg_success_rate=0.9400 | steps=38 | time=609.7s
update 10/390 | step=20480 | SPS=1436
update 20/390 | step=40960 | SPS=1415
update 30/390 | step=61440 | SPS=1419
update 40/390 | step=81920 | SPS=1421
[100016] Regime switch detected! 0 -> 1. Snapshotting anchor model.
update 50/390 | step=102400 | SPS=1406
update 60/390 | step=122880 | SPS=1387
update 70/390 | step=143360 | SPS=1387
update 80/390 | step=163840 | SPS=1377
update 90/390 | step=184320 | SPS=1377
[200016] Regime switch detected! 1 -> 0. Snapshotting anchor model.
update 100/390 | step=204800 | SPS=1364
update 110/390 | step=225280 | SPS=1358
update 120/390 | step=245760 | SPS=1358
update 130/390 | step=266240 | SPS=1358
update 140/390 | step=286720 | SPS=1355
[300016] Regime switch detected! 0 -> 1. Snapshotting anchor model.
update 150/390 | step=307200 | SPS=1354
update 160/390 | step=327680 | SPS=1347
update 170/390 | step=348160 | SPS=1342
update 180/390 | step=368640 | SPS=1338
update 190/390 | step=389120 | SPS=1335
[400016] Regime switch detected! 1 -> 0. Snapshotting anchor model.
update 200/390 | step=409600 | SPS=1338
update 210/390 | step=430080 | SPS=1340
update 220/390 | step=450560 | SPS=1339
update 230/390 | step=471040 | SPS=1339
update 240/390 | step=491520 | SPS=1339
[500016] Regime switch detected! 0 -> 1. Snapshotting anchor model.
update 250/390 | step=512000 | SPS=1341
update 260/390 | step=532480 | SPS=1341
update 270/390 | step=552960 | SPS=1341
update 280/390 | step=573440 | SPS=1341
update 290/390 | step=593920 | SPS=1341
[600016] Regime switch detected! 1 -> 0. Snapshotting anchor model.
update 300/390 | step=614400 | SPS=1343
update 310/390 | step=634880 | SPS=1340
update 320/390 | step=655360 | SPS=1338
update 330/390 | step=675840 | SPS=1336
update 340/390 | step=696320 | SPS=1333
[700016] Regime switch detected! 0 -> 1. Snapshotting anchor model.
update 350/390 | step=716800 | SPS=1330
update 360/390 | step=737280 | SPS=1330
update 370/390 | step=757760 | SPS=1329
update 380/390 | step=778240 | SPS=1327
update 390/390 | step=798720 | SPS=1327
Episode 54/60 | reward=4.0176 | avg10=4.6626 | avg_success_rate=0.9100 | steps=38 | time=604.7s
update 10/390 | step=20480 | SPS=1410
update 20/390 | step=40960 | SPS=1339
update 30/390 | step=61440 | SPS=1319
update 40/390 | step=81920 | SPS=1321
[100016] Regime switch detected! 0 -> 1. Snapshotting anchor model.
update 50/390 | step=102400 | SPS=1324
update 60/390 | step=122880 | SPS=1334
update 70/390 | step=143360 | SPS=1325
update 80/390 | step=163840 | SPS=1316
update 90/390 | step=184320 | SPS=1310
[200016] Regime switch detected! 1 -> 0. Snapshotting anchor model.
update 100/390 | step=204800 | SPS=1304
update 110/390 | step=225280 | SPS=1298
update 120/390 | step=245760 | SPS=1292
update 130/390 | step=266240 | SPS=1286
update 140/390 | step=286720 | SPS=1285
[300016] Regime switch detected! 0 -> 1. Snapshotting anchor model.
update 150/390 | step=307200 | SPS=1285
update 160/390 | step=327680 | SPS=1289
update 170/390 | step=348160 | SPS=1287
update 180/390 | step=368640 | SPS=1284
update 190/390 | step=389120 | SPS=1286
[400016] Regime switch detected! 1 -> 0. Snapshotting anchor model.
update 200/390 | step=409600 | SPS=1285
update 210/390 | step=430080 | SPS=1286
update 220/390 | step=450560 | SPS=1289
update 230/390 | step=471040 | SPS=1293
update 240/390 | step=491520 | SPS=1293
[500016] Regime switch detected! 0 -> 1. Snapshotting anchor model.
update 250/390 | step=512000 | SPS=1293
update 260/390 | step=532480 | SPS=1294
update 270/390 | step=552960 | SPS=1296
update 280/390 | step=573440 | SPS=1294
update 290/390 | step=593920 | SPS=1295
[600016] Regime switch detected! 1 -> 0. Snapshotting anchor model.
update 300/390 | step=614400 | SPS=1296
update 310/390 | step=634880 | SPS=1295
update 320/390 | step=655360 | SPS=1295
update 330/390 | step=675840 | SPS=1296
update 340/390 | step=696320 | SPS=1296
[700016] Regime switch detected! 0 -> 1. Snapshotting anchor model.
update 350/390 | step=716800 | SPS=1296
update 360/390 | step=737280 | SPS=1296
update 370/390 | step=757760 | SPS=1297
update 380/390 | step=778240 | SPS=1299
update 390/390 | step=798720 | SPS=1299
Episode 55/60 | reward=5.5647 | avg10=4.9897 | avg_success_rate=0.9700 | steps=38 | time=617.7s
  [brain ckpt] runs/calib8x8_brain_neuromod_long_seed3_20260702-044135/episode_55/brain_ep55.pt
update 10/390 | step=20480 | SPS=1422
update 20/390 | step=40960 | SPS=1367
update 30/390 | step=61440 | SPS=1363
update 40/390 | step=81920 | SPS=1357
[100016] Regime switch detected! 0 -> 1. Snapshotting anchor model.
update 50/390 | step=102400 | SPS=1340
update 60/390 | step=122880 | SPS=1330
update 70/390 | step=143360 | SPS=1332
update 80/390 | step=163840 | SPS=1337
update 90/390 | step=184320 | SPS=1333
[200016] Regime switch detected! 1 -> 0. Snapshotting anchor model.
update 100/390 | step=204800 | SPS=1332
update 110/390 | step=225280 | SPS=1323
update 120/390 | step=245760 | SPS=1327
update 130/390 | step=266240 | SPS=1329
update 140/390 | step=286720 | SPS=1332
[300016] Regime switch detected! 0 -> 1. Snapshotting anchor model.
update 150/390 | step=307200 | SPS=1333
update 160/390 | step=327680 | SPS=1336
update 170/390 | step=348160 | SPS=1336
update 180/390 | step=368640 | SPS=1338
update 190/390 | step=389120 | SPS=1337
[400016] Regime switch detected! 1 -> 0. Snapshotting anchor model.
update 200/390 | step=409600 | SPS=1338
update 210/390 | step=430080 | SPS=1338
update 220/390 | step=450560 | SPS=1340
update 230/390 | step=471040 | SPS=1342
update 240/390 | step=491520 | SPS=1340
[500016] Regime switch detected! 0 -> 1. Snapshotting anchor model.
update 250/390 | step=512000 | SPS=1339
update 260/390 | step=532480 | SPS=1338
update 270/390 | step=552960 | SPS=1334
update 280/390 | step=573440 | SPS=1333
update 290/390 | step=593920 | SPS=1330
[600016] Regime switch detected! 1 -> 0. Snapshotting anchor model.
update 300/390 | step=614400 | SPS=1327
update 310/390 | step=634880 | SPS=1323
update 320/390 | step=655360 | SPS=1323
update 330/390 | step=675840 | SPS=1323
update 340/390 | step=696320 | SPS=1321
[700016] Regime switch detected! 0 -> 1. Snapshotting anchor model.
update 350/390 | step=716800 | SPS=1318
update 360/390 | step=737280 | SPS=1318
update 370/390 | step=757760 | SPS=1319
update 380/390 | step=778240 | SPS=1318
update 390/390 | step=798720 | SPS=1317
Episode 56/60 | reward=4.5991 | avg10=4.9282 | avg_success_rate=0.9000 | steps=38 | time=609.3s
update 10/390 | step=20480 | SPS=1283
update 20/390 | step=40960 | SPS=1294
update 30/390 | step=61440 | SPS=1307
update 40/390 | step=81920 | SPS=1325
[100016] Regime switch detected! 0 -> 1. Snapshotting anchor model.
update 50/390 | step=102400 | SPS=1311
update 60/390 | step=122880 | SPS=1313
update 70/390 | step=143360 | SPS=1311
update 80/390 | step=163840 | SPS=1302
update 90/390 | step=184320 | SPS=1296
[200016] Regime switch detected! 1 -> 0. Snapshotting anchor model.
update 100/390 | step=204800 | SPS=1293
update 110/390 | step=225280 | SPS=1293
update 120/390 | step=245760 | SPS=1288
update 130/390 | step=266240 | SPS=1285
update 140/390 | step=286720 | SPS=1286
[300016] Regime switch detected! 0 -> 1. Snapshotting anchor model.
update 150/390 | step=307200 | SPS=1291
update 160/390 | step=327680 | SPS=1289
update 170/390 | step=348160 | SPS=1292
update 180/390 | step=368640 | SPS=1296
update 190/390 | step=389120 | SPS=1297
[400016] Regime switch detected! 1 -> 0. Snapshotting anchor model.
update 200/390 | step=409600 | SPS=1298
update 210/390 | step=430080 | SPS=1296
update 220/390 | step=450560 | SPS=1297
update 230/390 | step=471040 | SPS=1301
update 240/390 | step=491520 | SPS=1301
[500016] Regime switch detected! 0 -> 1. Snapshotting anchor model.
update 250/390 | step=512000 | SPS=1302
update 260/390 | step=532480 | SPS=1301
update 270/390 | step=552960 | SPS=1304
update 280/390 | step=573440 | SPS=1306
update 290/390 | step=593920 | SPS=1307
[600016] Regime switch detected! 1 -> 0. Snapshotting anchor model.
update 300/390 | step=614400 | SPS=1307
update 310/390 | step=634880 | SPS=1309
update 320/390 | step=655360 | SPS=1308
update 330/390 | step=675840 | SPS=1308
update 340/390 | step=696320 | SPS=1307
[700016] Regime switch detected! 0 -> 1. Snapshotting anchor model.
update 350/390 | step=716800 | SPS=1308
update 360/390 | step=737280 | SPS=1309
update 370/390 | step=757760 | SPS=1311
update 380/390 | step=778240 | SPS=1312
update 390/390 | step=798720 | SPS=1313
Episode 57/60 | reward=3.9498 | avg10=4.9413 | avg_success_rate=0.9000 | steps=38 | time=611.0s
update 10/390 | step=20480 | SPS=1294
update 20/390 | step=40960 | SPS=1288
update 30/390 | step=61440 | SPS=1297
update 40/390 | step=81920 | SPS=1324
[100016] Regime switch detected! 0 -> 1. Snapshotting anchor model.
update 50/390 | step=102400 | SPS=1337
update 60/390 | step=122880 | SPS=1338
update 70/390 | step=143360 | SPS=1337
update 80/390 | step=163840 | SPS=1340
update 90/390 | step=184320 | SPS=1346
[200016] Regime switch detected! 1 -> 0. Snapshotting anchor model.
update 100/390 | step=204800 | SPS=1347
update 110/390 | step=225280 | SPS=1347
update 120/390 | step=245760 | SPS=1341
update 130/390 | step=266240 | SPS=1341
update 140/390 | step=286720 | SPS=1341
[300016] Regime switch detected! 0 -> 1. Snapshotting anchor model.
update 150/390 | step=307200 | SPS=1336
update 160/390 | step=327680 | SPS=1340
update 170/390 | step=348160 | SPS=1339
update 180/390 | step=368640 | SPS=1339
update 190/390 | step=389120 | SPS=1342
[400016] Regime switch detected! 1 -> 0. Snapshotting anchor model.
update 200/390 | step=409600 | SPS=1345
update 210/390 | step=430080 | SPS=1341
update 220/390 | step=450560 | SPS=1344
update 230/390 | step=471040 | SPS=1346
update 240/390 | step=491520 | SPS=1346
[500016] Regime switch detected! 0 -> 1. Snapshotting anchor model.
update 250/390 | step=512000 | SPS=1347
update 260/390 | step=532480 | SPS=1345
update 270/390 | step=552960 | SPS=1342
update 280/390 | step=573440 | SPS=1338
update 290/390 | step=593920 | SPS=1338
[600016] Regime switch detected! 1 -> 0. Snapshotting anchor model.
update 300/390 | step=614400 | SPS=1337
update 310/390 | step=634880 | SPS=1336
update 320/390 | step=655360 | SPS=1334
update 330/390 | step=675840 | SPS=1335
update 340/390 | step=696320 | SPS=1332
[700016] Regime switch detected! 0 -> 1. Snapshotting anchor model.
update 350/390 | step=716800 | SPS=1329
update 360/390 | step=737280 | SPS=1327
update 370/390 | step=757760 | SPS=1325
update 380/390 | step=778240 | SPS=1323
update 390/390 | step=798720 | SPS=1321
Episode 58/60 | reward=2.2370 | avg10=4.6547 | avg_success_rate=0.8900 | steps=38 | time=607.4s
update 10/390 | step=20480 | SPS=1369
update 20/390 | step=40960 | SPS=1347
update 30/390 | step=61440 | SPS=1324
update 40/390 | step=81920 | SPS=1325
[100016] Regime switch detected! 0 -> 1. Snapshotting anchor model.
update 50/390 | step=102400 | SPS=1330
update 60/390 | step=122880 | SPS=1334
update 70/390 | step=143360 | SPS=1326
update 80/390 | step=163840 | SPS=1325
update 90/390 | step=184320 | SPS=1324
[200016] Regime switch detected! 1 -> 0. Snapshotting anchor model.
update 100/390 | step=204800 | SPS=1319
update 110/390 | step=225280 | SPS=1319
update 120/390 | step=245760 | SPS=1317
update 130/390 | step=266240 | SPS=1318
update 140/390 | step=286720 | SPS=1321
[300016] Regime switch detected! 0 -> 1. Snapshotting anchor model.
update 150/390 | step=307200 | SPS=1327
update 160/390 | step=327680 | SPS=1325
update 170/390 | step=348160 | SPS=1326
update 180/390 | step=368640 | SPS=1323
update 190/390 | step=389120 | SPS=1323
[400016] Regime switch detected! 1 -> 0. Snapshotting anchor model.
update 200/390 | step=409600 | SPS=1323
update 210/390 | step=430080 | SPS=1322
update 220/390 | step=450560 | SPS=1323
update 230/390 | step=471040 | SPS=1326
update 240/390 | step=491520 | SPS=1323
[500016] Regime switch detected! 0 -> 1. Snapshotting anchor model.
update 250/390 | step=512000 | SPS=1322
update 260/390 | step=532480 | SPS=1319
update 270/390 | step=552960 | SPS=1316
update 280/390 | step=573440 | SPS=1314
update 290/390 | step=593920 | SPS=1311
[600016] Regime switch detected! 1 -> 0. Snapshotting anchor model.
update 300/390 | step=614400 | SPS=1310
update 310/390 | step=634880 | SPS=1311
update 320/390 | step=655360 | SPS=1313
update 330/390 | step=675840 | SPS=1315
update 340/390 | step=696320 | SPS=1314
[700016] Regime switch detected! 0 -> 1. Snapshotting anchor model.
update 350/390 | step=716800 | SPS=1312
update 360/390 | step=737280 | SPS=1310
update 370/390 | step=757760 | SPS=1309
update 380/390 | step=778240 | SPS=1310
update 390/390 | step=798720 | SPS=1311
Episode 59/60 | reward=3.1868 | avg10=4.6438 | avg_success_rate=0.8700 | steps=38 | time=611.9s
update 10/390 | step=20480 | SPS=1291
update 20/390 | step=40960 | SPS=1284
update 30/390 | step=61440 | SPS=1300
update 40/390 | step=81920 | SPS=1293
[100016] Regime switch detected! 0 -> 1. Snapshotting anchor model.
update 50/390 | step=102400 | SPS=1281
update 60/390 | step=122880 | SPS=1285
update 70/390 | step=143360 | SPS=1283
update 80/390 | step=163840 | SPS=1285
update 90/390 | step=184320 | SPS=1284
[200016] Regime switch detected! 1 -> 0. Snapshotting anchor model.
update 100/390 | step=204800 | SPS=1286
update 110/390 | step=225280 | SPS=1288
update 120/390 | step=245760 | SPS=1284
update 130/390 | step=266240 | SPS=1283
update 140/390 | step=286720 | SPS=1289
[300016] Regime switch detected! 0 -> 1. Snapshotting anchor model.
update 150/390 | step=307200 | SPS=1294
update 160/390 | step=327680 | SPS=1297
update 170/390 | step=348160 | SPS=1302
update 180/390 | step=368640 | SPS=1302
update 190/390 | step=389120 | SPS=1301
[400016] Regime switch detected! 1 -> 0. Snapshotting anchor model.
update 200/390 | step=409600 | SPS=1300
update 210/390 | step=430080 | SPS=1299
update 220/390 | step=450560 | SPS=1296
update 230/390 | step=471040 | SPS=1293
update 240/390 | step=491520 | SPS=1293
[500016] Regime switch detected! 0 -> 1. Snapshotting anchor model.
update 250/390 | step=512000 | SPS=1295
update 260/390 | step=532480 | SPS=1293
update 270/390 | step=552960 | SPS=1291
update 280/390 | step=573440 | SPS=1290
update 290/390 | step=593920 | SPS=1291
[600016] Regime switch detected! 1 -> 0. Snapshotting anchor model.
update 300/390 | step=614400 | SPS=1292
update 310/390 | step=634880 | SPS=1294
update 320/390 | step=655360 | SPS=1297
update 330/390 | step=675840 | SPS=1297
update 340/390 | step=696320 | SPS=1298
[700016] Regime switch detected! 0 -> 1. Snapshotting anchor model.
update 350/390 | step=716800 | SPS=1299
update 360/390 | step=737280 | SPS=1297
update 370/390 | step=757760 | SPS=1298
update 380/390 | step=778240 | SPS=1300
update 390/390 | step=798720 | SPS=1302
Episode 60/60 | reward=4.0285 | avg10=4.3891 | avg_success_rate=0.7300 | steps=38 | time=616.2s
  [brain ckpt] runs/calib8x8_brain_neuromod_long_seed3_20260702-044135/episode_60/brain_ep60.pt
Saved Brain model to: runs/calib8x8_brain_neuromod_long_seed3_20260702-044135/brain_model.pt

Brain training complete. Total RL episodes: 60
