Saved configuration to: runs/calib8x8_brain_neuromod_trainable_long_seed6_20260702-044135/config.txt
Training Brain on cuda for 60 RL episodes
  Inner: 800000 timesteps, regime switch every 100000 steps
  Parallel Envs: 1
  Brain vectorization: sync
  Decision interval: 10 inner updates

--- Starting Meta-RL PPO Training (Target: 60) ---
update 10/390 | step=20480 | SPS=1252
update 20/390 | step=40960 | SPS=1245
update 30/390 | step=61440 | SPS=1249
update 40/390 | step=81920 | SPS=1239
[100016] Regime switch detected! 0 -> 1. Snapshotting anchor model.
update 50/390 | step=102400 | SPS=1243
update 60/390 | step=122880 | SPS=1262
update 70/390 | step=143360 | SPS=1268
update 80/390 | step=163840 | SPS=1271
update 90/390 | step=184320 | SPS=1265
[200016] Regime switch detected! 1 -> 0. Snapshotting anchor model.
update 100/390 | step=204800 | SPS=1258
update 110/390 | step=225280 | SPS=1254
update 120/390 | step=245760 | SPS=1254
update 130/390 | step=266240 | SPS=1248
update 140/390 | step=286720 | SPS=1244
[300016] Regime switch detected! 0 -> 1. Snapshotting anchor model.
update 150/390 | step=307200 | SPS=1243
update 160/390 | step=327680 | SPS=1243
update 170/390 | step=348160 | SPS=1245
update 180/390 | step=368640 | SPS=1248
update 190/390 | step=389120 | SPS=1248
[400016] Regime switch detected! 1 -> 0. Snapshotting anchor model.
update 200/390 | step=409600 | SPS=1252
update 210/390 | step=430080 | SPS=1255
update 220/390 | step=450560 | SPS=1259
update 230/390 | step=471040 | SPS=1262
update 240/390 | step=491520 | SPS=1264
[500016] Regime switch detected! 0 -> 1. Snapshotting anchor model.
update 250/390 | step=512000 | SPS=1264
update 260/390 | step=532480 | SPS=1265
update 270/390 | step=552960 | SPS=1267
update 280/390 | step=573440 | SPS=1267
update 290/390 | step=593920 | SPS=1266
[600016] Regime switch detected! 1 -> 0. Snapshotting anchor model.
update 300/390 | step=614400 | SPS=1268
update 310/390 | step=634880 | SPS=1270
update 320/390 | step=655360 | SPS=1272
update 330/390 | step=675840 | SPS=1272
update 340/390 | step=696320 | SPS=1273
[700016] Regime switch detected! 0 -> 1. Snapshotting anchor model.
update 350/390 | step=716800 | SPS=1275
update 360/390 | step=737280 | SPS=1277
update 370/390 | step=757760 | SPS=1278
update 380/390 | step=778240 | SPS=1279
update 390/390 | step=798720 | SPS=1280
Episode 1/60 | reward=-0.4425 | avg10=-0.4425 | avg_success_rate=0.4800 | steps=38 | time=628.6s
update 10/390 | step=20480 | SPS=1466
update 20/390 | step=40960 | SPS=1403
update 30/390 | step=61440 | SPS=1347
update 40/390 | step=81920 | SPS=1328
[100016] Regime switch detected! 0 -> 1. Snapshotting anchor model.
update 50/390 | step=102400 | SPS=1328
update 60/390 | step=122880 | SPS=1322
update 70/390 | step=143360 | SPS=1310
update 80/390 | step=163840 | SPS=1299
update 90/390 | step=184320 | SPS=1288
[200016] Regime switch detected! 1 -> 0. Snapshotting anchor model.
update 100/390 | step=204800 | SPS=1291
update 110/390 | step=225280 | SPS=1296
update 120/390 | step=245760 | SPS=1297
update 130/390 | step=266240 | SPS=1298
update 140/390 | step=286720 | SPS=1298
[300016] Regime switch detected! 0 -> 1. Snapshotting anchor model.
update 150/390 | step=307200 | SPS=1298
update 160/390 | step=327680 | SPS=1300
update 170/390 | step=348160 | SPS=1302
update 180/390 | step=368640 | SPS=1297
update 190/390 | step=389120 | SPS=1291
[400016] Regime switch detected! 1 -> 0. Snapshotting anchor model.
update 200/390 | step=409600 | SPS=1287
update 210/390 | step=430080 | SPS=1281
update 220/390 | step=450560 | SPS=1279
update 230/390 | step=471040 | SPS=1275
update 240/390 | step=491520 | SPS=1276
[500016] Regime switch detected! 0 -> 1. Snapshotting anchor model.
update 250/390 | step=512000 | SPS=1278
update 260/390 | step=532480 | SPS=1277
update 270/390 | step=552960 | SPS=1274
update 280/390 | step=573440 | SPS=1272
update 290/390 | step=593920 | SPS=1273
[600016] Regime switch detected! 1 -> 0. Snapshotting anchor model.
update 300/390 | step=614400 | SPS=1275
update 310/390 | step=634880 | SPS=1276
update 320/390 | step=655360 | SPS=1277
update 330/390 | step=675840 | SPS=1279
update 340/390 | step=696320 | SPS=1280
[700016] Regime switch detected! 0 -> 1. Snapshotting anchor model.
update 350/390 | step=716800 | SPS=1282
update 360/390 | step=737280 | SPS=1281
update 370/390 | step=757760 | SPS=1281
update 380/390 | step=778240 | SPS=1283
update 390/390 | step=798720 | SPS=1282
Episode 2/60 | reward=2.3866 | avg10=0.9721 | avg_success_rate=0.7400 | steps=38 | time=625.9s
update 10/390 | step=20480 | SPS=1377
update 20/390 | step=40960 | SPS=1294
update 30/390 | step=61440 | SPS=1301
update 40/390 | step=81920 | SPS=1290
[100016] Regime switch detected! 0 -> 1. Snapshotting anchor model.
update 50/390 | step=102400 | SPS=1291
update 60/390 | step=122880 | SPS=1297
update 70/390 | step=143360 | SPS=1304
update 80/390 | step=163840 | SPS=1310
update 90/390 | step=184320 | SPS=1313
[200016] Regime switch detected! 1 -> 0. Snapshotting anchor model.
update 100/390 | step=204800 | SPS=1314
update 110/390 | step=225280 | SPS=1303
update 120/390 | step=245760 | SPS=1296
update 130/390 | step=266240 | SPS=1297
update 140/390 | step=286720 | SPS=1298
[300016] Regime switch detected! 0 -> 1. Snapshotting anchor model.
update 150/390 | step=307200 | SPS=1292
update 160/390 | step=327680 | SPS=1293
update 170/390 | step=348160 | SPS=1292
update 180/390 | step=368640 | SPS=1290
update 190/390 | step=389120 | SPS=1294
[400016] Regime switch detected! 1 -> 0. Snapshotting anchor model.
update 200/390 | step=409600 | SPS=1296
update 210/390 | step=430080 | SPS=1293
update 220/390 | step=450560 | SPS=1290
update 230/390 | step=471040 | SPS=1289
update 240/390 | step=491520 | SPS=1285
[500016] Regime switch detected! 0 -> 1. Snapshotting anchor model.
update 250/390 | step=512000 | SPS=1287
update 260/390 | step=532480 | SPS=1285
update 270/390 | step=552960 | SPS=1283
update 280/390 | step=573440 | SPS=1280
update 290/390 | step=593920 | SPS=1280
[600016] Regime switch detected! 1 -> 0. Snapshotting anchor model.
update 300/390 | step=614400 | SPS=1279
update 310/390 | step=634880 | SPS=1279
update 320/390 | step=655360 | SPS=1278
update 330/390 | step=675840 | SPS=1275
update 340/390 | step=696320 | SPS=1273
[700016] Regime switch detected! 0 -> 1. Snapshotting anchor model.
update 350/390 | step=716800 | SPS=1270
update 360/390 | step=737280 | SPS=1270
update 370/390 | step=757760 | SPS=1270
update 380/390 | step=778240 | SPS=1269
update 390/390 | step=798720 | SPS=1267
Episode 3/60 | reward=2.1816 | avg10=1.3752 | avg_success_rate=0.7600 | steps=38 | time=633.3s
update 10/390 | step=20480 | SPS=1307
update 20/390 | step=40960 | SPS=1270
update 30/390 | step=61440 | SPS=1240
update 40/390 | step=81920 | SPS=1222
[100016] Regime switch detected! 0 -> 1. Snapshotting anchor model.
update 50/390 | step=102400 | SPS=1221
update 60/390 | step=122880 | SPS=1217
update 70/390 | step=143360 | SPS=1218
update 80/390 | step=163840 | SPS=1221
update 90/390 | step=184320 | SPS=1222
[200016] Regime switch detected! 1 -> 0. Snapshotting anchor model.
update 100/390 | step=204800 | SPS=1231
update 110/390 | step=225280 | SPS=1232
update 120/390 | step=245760 | SPS=1232
update 130/390 | step=266240 | SPS=1231
update 140/390 | step=286720 | SPS=1234
[300016] Regime switch detected! 0 -> 1. Snapshotting anchor model.
update 150/390 | step=307200 | SPS=1233
update 160/390 | step=327680 | SPS=1232
update 170/390 | step=348160 | SPS=1230
update 180/390 | step=368640 | SPS=1229
update 190/390 | step=389120 | SPS=1227
[400016] Regime switch detected! 1 -> 0. Snapshotting anchor model.
update 200/390 | step=409600 | SPS=1227
update 210/390 | step=430080 | SPS=1227
update 220/390 | step=450560 | SPS=1229
update 230/390 | step=471040 | SPS=1230
update 240/390 | step=491520 | SPS=1234
[500016] Regime switch detected! 0 -> 1. Snapshotting anchor model.
update 250/390 | step=512000 | SPS=1236
update 260/390 | step=532480 | SPS=1238
update 270/390 | step=552960 | SPS=1242
update 280/390 | step=573440 | SPS=1244
update 290/390 | step=593920 | SPS=1243
[600016] Regime switch detected! 1 -> 0. Snapshotting anchor model.
update 300/390 | step=614400 | SPS=1246
update 310/390 | step=634880 | SPS=1249
update 320/390 | step=655360 | SPS=1250
update 330/390 | step=675840 | SPS=1252
update 340/390 | step=696320 | SPS=1254
[700016] Regime switch detected! 0 -> 1. Snapshotting anchor model.
update 350/390 | step=716800 | SPS=1254
update 360/390 | step=737280 | SPS=1255
update 370/390 | step=757760 | SPS=1256
update 380/390 | step=778240 | SPS=1257
update 390/390 | step=798720 | SPS=1258
Episode 4/60 | reward=3.8584 | avg10=1.9960 | avg_success_rate=0.9300 | steps=38 | time=638.3s
update 10/390 | step=20480 | SPS=1281
update 20/390 | step=40960 | SPS=1248
update 30/390 | step=61440 | SPS=1219
update 40/390 | step=81920 | SPS=1213
[100016] Regime switch detected! 0 -> 1. Snapshotting anchor model.
update 50/390 | step=102400 | SPS=1217
update 60/390 | step=122880 | SPS=1217
update 70/390 | step=143360 | SPS=1236
update 80/390 | step=163840 | SPS=1248
update 90/390 | step=184320 | SPS=1246
[200016] Regime switch detected! 1 -> 0. Snapshotting anchor model.
update 100/390 | step=204800 | SPS=1250
update 110/390 | step=225280 | SPS=1256
update 120/390 | step=245760 | SPS=1260
update 130/390 | step=266240 | SPS=1266
update 140/390 | step=286720 | SPS=1271
[300016] Regime switch detected! 0 -> 1. Snapshotting anchor model.
update 150/390 | step=307200 | SPS=1274
update 160/390 | step=327680 | SPS=1276
update 170/390 | step=348160 | SPS=1278
update 180/390 | step=368640 | SPS=1280
update 190/390 | step=389120 | SPS=1281
[400016] Regime switch detected! 1 -> 0. Snapshotting anchor model.
update 200/390 | step=409600 | SPS=1277
update 210/390 | step=430080 | SPS=1273
update 220/390 | step=450560 | SPS=1270
update 230/390 | step=471040 | SPS=1270
update 240/390 | step=491520 | SPS=1271
[500016] Regime switch detected! 0 -> 1. Snapshotting anchor model.
update 250/390 | step=512000 | SPS=1274
update 260/390 | step=532480 | SPS=1277
update 270/390 | step=552960 | SPS=1279
update 280/390 | step=573440 | SPS=1278
update 290/390 | step=593920 | SPS=1277
[600016] Regime switch detected! 1 -> 0. Snapshotting anchor model.
update 300/390 | step=614400 | SPS=1275
update 310/390 | step=634880 | SPS=1272
update 320/390 | step=655360 | SPS=1274
update 330/390 | step=675840 | SPS=1273
update 340/390 | step=696320 | SPS=1270
[700016] Regime switch detected! 0 -> 1. Snapshotting anchor model.
update 350/390 | step=716800 | SPS=1268
update 360/390 | step=737280 | SPS=1267
update 370/390 | step=757760 | SPS=1268
update 380/390 | step=778240 | SPS=1270
update 390/390 | step=798720 | SPS=1272
Episode 5/60 | reward=1.6839 | avg10=1.9336 | avg_success_rate=0.5500 | steps=38 | time=631.0s
  [brain ckpt] runs/calib8x8_brain_neuromod_trainable_long_seed6_20260702-044135/episode_5/brain_ep5.pt
update 10/390 | step=20480 | SPS=1307
update 20/390 | step=40960 | SPS=1265
update 30/390 | step=61440 | SPS=1260
update 40/390 | step=81920 | SPS=1249
[100016] Regime switch detected! 0 -> 1. Snapshotting anchor model.
update 50/390 | step=102400 | SPS=1232
update 60/390 | step=122880 | SPS=1246
update 70/390 | step=143360 | SPS=1259
update 80/390 | step=163840 | SPS=1267
update 90/390 | step=184320 | SPS=1272
[200016] Regime switch detected! 1 -> 0. Snapshotting anchor model.
update 100/390 | step=204800 | SPS=1268
update 110/390 | step=225280 | SPS=1270
update 120/390 | step=245760 | SPS=1268
update 130/390 | step=266240 | SPS=1272
update 140/390 | step=286720 | SPS=1278
[300016] Regime switch detected! 0 -> 1. Snapshotting anchor model.
update 150/390 | step=307200 | SPS=1281
update 160/390 | step=327680 | SPS=1285
update 170/390 | step=348160 | SPS=1278
update 180/390 | step=368640 | SPS=1275
update 190/390 | step=389120 | SPS=1272
[400016] Regime switch detected! 1 -> 0. Snapshotting anchor model.
update 200/390 | step=409600 | SPS=1270
update 210/390 | step=430080 | SPS=1270
update 220/390 | step=450560 | SPS=1273
update 230/390 | step=471040 | SPS=1275
update 240/390 | step=491520 | SPS=1276
[500016] Regime switch detected! 0 -> 1. Snapshotting anchor model.
update 250/390 | step=512000 | SPS=1274
update 260/390 | step=532480 | SPS=1272
update 270/390 | step=552960 | SPS=1268
update 280/390 | step=573440 | SPS=1265
update 290/390 | step=593920 | SPS=1264
[600016] Regime switch detected! 1 -> 0. Snapshotting anchor model.
update 300/390 | step=614400 | SPS=1264
update 310/390 | step=634880 | SPS=1262
update 320/390 | step=655360 | SPS=1261
update 330/390 | step=675840 | SPS=1262
update 340/390 | step=696320 | SPS=1260
[700016] Regime switch detected! 0 -> 1. Snapshotting anchor model.
update 350/390 | step=716800 | SPS=1261
update 360/390 | step=737280 | SPS=1262
update 370/390 | step=757760 | SPS=1261
update 380/390 | step=778240 | SPS=1263
update 390/390 | step=798720 | SPS=1262
Episode 6/60 | reward=4.6301 | avg10=2.3830 | avg_success_rate=0.9800 | steps=38 | time=635.5s
update 10/390 | step=20480 | SPS=1322
update 20/390 | step=40960 | SPS=1271
update 30/390 | step=61440 | SPS=1237
update 40/390 | step=81920 | SPS=1246
[100016] Regime switch detected! 0 -> 1. Snapshotting anchor model.
update 50/390 | step=102400 | SPS=1249
update 60/390 | step=122880 | SPS=1241
update 70/390 | step=143360 | SPS=1241
update 80/390 | step=163840 | SPS=1238
update 90/390 | step=184320 | SPS=1244
[200016] Regime switch detected! 1 -> 0. Snapshotting anchor model.
update 100/390 | step=204800 | SPS=1239
update 110/390 | step=225280 | SPS=1234
update 120/390 | step=245760 | SPS=1235
update 130/390 | step=266240 | SPS=1243
update 140/390 | step=286720 | SPS=1249
[300016] Regime switch detected! 0 -> 1. Snapshotting anchor model.
update 150/390 | step=307200 | SPS=1249
update 160/390 | step=327680 | SPS=1251
update 170/390 | step=348160 | SPS=1255
update 180/390 | step=368640 | SPS=1258
update 190/390 | step=389120 | SPS=1254
[400016] Regime switch detected! 1 -> 0. Snapshotting anchor model.
update 200/390 | step=409600 | SPS=1253
update 210/390 | step=430080 | SPS=1254
update 220/390 | step=450560 | SPS=1256
update 230/390 | step=471040 | SPS=1257
update 240/390 | step=491520 | SPS=1256
[500016] Regime switch detected! 0 -> 1. Snapshotting anchor model.
update 250/390 | step=512000 | SPS=1258
update 260/390 | step=532480 | SPS=1259
update 270/390 | step=552960 | SPS=1256
update 280/390 | step=573440 | SPS=1255
update 290/390 | step=593920 | SPS=1258
[600016] Regime switch detected! 1 -> 0. Snapshotting anchor model.
update 300/390 | step=614400 | SPS=1259
update 310/390 | step=634880 | SPS=1257
update 320/390 | step=655360 | SPS=1257
update 330/390 | step=675840 | SPS=1255
update 340/390 | step=696320 | SPS=1254
[700016] Regime switch detected! 0 -> 1. Snapshotting anchor model.
update 350/390 | step=716800 | SPS=1253
update 360/390 | step=737280 | SPS=1253
update 370/390 | step=757760 | SPS=1251
update 380/390 | step=778240 | SPS=1253
update 390/390 | step=798720 | SPS=1253
Episode 7/60 | reward=5.1947 | avg10=2.7847 | avg_success_rate=0.9100 | steps=38 | time=640.4s
update 10/390 | step=20480 | SPS=1261
update 20/390 | step=40960 | SPS=1232
update 30/390 | step=61440 | SPS=1225
update 40/390 | step=81920 | SPS=1219
[100016] Regime switch detected! 0 -> 1. Snapshotting anchor model.
update 50/390 | step=102400 | SPS=1214
update 60/390 | step=122880 | SPS=1217
update 70/390 | step=143360 | SPS=1225
update 80/390 | step=163840 | SPS=1231
update 90/390 | step=184320 | SPS=1239
[200016] Regime switch detected! 1 -> 0. Snapshotting anchor model.
update 100/390 | step=204800 | SPS=1250
update 110/390 | step=225280 | SPS=1247
update 120/390 | step=245760 | SPS=1255
update 130/390 | step=266240 | SPS=1253
update 140/390 | step=286720 | SPS=1250
[300016] Regime switch detected! 0 -> 1. Snapshotting anchor model.
update 150/390 | step=307200 | SPS=1245
update 160/390 | step=327680 | SPS=1244
update 170/390 | step=348160 | SPS=1246
update 180/390 | step=368640 | SPS=1250
update 190/390 | step=389120 | SPS=1254
[400016] Regime switch detected! 1 -> 0. Snapshotting anchor model.
update 200/390 | step=409600 | SPS=1259
update 210/390 | step=430080 | SPS=1262
update 220/390 | step=450560 | SPS=1263
update 230/390 | step=471040 | SPS=1265
update 240/390 | step=491520 | SPS=1269
[500016] Regime switch detected! 0 -> 1. Snapshotting anchor model.
update 250/390 | step=512000 | SPS=1269
update 260/390 | step=532480 | SPS=1269
update 270/390 | step=552960 | SPS=1269
update 280/390 | step=573440 | SPS=1270
update 290/390 | step=593920 | SPS=1271
[600016] Regime switch detected! 1 -> 0. Snapshotting anchor model.
update 300/390 | step=614400 | SPS=1270
update 310/390 | step=634880 | SPS=1271
update 320/390 | step=655360 | SPS=1272
update 330/390 | step=675840 | SPS=1274
update 340/390 | step=696320 | SPS=1271
[700016] Regime switch detected! 0 -> 1. Snapshotting anchor model.
update 350/390 | step=716800 | SPS=1270
update 360/390 | step=737280 | SPS=1268
update 370/390 | step=757760 | SPS=1268
update 380/390 | step=778240 | SPS=1270
update 390/390 | step=798720 | SPS=1270
Episode 8/60 | reward=4.4638 | avg10=2.9946 | avg_success_rate=0.4800 | steps=38 | time=632.0s
update 10/390 | step=20480 | SPS=1320
update 20/390 | step=40960 | SPS=1279
update 30/390 | step=61440 | SPS=1246
update 40/390 | step=81920 | SPS=1241
[100016] Regime switch detected! 0 -> 1. Snapshotting anchor model.
update 50/390 | step=102400 | SPS=1238
update 60/390 | step=122880 | SPS=1230
update 70/390 | step=143360 | SPS=1234
update 80/390 | step=163840 | SPS=1233
update 90/390 | step=184320 | SPS=1231
[200016] Regime switch detected! 1 -> 0. Snapshotting anchor model.
update 100/390 | step=204800 | SPS=1226
update 110/390 | step=225280 | SPS=1229
update 120/390 | step=245760 | SPS=1234
update 130/390 | step=266240 | SPS=1238
update 140/390 | step=286720 | SPS=1240
[300016] Regime switch detected! 0 -> 1. Snapshotting anchor model.
update 150/390 | step=307200 | SPS=1239
update 160/390 | step=327680 | SPS=1243
update 170/390 | step=348160 | SPS=1245
update 180/390 | step=368640 | SPS=1241
update 190/390 | step=389120 | SPS=1240
[400016] Regime switch detected! 1 -> 0. Snapshotting anchor model.
update 200/390 | step=409600 | SPS=1240
update 210/390 | step=430080 | SPS=1242
update 220/390 | step=450560 | SPS=1245
update 230/390 | step=471040 | SPS=1247
update 240/390 | step=491520 | SPS=1249
[500016] Regime switch detected! 0 -> 1. Snapshotting anchor model.
update 250/390 | step=512000 | SPS=1253
update 260/390 | step=532480 | SPS=1252
update 270/390 | step=552960 | SPS=1250
update 280/390 | step=573440 | SPS=1249
update 290/390 | step=593920 | SPS=1249
[600016] Regime switch detected! 1 -> 0. Snapshotting anchor model.
update 300/390 | step=614400 | SPS=1247
update 310/390 | step=634880 | SPS=1247
update 320/390 | step=655360 | SPS=1246
update 330/390 | step=675840 | SPS=1245
update 340/390 | step=696320 | SPS=1247
[700016] Regime switch detected! 0 -> 1. Snapshotting anchor model.
update 350/390 | step=716800 | SPS=1247
update 360/390 | step=737280 | SPS=1247
update 370/390 | step=757760 | SPS=1250
update 380/390 | step=778240 | SPS=1253
update 390/390 | step=798720 | SPS=1254
Episode 9/60 | reward=3.4763 | avg10=3.0481 | avg_success_rate=0.5200 | steps=38 | time=639.6s
update 10/390 | step=20480 | SPS=1420
update 20/390 | step=40960 | SPS=1325
update 30/390 | step=61440 | SPS=1314
update 40/390 | step=81920 | SPS=1295
[100016] Regime switch detected! 0 -> 1. Snapshotting anchor model.
update 50/390 | step=102400 | SPS=1293
update 60/390 | step=122880 | SPS=1301
update 70/390 | step=143360 | SPS=1306
update 80/390 | step=163840 | SPS=1310
update 90/390 | step=184320 | SPS=1305
[200016] Regime switch detected! 1 -> 0. Snapshotting anchor model.
update 100/390 | step=204800 | SPS=1300
update 110/390 | step=225280 | SPS=1305
update 120/390 | step=245760 | SPS=1296
update 130/390 | step=266240 | SPS=1289
update 140/390 | step=286720 | SPS=1292
[300016] Regime switch detected! 0 -> 1. Snapshotting anchor model.
update 150/390 | step=307200 | SPS=1295
update 160/390 | step=327680 | SPS=1297
update 170/390 | step=348160 | SPS=1297
update 180/390 | step=368640 | SPS=1297
update 190/390 | step=389120 | SPS=1290
[400016] Regime switch detected! 1 -> 0. Snapshotting anchor model.
update 200/390 | step=409600 | SPS=1288
update 210/390 | step=430080 | SPS=1287
update 220/390 | step=450560 | SPS=1287
update 230/390 | step=471040 | SPS=1286
update 240/390 | step=491520 | SPS=1288
[500016] Regime switch detected! 0 -> 1. Snapshotting anchor model.
update 250/390 | step=512000 | SPS=1285
update 260/390 | step=532480 | SPS=1283
update 270/390 | step=552960 | SPS=1282
update 280/390 | step=573440 | SPS=1279
update 290/390 | step=593920 | SPS=1280
[600016] Regime switch detected! 1 -> 0. Snapshotting anchor model.
update 300/390 | step=614400 | SPS=1280
update 310/390 | step=634880 | SPS=1281
update 320/390 | step=655360 | SPS=1280
update 330/390 | step=675840 | SPS=1277
update 340/390 | step=696320 | SPS=1275
[700016] Regime switch detected! 0 -> 1. Snapshotting anchor model.
update 350/390 | step=716800 | SPS=1276
update 360/390 | step=737280 | SPS=1275
update 370/390 | step=757760 | SPS=1274
update 380/390 | step=778240 | SPS=1277
update 390/390 | step=798720 | SPS=1276
Episode 10/60 | reward=4.8008 | avg10=3.2234 | avg_success_rate=0.9000 | steps=38 | time=629.0s
  [brain ckpt] runs/calib8x8_brain_neuromod_trainable_long_seed6_20260702-044135/episode_10/brain_ep10.pt
update 10/390 | step=20480 | SPS=1266
update 20/390 | step=40960 | SPS=1235
update 30/390 | step=61440 | SPS=1225
update 40/390 | step=81920 | SPS=1217
[100016] Regime switch detected! 0 -> 1. Snapshotting anchor model.
update 50/390 | step=102400 | SPS=1230
update 60/390 | step=122880 | SPS=1242
update 70/390 | step=143360 | SPS=1239
update 80/390 | step=163840 | SPS=1242
update 90/390 | step=184320 | SPS=1247
[200016] Regime switch detected! 1 -> 0. Snapshotting anchor model.
update 100/390 | step=204800 | SPS=1257
update 110/390 | step=225280 | SPS=1263
update 120/390 | step=245760 | SPS=1265
update 130/390 | step=266240 | SPS=1268
update 140/390 | step=286720 | SPS=1271
[300016] Regime switch detected! 0 -> 1. Snapshotting anchor model.
update 150/390 | step=307200 | SPS=1277
update 160/390 | step=327680 | SPS=1281
update 170/390 | step=348160 | SPS=1280
update 180/390 | step=368640 | SPS=1275
update 190/390 | step=389120 | SPS=1277
[400016] Regime switch detected! 1 -> 0. Snapshotting anchor model.
update 200/390 | step=409600 | SPS=1279
update 210/390 | step=430080 | SPS=1282
update 220/390 | step=450560 | SPS=1285
update 230/390 | step=471040 | SPS=1287
update 240/390 | step=491520 | SPS=1286
[500016] Regime switch detected! 0 -> 1. Snapshotting anchor model.
update 250/390 | step=512000 | SPS=1288
update 260/390 | step=532480 | SPS=1289
update 270/390 | step=552960 | SPS=1288
update 280/390 | step=573440 | SPS=1289
update 290/390 | step=593920 | SPS=1289
[600016] Regime switch detected! 1 -> 0. Snapshotting anchor model.
update 300/390 | step=614400 | SPS=1289
update 310/390 | step=634880 | SPS=1288
update 320/390 | step=655360 | SPS=1288
update 330/390 | step=675840 | SPS=1290
update 340/390 | step=696320 | SPS=1290
[700016] Regime switch detected! 0 -> 1. Snapshotting anchor model.
update 350/390 | step=716800 | SPS=1288
update 360/390 | step=737280 | SPS=1286
update 370/390 | step=757760 | SPS=1285
update 380/390 | step=778240 | SPS=1286
update 390/390 | step=798720 | SPS=1286
Episode 11/60 | reward=3.0050 | avg10=3.5681 | avg_success_rate=0.8200 | steps=38 | time=623.8s
update 10/390 | step=20480 | SPS=1281
update 20/390 | step=40960 | SPS=1284
update 30/390 | step=61440 | SPS=1295
update 40/390 | step=81920 | SPS=1301
[100016] Regime switch detected! 0 -> 1. Snapshotting anchor model.
update 50/390 | step=102400 | SPS=1305
update 60/390 | step=122880 | SPS=1309
update 70/390 | step=143360 | SPS=1306
update 80/390 | step=163840 | SPS=1292
update 90/390 | step=184320 | SPS=1284
[200016] Regime switch detected! 1 -> 0. Snapshotting anchor model.
update 100/390 | step=204800 | SPS=1275
update 110/390 | step=225280 | SPS=1274
update 120/390 | step=245760 | SPS=1279
update 130/390 | step=266240 | SPS=1279
update 140/390 | step=286720 | SPS=1272
[300016] Regime switch detected! 0 -> 1. Snapshotting anchor model.
update 150/390 | step=307200 | SPS=1271
update 160/390 | step=327680 | SPS=1268
update 170/390 | step=348160 | SPS=1269
update 180/390 | step=368640 | SPS=1267
update 190/390 | step=389120 | SPS=1264
[400016] Regime switch detected! 1 -> 0. Snapshotting anchor model.
update 200/390 | step=409600 | SPS=1263
update 210/390 | step=430080 | SPS=1265
update 220/390 | step=450560 | SPS=1266
update 230/390 | step=471040 | SPS=1266
update 240/390 | step=491520 | SPS=1267
[500016] Regime switch detected! 0 -> 1. Snapshotting anchor model.
update 250/390 | step=512000 | SPS=1268
update 260/390 | step=532480 | SPS=1270
update 270/390 | step=552960 | SPS=1270
update 280/390 | step=573440 | SPS=1271
update 290/390 | step=593920 | SPS=1270
[600016] Regime switch detected! 1 -> 0. Snapshotting anchor model.
update 300/390 | step=614400 | SPS=1268
update 310/390 | step=634880 | SPS=1267
update 320/390 | step=655360 | SPS=1267
update 330/390 | step=675840 | SPS=1267
update 340/390 | step=696320 | SPS=1269
[700016] Regime switch detected! 0 -> 1. Snapshotting anchor model.
update 350/390 | step=716800 | SPS=1268
update 360/390 | step=737280 | SPS=1266
update 370/390 | step=757760 | SPS=1264
update 380/390 | step=778240 | SPS=1263
update 390/390 | step=798720 | SPS=1263
Episode 12/60 | reward=4.5517 | avg10=3.7846 | avg_success_rate=0.9100 | steps=38 | time=635.6s
update 10/390 | step=20480 | SPS=1248
update 20/390 | step=40960 | SPS=1210
update 30/390 | step=61440 | SPS=1215
update 40/390 | step=81920 | SPS=1222
[100016] Regime switch detected! 0 -> 1. Snapshotting anchor model.
update 50/390 | step=102400 | SPS=1218
update 60/390 | step=122880 | SPS=1220
update 70/390 | step=143360 | SPS=1223
update 80/390 | step=163840 | SPS=1225
update 90/390 | step=184320 | SPS=1229
[200016] Regime switch detected! 1 -> 0. Snapshotting anchor model.
update 100/390 | step=204800 | SPS=1240
update 110/390 | step=225280 | SPS=1243
update 120/390 | step=245760 | SPS=1238
update 130/390 | step=266240 | SPS=1234
update 140/390 | step=286720 | SPS=1236
[300016] Regime switch detected! 0 -> 1. Snapshotting anchor model.
update 150/390 | step=307200 | SPS=1236
update 160/390 | step=327680 | SPS=1240
update 170/390 | step=348160 | SPS=1244
update 180/390 | step=368640 | SPS=1248
update 190/390 | step=389120 | SPS=1246
[400016] Regime switch detected! 1 -> 0. Snapshotting anchor model.
update 200/390 | step=409600 | SPS=1245
update 210/390 | step=430080 | SPS=1242
update 220/390 | step=450560 | SPS=1244
update 230/390 | step=471040 | SPS=1247
update 240/390 | step=491520 | SPS=1249
[500016] Regime switch detected! 0 -> 1. Snapshotting anchor model.
update 250/390 | step=512000 | SPS=1250
update 260/390 | step=532480 | SPS=1253
update 270/390 | step=552960 | SPS=1255
update 280/390 | step=573440 | SPS=1255
update 290/390 | step=593920 | SPS=1252
[600016] Regime switch detected! 1 -> 0. Snapshotting anchor model.
update 300/390 | step=614400 | SPS=1250
update 310/390 | step=634880 | SPS=1251
update 320/390 | step=655360 | SPS=1250
update 330/390 | step=675840 | SPS=1249
update 340/390 | step=696320 | SPS=1248
[700016] Regime switch detected! 0 -> 1. Snapshotting anchor model.
update 350/390 | step=716800 | SPS=1247
update 360/390 | step=737280 | SPS=1245
update 370/390 | step=757760 | SPS=1246
update 380/390 | step=778240 | SPS=1248
update 390/390 | step=798720 | SPS=1249
Episode 13/60 | reward=2.9363 | avg10=3.8601 | avg_success_rate=0.7300 | steps=38 | time=642.4s
update 10/390 | step=20480 | SPS=1321
update 20/390 | step=40960 | SPS=1262
update 30/390 | step=61440 | SPS=1274
update 40/390 | step=81920 | SPS=1274
[100016] Regime switch detected! 0 -> 1. Snapshotting anchor model.
update 50/390 | step=102400 | SPS=1277
update 60/390 | step=122880 | SPS=1271
update 70/390 | step=143360 | SPS=1265
update 80/390 | step=163840 | SPS=1276
update 90/390 | step=184320 | SPS=1272
[200016] Regime switch detected! 1 -> 0. Snapshotting anchor model.
update 100/390 | step=204800 | SPS=1267
update 110/390 | step=225280 | SPS=1262
update 120/390 | step=245760 | SPS=1263
update 130/390 | step=266240 | SPS=1265
update 140/390 | step=286720 | SPS=1269
[300016] Regime switch detected! 0 -> 1. Snapshotting anchor model.
update 150/390 | step=307200 | SPS=1269
update 160/390 | step=327680 | SPS=1269
update 170/390 | step=348160 | SPS=1271
update 180/390 | step=368640 | SPS=1269
update 190/390 | step=389120 | SPS=1270
[400016] Regime switch detected! 1 -> 0. Snapshotting anchor model.
update 200/390 | step=409600 | SPS=1273
update 210/390 | step=430080 | SPS=1275
update 220/390 | step=450560 | SPS=1278
update 230/390 | step=471040 | SPS=1278
update 240/390 | step=491520 | SPS=1277
[500016] Regime switch detected! 0 -> 1. Snapshotting anchor model.
update 250/390 | step=512000 | SPS=1280
update 260/390 | step=532480 | SPS=1277
update 270/390 | step=552960 | SPS=1276
update 280/390 | step=573440 | SPS=1273
update 290/390 | step=593920 | SPS=1272
[600016] Regime switch detected! 1 -> 0. Snapshotting anchor model.
update 300/390 | step=614400 | SPS=1272
update 310/390 | step=634880 | SPS=1270
update 320/390 | step=655360 | SPS=1272
update 330/390 | step=675840 | SPS=1271
update 340/390 | step=696320 | SPS=1271
[700016] Regime switch detected! 0 -> 1. Snapshotting anchor model.
update 350/390 | step=716800 | SPS=1270
update 360/390 | step=737280 | SPS=1267
update 370/390 | step=757760 | SPS=1266
update 380/390 | step=778240 | SPS=1264
update 390/390 | step=798720 | SPS=1264
Episode 14/60 | reward=2.8833 | avg10=3.7626 | avg_success_rate=0.8700 | steps=38 | time=634.8s
update 10/390 | step=20480 | SPS=1258
update 20/390 | step=40960 | SPS=1229
update 30/390 | step=61440 | SPS=1226
update 40/390 | step=81920 | SPS=1241
[100016] Regime switch detected! 0 -> 1. Snapshotting anchor model.
update 50/390 | step=102400 | SPS=1226
update 60/390 | step=122880 | SPS=1225
update 70/390 | step=143360 | SPS=1242
update 80/390 | step=163840 | SPS=1253
update 90/390 | step=184320 | SPS=1260
[200016] Regime switch detected! 1 -> 0. Snapshotting anchor model.
update 100/390 | step=204800 | SPS=1261
update 110/390 | step=225280 | SPS=1255
update 120/390 | step=245760 | SPS=1253
update 130/390 | step=266240 | SPS=1260
update 140/390 | step=286720 | SPS=1261
[300016] Regime switch detected! 0 -> 1. Snapshotting anchor model.
update 150/390 | step=307200 | SPS=1256
update 160/390 | step=327680 | SPS=1255
update 170/390 | step=348160 | SPS=1259
update 180/390 | step=368640 | SPS=1259
update 190/390 | step=389120 | SPS=1261
[400016] Regime switch detected! 1 -> 0. Snapshotting anchor model.
update 200/390 | step=409600 | SPS=1261
update 210/390 | step=430080 | SPS=1264
update 220/390 | step=450560 | SPS=1267
update 230/390 | step=471040 | SPS=1264
update 240/390 | step=491520 | SPS=1267
[500016] Regime switch detected! 0 -> 1. Snapshotting anchor model.
update 250/390 | step=512000 | SPS=1266
update 260/390 | step=532480 | SPS=1262
update 270/390 | step=552960 | SPS=1261
update 280/390 | step=573440 | SPS=1263
update 290/390 | step=593920 | SPS=1263
[600016] Regime switch detected! 1 -> 0. Snapshotting anchor model.
update 300/390 | step=614400 | SPS=1265
update 310/390 | step=634880 | SPS=1267
update 320/390 | step=655360 | SPS=1268
update 330/390 | step=675840 | SPS=1268
update 340/390 | step=696320 | SPS=1269
[700016] Regime switch detected! 0 -> 1. Snapshotting anchor model.
update 350/390 | step=716800 | SPS=1270
update 360/390 | step=737280 | SPS=1272
update 370/390 | step=757760 | SPS=1274
update 380/390 | step=778240 | SPS=1275
update 390/390 | step=798720 | SPS=1276
Episode 15/60 | reward=1.6430 | avg10=3.7585 | avg_success_rate=0.8600 | steps=38 | time=629.0s
  [brain ckpt] runs/calib8x8_brain_neuromod_trainable_long_seed6_20260702-044135/episode_15/brain_ep15.pt
update 10/390 | step=20480 | SPS=1272
update 20/390 | step=40960 | SPS=1285
update 30/390 | step=61440 | SPS=1260
update 40/390 | step=81920 | SPS=1255
[100016] Regime switch detected! 0 -> 1. Snapshotting anchor model.
update 50/390 | step=102400 | SPS=1239
update 60/390 | step=122880 | SPS=1231
update 70/390 | step=143360 | SPS=1228
update 80/390 | step=163840 | SPS=1225
update 90/390 | step=184320 | SPS=1222
[200016] Regime switch detected! 1 -> 0. Snapshotting anchor model.
update 100/390 | step=204800 | SPS=1230
update 110/390 | step=225280 | SPS=1236
update 120/390 | step=245760 | SPS=1243
update 130/390 | step=266240 | SPS=1251
update 140/390 | step=286720 | SPS=1256
[300016] Regime switch detected! 0 -> 1. Snapshotting anchor model.
update 150/390 | step=307200 | SPS=1260
update 160/390 | step=327680 | SPS=1264
update 170/390 | step=348160 | SPS=1267
update 180/390 | step=368640 | SPS=1265
update 190/390 | step=389120 | SPS=1264
[400016] Regime switch detected! 1 -> 0. Snapshotting anchor model.
update 200/390 | step=409600 | SPS=1266
update 210/390 | step=430080 | SPS=1267
update 220/390 | step=450560 | SPS=1267
update 230/390 | step=471040 | SPS=1264
update 240/390 | step=491520 | SPS=1264
[500016] Regime switch detected! 0 -> 1. Snapshotting anchor model.
update 250/390 | step=512000 | SPS=1263
update 260/390 | step=532480 | SPS=1265
update 270/390 | step=552960 | SPS=1266
update 280/390 | step=573440 | SPS=1267
update 290/390 | step=593920 | SPS=1268
[600016] Regime switch detected! 1 -> 0. Snapshotting anchor model.
update 300/390 | step=614400 | SPS=1268
update 310/390 | step=634880 | SPS=1267
update 320/390 | step=655360 | SPS=1265
update 330/390 | step=675840 | SPS=1263
update 340/390 | step=696320 | SPS=1264
[700016] Regime switch detected! 0 -> 1. Snapshotting anchor model.
update 350/390 | step=716800 | SPS=1265
update 360/390 | step=737280 | SPS=1266
update 370/390 | step=757760 | SPS=1268
update 380/390 | step=778240 | SPS=1269
update 390/390 | step=798720 | SPS=1270
Episode 16/60 | reward=6.6205 | avg10=3.9576 | avg_success_rate=0.8900 | steps=38 | time=631.8s
update 10/390 | step=20480 | SPS=1285
update 20/390 | step=40960 | SPS=1256
update 30/390 | step=61440 | SPS=1239
update 40/390 | step=81920 | SPS=1250
[100016] Regime switch detected! 0 -> 1. Snapshotting anchor model.
update 50/390 | step=102400 | SPS=1245
update 60/390 | step=122880 | SPS=1246
update 70/390 | step=143360 | SPS=1246
update 80/390 | step=163840 | SPS=1249
update 90/390 | step=184320 | SPS=1245
[200016] Regime switch detected! 1 -> 0. Snapshotting anchor model.
update 100/390 | step=204800 | SPS=1249
update 110/390 | step=225280 | SPS=1249
update 120/390 | step=245760 | SPS=1243
update 130/390 | step=266240 | SPS=1244
update 140/390 | step=286720 | SPS=1249
[300016] Regime switch detected! 0 -> 1. Snapshotting anchor model.
update 150/390 | step=307200 | SPS=1249
update 160/390 | step=327680 | SPS=1254
update 170/390 | step=348160 | SPS=1258
update 180/390 | step=368640 | SPS=1260
update 190/390 | step=389120 | SPS=1263
[400016] Regime switch detected! 1 -> 0. Snapshotting anchor model.
update 200/390 | step=409600 | SPS=1266
update 210/390 | step=430080 | SPS=1267
update 220/390 | step=450560 | SPS=1266
update 230/390 | step=471040 | SPS=1267
update 240/390 | step=491520 | SPS=1268
[500016] Regime switch detected! 0 -> 1. Snapshotting anchor model.
update 250/390 | step=512000 | SPS=1272
update 260/390 | step=532480 | SPS=1273
update 270/390 | step=552960 | SPS=1273
update 280/390 | step=573440 | SPS=1273
update 290/390 | step=593920 | SPS=1273
[600016] Regime switch detected! 1 -> 0. Snapshotting anchor model.
update 300/390 | step=614400 | SPS=1272
update 310/390 | step=634880 | SPS=1272
update 320/390 | step=655360 | SPS=1274
update 330/390 | step=675840 | SPS=1275
update 340/390 | step=696320 | SPS=1274
[700016] Regime switch detected! 0 -> 1. Snapshotting anchor model.
update 350/390 | step=716800 | SPS=1271
update 360/390 | step=737280 | SPS=1269
update 370/390 | step=757760 | SPS=1271
update 380/390 | step=778240 | SPS=1273
update 390/390 | step=798720 | SPS=1275
Episode 17/60 | reward=3.7596 | avg10=3.8140 | avg_success_rate=0.9200 | steps=38 | time=629.2s
update 10/390 | step=20480 | SPS=1245
update 20/390 | step=40960 | SPS=1224
update 30/390 | step=61440 | SPS=1209
update 40/390 | step=81920 | SPS=1217
[100016] Regime switch detected! 0 -> 1. Snapshotting anchor model.
update 50/390 | step=102400 | SPS=1233
update 60/390 | step=122880 | SPS=1235
update 70/390 | step=143360 | SPS=1234
update 80/390 | step=163840 | SPS=1234
update 90/390 | step=184320 | SPS=1237
[200016] Regime switch detected! 1 -> 0. Snapshotting anchor model.
update 100/390 | step=204800 | SPS=1247
update 110/390 | step=225280 | SPS=1256
update 120/390 | step=245760 | SPS=1261
update 130/390 | step=266240 | SPS=1265
update 140/390 | step=286720 | SPS=1266
[300016] Regime switch detected! 0 -> 1. Snapshotting anchor model.
update 150/390 | step=307200 | SPS=1270
update 160/390 | step=327680 | SPS=1266
update 170/390 | step=348160 | SPS=1268
update 180/390 | step=368640 | SPS=1268
update 190/390 | step=389120 | SPS=1268
[400016] Regime switch detected! 1 -> 0. Snapshotting anchor model.
update 200/390 | step=409600 | SPS=1268
update 210/390 | step=430080 | SPS=1266
update 220/390 | step=450560 | SPS=1269
update 230/390 | step=471040 | SPS=1271
update 240/390 | step=491520 | SPS=1273
[500016] Regime switch detected! 0 -> 1. Snapshotting anchor model.
update 250/390 | step=512000 | SPS=1275
update 260/390 | step=532480 | SPS=1277
update 270/390 | step=552960 | SPS=1278
update 280/390 | step=573440 | SPS=1277
update 290/390 | step=593920 | SPS=1274
[600016] Regime switch detected! 1 -> 0. Snapshotting anchor model.
update 300/390 | step=614400 | SPS=1270
update 310/390 | step=634880 | SPS=1269
update 320/390 | step=655360 | SPS=1267
update 330/390 | step=675840 | SPS=1265
update 340/390 | step=696320 | SPS=1266
[700016] Regime switch detected! 0 -> 1. Snapshotting anchor model.
update 350/390 | step=716800 | SPS=1267
update 360/390 | step=737280 | SPS=1267
update 370/390 | step=757760 | SPS=1267
update 380/390 | step=778240 | SPS=1266
update 390/390 | step=798720 | SPS=1264
Episode 18/60 | reward=4.0340 | avg10=3.7711 | avg_success_rate=0.9800 | steps=38 | time=634.6s
update 10/390 | step=20480 | SPS=1296
update 20/390 | step=40960 | SPS=1270
update 30/390 | step=61440 | SPS=1252
update 40/390 | step=81920 | SPS=1262
[100016] Regime switch detected! 0 -> 1. Snapshotting anchor model.
update 50/390 | step=102400 | SPS=1259
update 60/390 | step=122880 | SPS=1260
update 70/390 | step=143360 | SPS=1258
update 80/390 | step=163840 | SPS=1262
update 90/390 | step=184320 | SPS=1264
[200016] Regime switch detected! 1 -> 0. Snapshotting anchor model.
update 100/390 | step=204800 | SPS=1273
update 110/390 | step=225280 | SPS=1280
update 120/390 | step=245760 | SPS=1273
update 130/390 | step=266240 | SPS=1275
update 140/390 | step=286720 | SPS=1277
[300016] Regime switch detected! 0 -> 1. Snapshotting anchor model.
update 150/390 | step=307200 | SPS=1278
update 160/390 | step=327680 | SPS=1275
update 170/390 | step=348160 | SPS=1273
update 180/390 | step=368640 | SPS=1269
update 190/390 | step=389120 | SPS=1270
[400016] Regime switch detected! 1 -> 0. Snapshotting anchor model.
update 200/390 | step=409600 | SPS=1274
update 210/390 | step=430080 | SPS=1275
update 220/390 | step=450560 | SPS=1279
update 230/390 | step=471040 | SPS=1278
update 240/390 | step=491520 | SPS=1276
[500016] Regime switch detected! 0 -> 1. Snapshotting anchor model.
update 250/390 | step=512000 | SPS=1273
update 260/390 | step=532480 | SPS=1271
update 270/390 | step=552960 | SPS=1270
update 280/390 | step=573440 | SPS=1270
update 290/390 | step=593920 | SPS=1267
[600016] Regime switch detected! 1 -> 0. Snapshotting anchor model.
update 300/390 | step=614400 | SPS=1264
update 310/390 | step=634880 | SPS=1264
update 320/390 | step=655360 | SPS=1265
update 330/390 | step=675840 | SPS=1267
update 340/390 | step=696320 | SPS=1268
[700016] Regime switch detected! 0 -> 1. Snapshotting anchor model.
update 350/390 | step=716800 | SPS=1268
update 360/390 | step=737280 | SPS=1269
update 370/390 | step=757760 | SPS=1270
update 380/390 | step=778240 | SPS=1270
update 390/390 | step=798720 | SPS=1271
Episode 19/60 | reward=3.4867 | avg10=3.7721 | avg_success_rate=0.7600 | steps=38 | time=631.1s
update 10/390 | step=20480 | SPS=1259
update 20/390 | step=40960 | SPS=1236
update 30/390 | step=61440 | SPS=1228
update 40/390 | step=81920 | SPS=1231
[100016] Regime switch detected! 0 -> 1. Snapshotting anchor model.
update 50/390 | step=102400 | SPS=1228
update 60/390 | step=122880 | SPS=1241
update 70/390 | step=143360 | SPS=1243
update 80/390 | step=163840 | SPS=1241
update 90/390 | step=184320 | SPS=1236
[200016] Regime switch detected! 1 -> 0. Snapshotting anchor model.
update 100/390 | step=204800 | SPS=1240
update 110/390 | step=225280 | SPS=1239
update 120/390 | step=245760 | SPS=1234
update 130/390 | step=266240 | SPS=1238
update 140/390 | step=286720 | SPS=1240
[300016] Regime switch detected! 0 -> 1. Snapshotting anchor model.
update 150/390 | step=307200 | SPS=1238
update 160/390 | step=327680 | SPS=1238
update 170/390 | step=348160 | SPS=1242
update 180/390 | step=368640 | SPS=1241
update 190/390 | step=389120 | SPS=1245
[400016] Regime switch detected! 1 -> 0. Snapshotting anchor model.
update 200/390 | step=409600 | SPS=1247
update 210/390 | step=430080 | SPS=1251
update 220/390 | step=450560 | SPS=1252
update 230/390 | step=471040 | SPS=1252
update 240/390 | step=491520 | SPS=1253
[500016] Regime switch detected! 0 -> 1. Snapshotting anchor model.
update 250/390 | step=512000 | SPS=1253
update 260/390 | step=532480 | SPS=1252
update 270/390 | step=552960 | SPS=1251
update 280/390 | step=573440 | SPS=1254
update 290/390 | step=593920 | SPS=1256
[600016] Regime switch detected! 1 -> 0. Snapshotting anchor model.
update 300/390 | step=614400 | SPS=1257
update 310/390 | step=634880 | SPS=1257
update 320/390 | step=655360 | SPS=1255
update 330/390 | step=675840 | SPS=1252
update 340/390 | step=696320 | SPS=1252
[700016] Regime switch detected! 0 -> 1. Snapshotting anchor model.
update 350/390 | step=716800 | SPS=1253
update 360/390 | step=737280 | SPS=1254
update 370/390 | step=757760 | SPS=1256
update 380/390 | step=778240 | SPS=1256
update 390/390 | step=798720 | SPS=1255
Episode 20/60 | reward=3.8495 | avg10=3.6770 | avg_success_rate=0.8800 | steps=38 | time=639.0s
  [brain ckpt] runs/calib8x8_brain_neuromod_trainable_long_seed6_20260702-044135/episode_20/brain_ep20.pt
update 10/390 | step=20480 | SPS=1276
update 20/390 | step=40960 | SPS=1259
update 30/390 | step=61440 | SPS=1230
update 40/390 | step=81920 | SPS=1239
[100016] Regime switch detected! 0 -> 1. Snapshotting anchor model.
update 50/390 | step=102400 | SPS=1246
update 60/390 | step=122880 | SPS=1248
update 70/390 | step=143360 | SPS=1260
update 80/390 | step=163840 | SPS=1271
update 90/390 | step=184320 | SPS=1274
[200016] Regime switch detected! 1 -> 0. Snapshotting anchor model.
update 100/390 | step=204800 | SPS=1275
update 110/390 | step=225280 | SPS=1272
update 120/390 | step=245760 | SPS=1268
update 130/390 | step=266240 | SPS=1271
update 140/390 | step=286720 | SPS=1273
[300016] Regime switch detected! 0 -> 1. Snapshotting anchor model.
update 150/390 | step=307200 | SPS=1270
update 160/390 | step=327680 | SPS=1264
update 170/390 | step=348160 | SPS=1261
update 180/390 | step=368640 | SPS=1262
update 190/390 | step=389120 | SPS=1263
[400016] Regime switch detected! 1 -> 0. Snapshotting anchor model.
update 200/390 | step=409600 | SPS=1264
update 210/390 | step=430080 | SPS=1267
update 220/390 | step=450560 | SPS=1267
update 230/390 | step=471040 | SPS=1268
update 240/390 | step=491520 | SPS=1270
[500016] Regime switch detected! 0 -> 1. Snapshotting anchor model.
update 250/390 | step=512000 | SPS=1267
update 260/390 | step=532480 | SPS=1264
update 270/390 | step=552960 | SPS=1265
update 280/390 | step=573440 | SPS=1267
update 290/390 | step=593920 | SPS=1269
[600016] Regime switch detected! 1 -> 0. Snapshotting anchor model.
update 300/390 | step=614400 | SPS=1272
update 310/390 | step=634880 | SPS=1273
update 320/390 | step=655360 | SPS=1274
update 330/390 | step=675840 | SPS=1273
update 340/390 | step=696320 | SPS=1272
[700016] Regime switch detected! 0 -> 1. Snapshotting anchor model.
update 350/390 | step=716800 | SPS=1271
update 360/390 | step=737280 | SPS=1274
update 370/390 | step=757760 | SPS=1274
update 380/390 | step=778240 | SPS=1273
update 390/390 | step=798720 | SPS=1270
Episode 21/60 | reward=5.9927 | avg10=3.9757 | avg_success_rate=0.9200 | steps=38 | time=631.7s
update 10/390 | step=20480 | SPS=1275
update 20/390 | step=40960 | SPS=1248
update 30/390 | step=61440 | SPS=1253
update 40/390 | step=81920 | SPS=1267
[100016] Regime switch detected! 0 -> 1. Snapshotting anchor model.
update 50/390 | step=102400 | SPS=1269
update 60/390 | step=122880 | SPS=1256
update 70/390 | step=143360 | SPS=1257
update 80/390 | step=163840 | SPS=1262
update 90/390 | step=184320 | SPS=1256
[200016] Regime switch detected! 1 -> 0. Snapshotting anchor model.
update 100/390 | step=204800 | SPS=1258
update 110/390 | step=225280 | SPS=1264
update 120/390 | step=245760 | SPS=1261
update 130/390 | step=266240 | SPS=1261
update 140/390 | step=286720 | SPS=1262
[300016] Regime switch detected! 0 -> 1. Snapshotting anchor model.
update 150/390 | step=307200 | SPS=1260
update 160/390 | step=327680 | SPS=1258
update 170/390 | step=348160 | SPS=1253
update 180/390 | step=368640 | SPS=1250
update 190/390 | step=389120 | SPS=1247
[400016] Regime switch detected! 1 -> 0. Snapshotting anchor model.
update 200/390 | step=409600 | SPS=1246
update 210/390 | step=430080 | SPS=1246
update 220/390 | step=450560 | SPS=1248
update 230/390 | step=471040 | SPS=1249
update 240/390 | step=491520 | SPS=1247
[500016] Regime switch detected! 0 -> 1. Snapshotting anchor model.
update 250/390 | step=512000 | SPS=1247
update 260/390 | step=532480 | SPS=1247
update 270/390 | step=552960 | SPS=1246
update 280/390 | step=573440 | SPS=1247
update 290/390 | step=593920 | SPS=1248
[600016] Regime switch detected! 1 -> 0. Snapshotting anchor model.
update 300/390 | step=614400 | SPS=1249
update 310/390 | step=634880 | SPS=1249
update 320/390 | step=655360 | SPS=1251
update 330/390 | step=675840 | SPS=1253
update 340/390 | step=696320 | SPS=1252
[700016] Regime switch detected! 0 -> 1. Snapshotting anchor model.
update 350/390 | step=716800 | SPS=1254
update 360/390 | step=737280 | SPS=1256
update 370/390 | step=757760 | SPS=1259
update 380/390 | step=778240 | SPS=1261
update 390/390 | step=798720 | SPS=1262
Episode 22/60 | reward=3.4480 | avg10=3.8654 | avg_success_rate=0.8900 | steps=38 | time=635.5s
update 10/390 | step=20480 | SPS=1409
update 20/390 | step=40960 | SPS=1357
update 30/390 | step=61440 | SPS=1323
update 40/390 | step=81920 | SPS=1307
[100016] Regime switch detected! 0 -> 1. Snapshotting anchor model.
update 50/390 | step=102400 | SPS=1299
update 60/390 | step=122880 | SPS=1295
update 70/390 | step=143360 | SPS=1291
update 80/390 | step=163840 | SPS=1281
update 90/390 | step=184320 | SPS=1274
[200016] Regime switch detected! 1 -> 0. Snapshotting anchor model.
update 100/390 | step=204800 | SPS=1270
update 110/390 | step=225280 | SPS=1265
update 120/390 | step=245760 | SPS=1260
update 130/390 | step=266240 | SPS=1257
update 140/390 | step=286720 | SPS=1264
[300016] Regime switch detected! 0 -> 1. Snapshotting anchor model.
update 150/390 | step=307200 | SPS=1268
update 160/390 | step=327680 | SPS=1272
update 170/390 | step=348160 | SPS=1273
update 180/390 | step=368640 | SPS=1276
update 190/390 | step=389120 | SPS=1275
[400016] Regime switch detected! 1 -> 0. Snapshotting anchor model.
update 200/390 | step=409600 | SPS=1270
update 210/390 | step=430080 | SPS=1268
update 220/390 | step=450560 | SPS=1267
update 230/390 | step=471040 | SPS=1265
update 240/390 | step=491520 | SPS=1260
[500016] Regime switch detected! 0 -> 1. Snapshotting anchor model.
update 250/390 | step=512000 | SPS=1259
update 260/390 | step=532480 | SPS=1261
update 270/390 | step=552960 | SPS=1258
update 280/390 | step=573440 | SPS=1258
update 290/390 | step=593920 | SPS=1259
[600016] Regime switch detected! 1 -> 0. Snapshotting anchor model.
update 300/390 | step=614400 | SPS=1262
update 310/390 | step=634880 | SPS=1265
update 320/390 | step=655360 | SPS=1266
update 330/390 | step=675840 | SPS=1268
update 340/390 | step=696320 | SPS=1270
[700016] Regime switch detected! 0 -> 1. Snapshotting anchor model.
update 350/390 | step=716800 | SPS=1272
update 360/390 | step=737280 | SPS=1272
update 370/390 | step=757760 | SPS=1272
update 380/390 | step=778240 | SPS=1269
update 390/390 | step=798720 | SPS=1268
Episode 23/60 | reward=3.3841 | avg10=3.9101 | avg_success_rate=0.9400 | steps=38 | time=632.8s
update 10/390 | step=20480 | SPS=1239
update 20/390 | step=40960 | SPS=1213
update 30/390 | step=61440 | SPS=1205
update 40/390 | step=81920 | SPS=1201
[100016] Regime switch detected! 0 -> 1. Snapshotting anchor model.
update 50/390 | step=102400 | SPS=1204
update 60/390 | step=122880 | SPS=1208
update 70/390 | step=143360 | SPS=1218
update 80/390 | step=163840 | SPS=1223
update 90/390 | step=184320 | SPS=1233
[200016] Regime switch detected! 1 -> 0. Snapshotting anchor model.
update 100/390 | step=204800 | SPS=1232
update 110/390 | step=225280 | SPS=1234
update 120/390 | step=245760 | SPS=1238
update 130/390 | step=266240 | SPS=1242
update 140/390 | step=286720 | SPS=1245
[300016] Regime switch detected! 0 -> 1. Snapshotting anchor model.
update 150/390 | step=307200 | SPS=1243
update 160/390 | step=327680 | SPS=1245
update 170/390 | step=348160 | SPS=1245
update 180/390 | step=368640 | SPS=1243
update 190/390 | step=389120 | SPS=1246
[400016] Regime switch detected! 1 -> 0. Snapshotting anchor model.
update 200/390 | step=409600 | SPS=1251
update 210/390 | step=430080 | SPS=1250
update 220/390 | step=450560 | SPS=1253
update 230/390 | step=471040 | SPS=1256
update 240/390 | step=491520 | SPS=1255
[500016] Regime switch detected! 0 -> 1. Snapshotting anchor model.
update 250/390 | step=512000 | SPS=1258
update 260/390 | step=532480 | SPS=1259
update 270/390 | step=552960 | SPS=1261
update 280/390 | step=573440 | SPS=1265
update 290/390 | step=593920 | SPS=1265
[600016] Regime switch detected! 1 -> 0. Snapshotting anchor model.
update 300/390 | step=614400 | SPS=1268
update 310/390 | step=634880 | SPS=1270
update 320/390 | step=655360 | SPS=1269
update 330/390 | step=675840 | SPS=1271
update 340/390 | step=696320 | SPS=1272
[700016] Regime switch detected! 0 -> 1. Snapshotting anchor model.
update 350/390 | step=716800 | SPS=1271
update 360/390 | step=737280 | SPS=1273
update 370/390 | step=757760 | SPS=1274
update 380/390 | step=778240 | SPS=1275
update 390/390 | step=798720 | SPS=1275
Episode 24/60 | reward=3.2705 | avg10=3.9489 | avg_success_rate=0.9300 | steps=38 | time=629.2s
update 10/390 | step=20480 | SPS=1333
update 20/390 | step=40960 | SPS=1264
update 30/390 | step=61440 | SPS=1256
update 40/390 | step=81920 | SPS=1243
[100016] Regime switch detected! 0 -> 1. Snapshotting anchor model.
update 50/390 | step=102400 | SPS=1231
update 60/390 | step=122880 | SPS=1229
update 70/390 | step=143360 | SPS=1232
update 80/390 | step=163840 | SPS=1245
update 90/390 | step=184320 | SPS=1246
[200016] Regime switch detected! 1 -> 0. Snapshotting anchor model.
update 100/390 | step=204800 | SPS=1245
update 110/390 | step=225280 | SPS=1242
update 120/390 | step=245760 | SPS=1247
update 130/390 | step=266240 | SPS=1253
update 140/390 | step=286720 | SPS=1254
[300016] Regime switch detected! 0 -> 1. Snapshotting anchor model.
update 150/390 | step=307200 | SPS=1257
update 160/390 | step=327680 | SPS=1256
update 170/390 | step=348160 | SPS=1251
update 180/390 | step=368640 | SPS=1251
update 190/390 | step=389120 | SPS=1253
[400016] Regime switch detected! 1 -> 0. Snapshotting anchor model.
update 200/390 | step=409600 | SPS=1251
update 210/390 | step=430080 | SPS=1250
update 220/390 | step=450560 | SPS=1248
update 230/390 | step=471040 | SPS=1246
update 240/390 | step=491520 | SPS=1245
[500016] Regime switch detected! 0 -> 1. Snapshotting anchor model.
update 250/390 | step=512000 | SPS=1246
update 260/390 | step=532480 | SPS=1246
update 270/390 | step=552960 | SPS=1246
update 280/390 | step=573440 | SPS=1247
update 290/390 | step=593920 | SPS=1249
[600016] Regime switch detected! 1 -> 0. Snapshotting anchor model.
update 300/390 | step=614400 | SPS=1251
update 310/390 | step=634880 | SPS=1252
update 320/390 | step=655360 | SPS=1254
update 330/390 | step=675840 | SPS=1255
update 340/390 | step=696320 | SPS=1259
[700016] Regime switch detected! 0 -> 1. Snapshotting anchor model.
update 350/390 | step=716800 | SPS=1260
update 360/390 | step=737280 | SPS=1258
update 370/390 | step=757760 | SPS=1256
update 380/390 | step=778240 | SPS=1256
update 390/390 | step=798720 | SPS=1257
Episode 25/60 | reward=2.7219 | avg10=4.0567 | avg_success_rate=0.8700 | steps=38 | time=638.2s
  [brain ckpt] runs/calib8x8_brain_neuromod_trainable_long_seed6_20260702-044135/episode_25/brain_ep25.pt
update 10/390 | step=20480 | SPS=1355
update 20/390 | step=40960 | SPS=1275
update 30/390 | step=61440 | SPS=1246
update 40/390 | step=81920 | SPS=1243
[100016] Regime switch detected! 0 -> 1. Snapshotting anchor model.
update 50/390 | step=102400 | SPS=1237
update 60/390 | step=122880 | SPS=1231
update 70/390 | step=143360 | SPS=1246
update 80/390 | step=163840 | SPS=1258
update 90/390 | step=184320 | SPS=1264
[200016] Regime switch detected! 1 -> 0. Snapshotting anchor model.
update 100/390 | step=204800 | SPS=1271
update 110/390 | step=225280 | SPS=1278
update 120/390 | step=245760 | SPS=1280
update 130/390 | step=266240 | SPS=1275
update 140/390 | step=286720 | SPS=1270
[300016] Regime switch detected! 0 -> 1. Snapshotting anchor model.
update 150/390 | step=307200 | SPS=1263
update 160/390 | step=327680 | SPS=1261
update 170/390 | step=348160 | SPS=1260
update 180/390 | step=368640 | SPS=1261
update 190/390 | step=389120 | SPS=1262
[400016] Regime switch detected! 1 -> 0. Snapshotting anchor model.
update 200/390 | step=409600 | SPS=1263
update 210/390 | step=430080 | SPS=1267
update 220/390 | step=450560 | SPS=1268
update 230/390 | step=471040 | SPS=1269
update 240/390 | step=491520 | SPS=1267
[500016] Regime switch detected! 0 -> 1. Snapshotting anchor model.
update 250/390 | step=512000 | SPS=1262
update 260/390 | step=532480 | SPS=1260
update 270/390 | step=552960 | SPS=1262
update 280/390 | step=573440 | SPS=1263
update 290/390 | step=593920 | SPS=1264
[600016] Regime switch detected! 1 -> 0. Snapshotting anchor model.
update 300/390 | step=614400 | SPS=1261
update 310/390 | step=634880 | SPS=1260
update 320/390 | step=655360 | SPS=1258
update 330/390 | step=675840 | SPS=1255
update 340/390 | step=696320 | SPS=1255
[700016] Regime switch detected! 0 -> 1. Snapshotting anchor model.
update 350/390 | step=716800 | SPS=1254
update 360/390 | step=737280 | SPS=1253
update 370/390 | step=757760 | SPS=1254
update 380/390 | step=778240 | SPS=1253
update 390/390 | step=798720 | SPS=1251
Episode 26/60 | reward=4.5584 | avg10=3.8505 | avg_success_rate=0.9900 | steps=38 | time=641.2s
update 10/390 | step=20480 | SPS=1250
update 20/390 | step=40960 | SPS=1222
update 30/390 | step=61440 | SPS=1259
update 40/390 | step=81920 | SPS=1274
[100016] Regime switch detected! 0 -> 1. Snapshotting anchor model.
update 50/390 | step=102400 | SPS=1273
update 60/390 | step=122880 | SPS=1261
update 70/390 | step=143360 | SPS=1270
update 80/390 | step=163840 | SPS=1270
update 90/390 | step=184320 | SPS=1272
[200016] Regime switch detected! 1 -> 0. Snapshotting anchor model.
update 100/390 | step=204800 | SPS=1278
update 110/390 | step=225280 | SPS=1281
update 120/390 | step=245760 | SPS=1286
update 130/390 | step=266240 | SPS=1285
update 140/390 | step=286720 | SPS=1287
[300016] Regime switch detected! 0 -> 1. Snapshotting anchor model.
update 150/390 | step=307200 | SPS=1290
update 160/390 | step=327680 | SPS=1285
update 170/390 | step=348160 | SPS=1281
update 180/390 | step=368640 | SPS=1278
update 190/390 | step=389120 | SPS=1273
[400016] Regime switch detected! 1 -> 0. Snapshotting anchor model.
update 200/390 | step=409600 | SPS=1274
update 210/390 | step=430080 | SPS=1274
update 220/390 | step=450560 | SPS=1274
update 230/390 | step=471040 | SPS=1276
update 240/390 | step=491520 | SPS=1276
[500016] Regime switch detected! 0 -> 1. Snapshotting anchor model.
update 250/390 | step=512000 | SPS=1277
update 260/390 | step=532480 | SPS=1278
update 270/390 | step=552960 | SPS=1279
update 280/390 | step=573440 | SPS=1281
update 290/390 | step=593920 | SPS=1279
[600016] Regime switch detected! 1 -> 0. Snapshotting anchor model.
update 300/390 | step=614400 | SPS=1277
update 310/390 | step=634880 | SPS=1274
update 320/390 | step=655360 | SPS=1272
update 330/390 | step=675840 | SPS=1273
update 340/390 | step=696320 | SPS=1271
[700016] Regime switch detected! 0 -> 1. Snapshotting anchor model.
update 350/390 | step=716800 | SPS=1273
update 360/390 | step=737280 | SPS=1274
update 370/390 | step=757760 | SPS=1276
update 380/390 | step=778240 | SPS=1277
update 390/390 | step=798720 | SPS=1278
Episode 27/60 | reward=5.8711 | avg10=4.0617 | avg_success_rate=0.8500 | steps=38 | time=628.0s
update 10/390 | step=20480 | SPS=1309
update 20/390 | step=40960 | SPS=1309
update 30/390 | step=61440 | SPS=1292
update 40/390 | step=81920 | SPS=1270
[100016] Regime switch detected! 0 -> 1. Snapshotting anchor model.
update 50/390 | step=102400 | SPS=1252
update 60/390 | step=122880 | SPS=1247
update 70/390 | step=143360 | SPS=1246
update 80/390 | step=163840 | SPS=1250
update 90/390 | step=184320 | SPS=1254
[200016] Regime switch detected! 1 -> 0. Snapshotting anchor model.
update 100/390 | step=204800 | SPS=1261
update 110/390 | step=225280 | SPS=1265
update 120/390 | step=245760 | SPS=1269
update 130/390 | step=266240 | SPS=1272
update 140/390 | step=286720 | SPS=1276
[300016] Regime switch detected! 0 -> 1. Snapshotting anchor model.
update 150/390 | step=307200 | SPS=1279
update 160/390 | step=327680 | SPS=1279
update 170/390 | step=348160 | SPS=1277
update 180/390 | step=368640 | SPS=1273
update 190/390 | step=389120 | SPS=1270
[400016] Regime switch detected! 1 -> 0. Snapshotting anchor model.
update 200/390 | step=409600 | SPS=1272
update 210/390 | step=430080 | SPS=1271
update 220/390 | step=450560 | SPS=1271
update 230/390 | step=471040 | SPS=1271
update 240/390 | step=491520 | SPS=1271
[500016] Regime switch detected! 0 -> 1. Snapshotting anchor model.
update 250/390 | step=512000 | SPS=1275
update 260/390 | step=532480 | SPS=1274
update 270/390 | step=552960 | SPS=1276
update 280/390 | step=573440 | SPS=1277
update 290/390 | step=593920 | SPS=1278
[600016] Regime switch detected! 1 -> 0. Snapshotting anchor model.
update 300/390 | step=614400 | SPS=1280
update 310/390 | step=634880 | SPS=1281
update 320/390 | step=655360 | SPS=1279
update 330/390 | step=675840 | SPS=1279
update 340/390 | step=696320 | SPS=1279
[700016] Regime switch detected! 0 -> 1. Snapshotting anchor model.
update 350/390 | step=716800 | SPS=1281
update 360/390 | step=737280 | SPS=1282
update 370/390 | step=757760 | SPS=1283
update 380/390 | step=778240 | SPS=1284
update 390/390 | step=798720 | SPS=1283
Episode 28/60 | reward=4.9165 | avg10=4.1499 | avg_success_rate=0.7800 | steps=38 | time=625.6s
update 10/390 | step=20480 | SPS=1285
update 20/390 | step=40960 | SPS=1240
update 30/390 | step=61440 | SPS=1232
update 40/390 | step=81920 | SPS=1228
[100016] Regime switch detected! 0 -> 1. Snapshotting anchor model.
update 50/390 | step=102400 | SPS=1219
update 60/390 | step=122880 | SPS=1215
update 70/390 | step=143360 | SPS=1231
update 80/390 | step=163840 | SPS=1241
update 90/390 | step=184320 | SPS=1246
[200016] Regime switch detected! 1 -> 0. Snapshotting anchor model.
update 100/390 | step=204800 | SPS=1247
update 110/390 | step=225280 | SPS=1242
update 120/390 | step=245760 | SPS=1239
update 130/390 | step=266240 | SPS=1239
update 140/390 | step=286720 | SPS=1245
[300016] Regime switch detected! 0 -> 1. Snapshotting anchor model.
update 150/390 | step=307200 | SPS=1250
update 160/390 | step=327680 | SPS=1256
update 170/390 | step=348160 | SPS=1262
update 180/390 | step=368640 | SPS=1264
update 190/390 | step=389120 | SPS=1266
[400016] Regime switch detected! 1 -> 0. Snapshotting anchor model.
update 200/390 | step=409600 | SPS=1269
update 210/390 | step=430080 | SPS=1268
update 220/390 | step=450560 | SPS=1271
update 230/390 | step=471040 | SPS=1272
update 240/390 | step=491520 | SPS=1274
[500016] Regime switch detected! 0 -> 1. Snapshotting anchor model.
update 250/390 | step=512000 | SPS=1273
update 260/390 | step=532480 | SPS=1275
update 270/390 | step=552960 | SPS=1277
update 280/390 | step=573440 | SPS=1276
update 290/390 | step=593920 | SPS=1277
[600016] Regime switch detected! 1 -> 0. Snapshotting anchor model.
update 300/390 | step=614400 | SPS=1275
update 310/390 | step=634880 | SPS=1276
update 320/390 | step=655360 | SPS=1277
update 330/390 | step=675840 | SPS=1279
update 340/390 | step=696320 | SPS=1281
[700016] Regime switch detected! 0 -> 1. Snapshotting anchor model.
update 350/390 | step=716800 | SPS=1282
update 360/390 | step=737280 | SPS=1279
update 370/390 | step=757760 | SPS=1280
update 380/390 | step=778240 | SPS=1280
update 390/390 | step=798720 | SPS=1279
Episode 29/60 | reward=4.6239 | avg10=4.2636 | avg_success_rate=0.8000 | steps=38 | time=627.4s
update 10/390 | step=20480 | SPS=1414
update 20/390 | step=40960 | SPS=1370
update 30/390 | step=61440 | SPS=1329
update 40/390 | step=81920 | SPS=1297
[100016] Regime switch detected! 0 -> 1. Snapshotting anchor model.
update 50/390 | step=102400 | SPS=1293
update 60/390 | step=122880 | SPS=1279
update 70/390 | step=143360 | SPS=1271
update 80/390 | step=163840 | SPS=1271
update 90/390 | step=184320 | SPS=1269
[200016] Regime switch detected! 1 -> 0. Snapshotting anchor model.
update 100/390 | step=204800 | SPS=1273
update 110/390 | step=225280 | SPS=1277
update 120/390 | step=245760 | SPS=1281
update 130/390 | step=266240 | SPS=1286
update 140/390 | step=286720 | SPS=1289
[300016] Regime switch detected! 0 -> 1. Snapshotting anchor model.
update 150/390 | step=307200 | SPS=1292
update 160/390 | step=327680 | SPS=1295
update 170/390 | step=348160 | SPS=1293
update 180/390 | step=368640 | SPS=1296
update 190/390 | step=389120 | SPS=1300
[400016] Regime switch detected! 1 -> 0. Snapshotting anchor model.
update 200/390 | step=409600 | SPS=1301
update 210/390 | step=430080 | SPS=1300
update 220/390 | step=450560 | SPS=1297
update 230/390 | step=471040 | SPS=1296
update 240/390 | step=491520 | SPS=1293
[500016] Regime switch detected! 0 -> 1. Snapshotting anchor model.
update 250/390 | step=512000 | SPS=1293
update 260/390 | step=532480 | SPS=1294
update 270/390 | step=552960 | SPS=1291
update 280/390 | step=573440 | SPS=1287
update 290/390 | step=593920 | SPS=1288
[600016] Regime switch detected! 1 -> 0. Snapshotting anchor model.
update 300/390 | step=614400 | SPS=1289
update 310/390 | step=634880 | SPS=1289
update 320/390 | step=655360 | SPS=1289
update 330/390 | step=675840 | SPS=1290
update 340/390 | step=696320 | SPS=1291
[700016] Regime switch detected! 0 -> 1. Snapshotting anchor model.
update 350/390 | step=716800 | SPS=1292
update 360/390 | step=737280 | SPS=1289
update 370/390 | step=757760 | SPS=1288
update 380/390 | step=778240 | SPS=1287
update 390/390 | step=798720 | SPS=1284
Episode 30/60 | reward=6.2361 | avg10=4.5023 | avg_success_rate=0.7400 | steps=38 | time=624.7s
  [brain ckpt] runs/calib8x8_brain_neuromod_trainable_long_seed6_20260702-044135/episode_30/brain_ep30.pt
update 10/390 | step=20480 | SPS=1285
update 20/390 | step=40960 | SPS=1251
update 30/390 | step=61440 | SPS=1250
update 40/390 | step=81920 | SPS=1260
[100016] Regime switch detected! 0 -> 1. Snapshotting anchor model.
update 50/390 | step=102400 | SPS=1263
update 60/390 | step=122880 | SPS=1272
update 70/390 | step=143360 | SPS=1268
update 80/390 | step=163840 | SPS=1269
update 90/390 | step=184320 | SPS=1267
[200016] Regime switch detected! 1 -> 0. Snapshotting anchor model.
update 100/390 | step=204800 | SPS=1277
update 110/390 | step=225280 | SPS=1280
update 120/390 | step=245760 | SPS=1284
update 130/390 | step=266240 | SPS=1289
update 140/390 | step=286720 | SPS=1280
[300016] Regime switch detected! 0 -> 1. Snapshotting anchor model.
update 150/390 | step=307200 | SPS=1274
update 160/390 | step=327680 | SPS=1276
update 170/390 | step=348160 | SPS=1277
update 180/390 | step=368640 | SPS=1272
update 190/390 | step=389120 | SPS=1274
[400016] Regime switch detected! 1 -> 0. Snapshotting anchor model.
update 200/390 | step=409600 | SPS=1275
update 210/390 | step=430080 | SPS=1276
update 220/390 | step=450560 | SPS=1274
update 230/390 | step=471040 | SPS=1277
update 240/390 | step=491520 | SPS=1280
[500016] Regime switch detected! 0 -> 1. Snapshotting anchor model.
update 250/390 | step=512000 | SPS=1281
update 260/390 | step=532480 | SPS=1282
update 270/390 | step=552960 | SPS=1283
update 280/390 | step=573440 | SPS=1283
update 290/390 | step=593920 | SPS=1283
[600016] Regime switch detected! 1 -> 0. Snapshotting anchor model.
update 300/390 | step=614400 | SPS=1284
update 310/390 | step=634880 | SPS=1285
update 320/390 | step=655360 | SPS=1284
update 330/390 | step=675840 | SPS=1285
update 340/390 | step=696320 | SPS=1287
[700016] Regime switch detected! 0 -> 1. Snapshotting anchor model.
update 350/390 | step=716800 | SPS=1289
update 360/390 | step=737280 | SPS=1289
update 370/390 | step=757760 | SPS=1290
update 380/390 | step=778240 | SPS=1291
update 390/390 | step=798720 | SPS=1292
Episode 31/60 | reward=4.8596 | avg10=4.3890 | avg_success_rate=0.6700 | steps=38 | time=621.0s
update 10/390 | step=20480 | SPS=1290
update 20/390 | step=40960 | SPS=1241
update 30/390 | step=61440 | SPS=1222
update 40/390 | step=81920 | SPS=1233
[100016] Regime switch detected! 0 -> 1. Snapshotting anchor model.
update 50/390 | step=102400 | SPS=1240
update 60/390 | step=122880 | SPS=1247
update 70/390 | step=143360 | SPS=1243
update 80/390 | step=163840 | SPS=1237
update 90/390 | step=184320 | SPS=1238
[200016] Regime switch detected! 1 -> 0. Snapshotting anchor model.
update 100/390 | step=204800 | SPS=1241
update 110/390 | step=225280 | SPS=1243
update 120/390 | step=245760 | SPS=1237
update 130/390 | step=266240 | SPS=1233
update 140/390 | step=286720 | SPS=1232
[300016] Regime switch detected! 0 -> 1. Snapshotting anchor model.
update 150/390 | step=307200 | SPS=1233
update 160/390 | step=327680 | SPS=1238
update 170/390 | step=348160 | SPS=1239
update 180/390 | step=368640 | SPS=1236
update 190/390 | step=389120 | SPS=1237
[400016] Regime switch detected! 1 -> 0. Snapshotting anchor model.
update 200/390 | step=409600 | SPS=1241
update 210/390 | step=430080 | SPS=1244
update 220/390 | step=450560 | SPS=1247
update 230/390 | step=471040 | SPS=1250
update 240/390 | step=491520 | SPS=1254
[500016] Regime switch detected! 0 -> 1. Snapshotting anchor model.
update 250/390 | step=512000 | SPS=1258
update 260/390 | step=532480 | SPS=1260
update 270/390 | step=552960 | SPS=1259
update 280/390 | step=573440 | SPS=1258
update 290/390 | step=593920 | SPS=1256
[600016] Regime switch detected! 1 -> 0. Snapshotting anchor model.
update 300/390 | step=614400 | SPS=1256
update 310/390 | step=634880 | SPS=1257
update 320/390 | step=655360 | SPS=1257
update 330/390 | step=675840 | SPS=1257
update 340/390 | step=696320 | SPS=1258
[700016] Regime switch detected! 0 -> 1. Snapshotting anchor model.
update 350/390 | step=716800 | SPS=1258
update 360/390 | step=737280 | SPS=1261
update 370/390 | step=757760 | SPS=1263
update 380/390 | step=778240 | SPS=1261
update 390/390 | step=798720 | SPS=1259
Episode 32/60 | reward=4.2515 | avg10=4.4694 | avg_success_rate=0.9700 | steps=38 | time=637.2s
update 10/390 | step=20480 | SPS=1276
update 20/390 | step=40960 | SPS=1272
update 30/390 | step=61440 | SPS=1272
update 40/390 | step=81920 | SPS=1287
[100016] Regime switch detected! 0 -> 1. Snapshotting anchor model.
update 50/390 | step=102400 | SPS=1287
update 60/390 | step=122880 | SPS=1286
update 70/390 | step=143360 | SPS=1283
update 80/390 | step=163840 | SPS=1276
update 90/390 | step=184320 | SPS=1270
[200016] Regime switch detected! 1 -> 0. Snapshotting anchor model.
update 100/390 | step=204800 | SPS=1266
update 110/390 | step=225280 | SPS=1261
update 120/390 | step=245760 | SPS=1265
update 130/390 | step=266240 | SPS=1265
update 140/390 | step=286720 | SPS=1262
[300016] Regime switch detected! 0 -> 1. Snapshotting anchor model.
update 150/390 | step=307200 | SPS=1260
update 160/390 | step=327680 | SPS=1260
update 170/390 | step=348160 | SPS=1257
update 180/390 | step=368640 | SPS=1256
update 190/390 | step=389120 | SPS=1253
[400016] Regime switch detected! 1 -> 0. Snapshotting anchor model.
update 200/390 | step=409600 | SPS=1256
update 210/390 | step=430080 | SPS=1254
update 220/390 | step=450560 | SPS=1256
update 230/390 | step=471040 | SPS=1256
update 240/390 | step=491520 | SPS=1258
[500016] Regime switch detected! 0 -> 1. Snapshotting anchor model.
update 250/390 | step=512000 | SPS=1257
update 260/390 | step=532480 | SPS=1259
update 270/390 | step=552960 | SPS=1261
update 280/390 | step=573440 | SPS=1264
update 290/390 | step=593920 | SPS=1266
[600016] Regime switch detected! 1 -> 0. Snapshotting anchor model.
update 300/390 | step=614400 | SPS=1269
update 310/390 | step=634880 | SPS=1271
update 320/390 | step=655360 | SPS=1272
update 330/390 | step=675840 | SPS=1273
update 340/390 | step=696320 | SPS=1274
[700016] Regime switch detected! 0 -> 1. Snapshotting anchor model.
update 350/390 | step=716800 | SPS=1275
update 360/390 | step=737280 | SPS=1277
update 370/390 | step=757760 | SPS=1279
update 380/390 | step=778240 | SPS=1279
update 390/390 | step=798720 | SPS=1280
Episode 33/60 | reward=4.9665 | avg10=4.6276 | avg_success_rate=0.9900 | steps=38 | time=626.8s
update 10/390 | step=20480 | SPS=1249
update 20/390 | step=40960 | SPS=1223
update 30/390 | step=61440 | SPS=1214
update 40/390 | step=81920 | SPS=1237
[100016] Regime switch detected! 0 -> 1. Snapshotting anchor model.
update 50/390 | step=102400 | SPS=1240
update 60/390 | step=122880 | SPS=1250
update 70/390 | step=143360 | SPS=1254
update 80/390 | step=163840 | SPS=1249
update 90/390 | step=184320 | SPS=1238
[200016] Regime switch detected! 1 -> 0. Snapshotting anchor model.
update 100/390 | step=204800 | SPS=1237
update 110/390 | step=225280 | SPS=1239
update 120/390 | step=245760 | SPS=1242
update 130/390 | step=266240 | SPS=1245
update 140/390 | step=286720 | SPS=1248
[300016] Regime switch detected! 0 -> 1. Snapshotting anchor model.
update 150/390 | step=307200 | SPS=1246
update 160/390 | step=327680 | SPS=1245
update 170/390 | step=348160 | SPS=1242
update 180/390 | step=368640 | SPS=1238
update 190/390 | step=389120 | SPS=1237
[400016] Regime switch detected! 1 -> 0. Snapshotting anchor model.
update 200/390 | step=409600 | SPS=1239
update 210/390 | step=430080 | SPS=1244
update 220/390 | step=450560 | SPS=1241
update 230/390 | step=471040 | SPS=1239
update 240/390 | step=491520 | SPS=1238
[500016] Regime switch detected! 0 -> 1. Snapshotting anchor model.
update 250/390 | step=512000 | SPS=1236
update 260/390 | step=532480 | SPS=1235
update 270/390 | step=552960 | SPS=1235
update 280/390 | step=573440 | SPS=1233
update 290/390 | step=593920 | SPS=1232
[600016] Regime switch detected! 1 -> 0. Snapshotting anchor model.
update 300/390 | step=614400 | SPS=1230
update 310/390 | step=634880 | SPS=1230
update 320/390 | step=655360 | SPS=1230
update 330/390 | step=675840 | SPS=1231
update 340/390 | step=696320 | SPS=1232
[700016] Regime switch detected! 0 -> 1. Snapshotting anchor model.
update 350/390 | step=716800 | SPS=1232
update 360/390 | step=737280 | SPS=1231
update 370/390 | step=757760 | SPS=1232
update 380/390 | step=778240 | SPS=1232
update 390/390 | step=798720 | SPS=1231
Episode 34/60 | reward=2.7466 | avg10=4.5752 | avg_success_rate=0.8600 | steps=38 | time=651.8s
update 10/390 | step=20480 | SPS=1243
update 20/390 | step=40960 | SPS=1224
update 30/390 | step=61440 | SPS=1214
update 40/390 | step=81920 | SPS=1212
[100016] Regime switch detected! 0 -> 1. Snapshotting anchor model.
update 50/390 | step=102400 | SPS=1208
update 60/390 | step=122880 | SPS=1216
update 70/390 | step=143360 | SPS=1226
update 80/390 | step=163840 | SPS=1232
update 90/390 | step=184320 | SPS=1234
[200016] Regime switch detected! 1 -> 0. Snapshotting anchor model.
update 100/390 | step=204800 | SPS=1242
update 110/390 | step=225280 | SPS=1248
update 120/390 | step=245760 | SPS=1249
update 130/390 | step=266240 | SPS=1247
update 140/390 | step=286720 | SPS=1245
[300016] Regime switch detected! 0 -> 1. Snapshotting anchor model.
update 150/390 | step=307200 | SPS=1245
update 160/390 | step=327680 | SPS=1245
update 170/390 | step=348160 | SPS=1247
update 180/390 | step=368640 | SPS=1247
update 190/390 | step=389120 | SPS=1248
[400016] Regime switch detected! 1 -> 0. Snapshotting anchor model.
update 200/390 | step=409600 | SPS=1249
update 210/390 | step=430080 | SPS=1253
update 220/390 | step=450560 | SPS=1255
update 230/390 | step=471040 | SPS=1256
update 240/390 | step=491520 | SPS=1256
[500016] Regime switch detected! 0 -> 1. Snapshotting anchor model.
update 250/390 | step=512000 | SPS=1257
update 260/390 | step=532480 | SPS=1258
update 270/390 | step=552960 | SPS=1257
update 280/390 | step=573440 | SPS=1259
update 290/390 | step=593920 | SPS=1261
[600016] Regime switch detected! 1 -> 0. Snapshotting anchor model.
update 300/390 | step=614400 | SPS=1263
update 310/390 | step=634880 | SPS=1265
update 320/390 | step=655360 | SPS=1265
update 330/390 | step=675840 | SPS=1264
update 340/390 | step=696320 | SPS=1262
[700016] Regime switch detected! 0 -> 1. Snapshotting anchor model.
update 350/390 | step=716800 | SPS=1263
update 360/390 | step=737280 | SPS=1263
update 370/390 | step=757760 | SPS=1263
update 380/390 | step=778240 | SPS=1260
update 390/390 | step=798720 | SPS=1258
Episode 35/60 | reward=3.9332 | avg10=4.6963 | avg_success_rate=0.7600 | steps=38 | time=637.7s
  [brain ckpt] runs/calib8x8_brain_neuromod_trainable_long_seed6_20260702-044135/episode_35/brain_ep35.pt
update 10/390 | step=20480 | SPS=1280
update 20/390 | step=40960 | SPS=1247
update 30/390 | step=61440 | SPS=1227
update 40/390 | step=81920 | SPS=1231
[100016] Regime switch detected! 0 -> 1. Snapshotting anchor model.
update 50/390 | step=102400 | SPS=1223
update 60/390 | step=122880 | SPS=1217
update 70/390 | step=143360 | SPS=1213
update 80/390 | step=163840 | SPS=1225
update 90/390 | step=184320 | SPS=1230
[200016] Regime switch detected! 1 -> 0. Snapshotting anchor model.
update 100/390 | step=204800 | SPS=1237
update 110/390 | step=225280 | SPS=1245
update 120/390 | step=245760 | SPS=1249
update 130/390 | step=266240 | SPS=1252
update 140/390 | step=286720 | SPS=1256
[300016] Regime switch detected! 0 -> 1. Snapshotting anchor model.
update 150/390 | step=307200 | SPS=1257
update 160/390 | step=327680 | SPS=1260
update 170/390 | step=348160 | SPS=1263
update 180/390 | step=368640 | SPS=1266
update 190/390 | step=389120 | SPS=1265
[400016] Regime switch detected! 1 -> 0. Snapshotting anchor model.
update 200/390 | step=409600 | SPS=1268
update 210/390 | step=430080 | SPS=1270
update 220/390 | step=450560 | SPS=1268
update 230/390 | step=471040 | SPS=1269
update 240/390 | step=491520 | SPS=1272
[500016] Regime switch detected! 0 -> 1. Snapshotting anchor model.
update 250/390 | step=512000 | SPS=1275
update 260/390 | step=532480 | SPS=1276
update 270/390 | step=552960 | SPS=1274
update 280/390 | step=573440 | SPS=1276
update 290/390 | step=593920 | SPS=1279
[600016] Regime switch detected! 1 -> 0. Snapshotting anchor model.
update 300/390 | step=614400 | SPS=1277
update 310/390 | step=634880 | SPS=1275
update 320/390 | step=655360 | SPS=1273
update 330/390 | step=675840 | SPS=1275
update 340/390 | step=696320 | SPS=1277
[700016] Regime switch detected! 0 -> 1. Snapshotting anchor model.
update 350/390 | step=716800 | SPS=1279
update 360/390 | step=737280 | SPS=1281
update 370/390 | step=757760 | SPS=1282
update 380/390 | step=778240 | SPS=1282
update 390/390 | step=798720 | SPS=1281
Episode 36/60 | reward=3.5948 | avg10=4.6000 | avg_success_rate=0.9700 | steps=38 | time=626.3s
update 10/390 | step=20480 | SPS=1258
update 20/390 | step=40960 | SPS=1237
update 30/390 | step=61440 | SPS=1254
update 40/390 | step=81920 | SPS=1269
[100016] Regime switch detected! 0 -> 1. Snapshotting anchor model.
update 50/390 | step=102400 | SPS=1266
update 60/390 | step=122880 | SPS=1259
update 70/390 | step=143360 | SPS=1260
update 80/390 | step=163840 | SPS=1268
update 90/390 | step=184320 | SPS=1265
[200016] Regime switch detected! 1 -> 0. Snapshotting anchor model.
update 100/390 | step=204800 | SPS=1267
update 110/390 | step=225280 | SPS=1274
update 120/390 | step=245760 | SPS=1277
update 130/390 | step=266240 | SPS=1280
update 140/390 | step=286720 | SPS=1282
[300016] Regime switch detected! 0 -> 1. Snapshotting anchor model.
update 150/390 | step=307200 | SPS=1284
update 160/390 | step=327680 | SPS=1281
update 170/390 | step=348160 | SPS=1279
update 180/390 | step=368640 | SPS=1282
update 190/390 | step=389120 | SPS=1284
[400016] Regime switch detected! 1 -> 0. Snapshotting anchor model.
update 200/390 | step=409600 | SPS=1288
update 210/390 | step=430080 | SPS=1289
update 220/390 | step=450560 | SPS=1292
update 230/390 | step=471040 | SPS=1292
update 240/390 | step=491520 | SPS=1295
[500016] Regime switch detected! 0 -> 1. Snapshotting anchor model.
update 250/390 | step=512000 | SPS=1297
update 260/390 | step=532480 | SPS=1296
update 270/390 | step=552960 | SPS=1293
update 280/390 | step=573440 | SPS=1292
update 290/390 | step=593920 | SPS=1289
[600016] Regime switch detected! 1 -> 0. Snapshotting anchor model.
update 300/390 | step=614400 | SPS=1287
update 310/390 | step=634880 | SPS=1284
update 320/390 | step=655360 | SPS=1280
update 330/390 | step=675840 | SPS=1278
update 340/390 | step=696320 | SPS=1280
[700016] Regime switch detected! 0 -> 1. Snapshotting anchor model.
update 350/390 | step=716800 | SPS=1278
update 360/390 | step=737280 | SPS=1276
update 370/390 | step=757760 | SPS=1274
update 380/390 | step=778240 | SPS=1273
update 390/390 | step=798720 | SPS=1271
Episode 37/60 | reward=5.2988 | avg10=4.5427 | avg_success_rate=0.8700 | steps=38 | time=631.6s
update 10/390 | step=20480 | SPS=1270
update 20/390 | step=40960 | SPS=1258
update 30/390 | step=61440 | SPS=1238
update 40/390 | step=81920 | SPS=1251
[100016] Regime switch detected! 0 -> 1. Snapshotting anchor model.
update 50/390 | step=102400 | SPS=1255
update 60/390 | step=122880 | SPS=1262
update 70/390 | step=143360 | SPS=1271
update 80/390 | step=163840 | SPS=1265
update 90/390 | step=184320 | SPS=1258
[200016] Regime switch detected! 1 -> 0. Snapshotting anchor model.
update 100/390 | step=204800 | SPS=1262
update 110/390 | step=225280 | SPS=1262
update 120/390 | step=245760 | SPS=1266
update 130/390 | step=266240 | SPS=1271
update 140/390 | step=286720 | SPS=1273
[300016] Regime switch detected! 0 -> 1. Snapshotting anchor model.
update 150/390 | step=307200 | SPS=1277
update 160/390 | step=327680 | SPS=1281
update 170/390 | step=348160 | SPS=1285
update 180/390 | step=368640 | SPS=1288
update 190/390 | step=389120 | SPS=1291
[400016] Regime switch detected! 1 -> 0. Snapshotting anchor model.
update 200/390 | step=409600 | SPS=1286
update 210/390 | step=430080 | SPS=1288
update 220/390 | step=450560 | SPS=1292
update 230/390 | step=471040 | SPS=1294
update 240/390 | step=491520 | SPS=1294
[500016] Regime switch detected! 0 -> 1. Snapshotting anchor model.
update 250/390 | step=512000 | SPS=1296
update 260/390 | step=532480 | SPS=1297
update 270/390 | step=552960 | SPS=1297
update 280/390 | step=573440 | SPS=1299
update 290/390 | step=593920 | SPS=1299
[600016] Regime switch detected! 1 -> 0. Snapshotting anchor model.
update 300/390 | step=614400 | SPS=1301
update 310/390 | step=634880 | SPS=1300
update 320/390 | step=655360 | SPS=1300
update 330/390 | step=675840 | SPS=1298
update 340/390 | step=696320 | SPS=1296
[700016] Regime switch detected! 0 -> 1. Snapshotting anchor model.
update 350/390 | step=716800 | SPS=1296
update 360/390 | step=737280 | SPS=1297
update 370/390 | step=757760 | SPS=1296
update 380/390 | step=778240 | SPS=1295
update 390/390 | step=798720 | SPS=1295
Episode 38/60 | reward=1.0473 | avg10=4.1558 | avg_success_rate=0.7300 | steps=38 | time=619.7s
update 10/390 | step=20480 | SPS=1410
update 20/390 | step=40960 | SPS=1293
update 30/390 | step=61440 | SPS=1272
update 40/390 | step=81920 | SPS=1285
[100016] Regime switch detected! 0 -> 1. Snapshotting anchor model.
update 50/390 | step=102400 | SPS=1286
update 60/390 | step=122880 | SPS=1288
update 70/390 | step=143360 | SPS=1297
update 80/390 | step=163840 | SPS=1304
update 90/390 | step=184320 | SPS=1297
[200016] Regime switch detected! 1 -> 0. Snapshotting anchor model.
update 100/390 | step=204800 | SPS=1299
update 110/390 | step=225280 | SPS=1303
update 120/390 | step=245760 | SPS=1301
update 130/390 | step=266240 | SPS=1302
update 140/390 | step=286720 | SPS=1301
[300016] Regime switch detected! 0 -> 1. Snapshotting anchor model.
update 150/390 | step=307200 | SPS=1302
update 160/390 | step=327680 | SPS=1304
update 170/390 | step=348160 | SPS=1306
update 180/390 | step=368640 | SPS=1307
update 190/390 | step=389120 | SPS=1308
[400016] Regime switch detected! 1 -> 0. Snapshotting anchor model.
update 200/390 | step=409600 | SPS=1309
update 210/390 | step=430080 | SPS=1308
update 220/390 | step=450560 | SPS=1305
update 230/390 | step=471040 | SPS=1304
update 240/390 | step=491520 | SPS=1303
[500016] Regime switch detected! 0 -> 1. Snapshotting anchor model.
update 250/390 | step=512000 | SPS=1305
update 260/390 | step=532480 | SPS=1304
update 270/390 | step=552960 | SPS=1302
update 280/390 | step=573440 | SPS=1303
update 290/390 | step=593920 | SPS=1304
[600016] Regime switch detected! 1 -> 0. Snapshotting anchor model.
update 300/390 | step=614400 | SPS=1305
update 310/390 | step=634880 | SPS=1306
update 320/390 | step=655360 | SPS=1304
update 330/390 | step=675840 | SPS=1302
update 340/390 | step=696320 | SPS=1299
[700016] Regime switch detected! 0 -> 1. Snapshotting anchor model.
update 350/390 | step=716800 | SPS=1298
update 360/390 | step=737280 | SPS=1296
update 370/390 | step=757760 | SPS=1294
update 380/390 | step=778240 | SPS=1294
update 390/390 | step=798720 | SPS=1294
Episode 39/60 | reward=5.5294 | avg10=4.2464 | avg_success_rate=0.9800 | steps=38 | time=619.9s
update 10/390 | step=20480 | SPS=1252
update 20/390 | step=40960 | SPS=1238
update 30/390 | step=61440 | SPS=1263
update 40/390 | step=81920 | SPS=1256
[100016] Regime switch detected! 0 -> 1. Snapshotting anchor model.
update 50/390 | step=102400 | SPS=1238
update 60/390 | step=122880 | SPS=1230
update 70/390 | step=143360 | SPS=1227
update 80/390 | step=163840 | SPS=1223
update 90/390 | step=184320 | SPS=1220
[200016] Regime switch detected! 1 -> 0. Snapshotting anchor model.
update 100/390 | step=204800 | SPS=1224
update 110/390 | step=225280 | SPS=1228
update 120/390 | step=245760 | SPS=1234
update 130/390 | step=266240 | SPS=1235
update 140/390 | step=286720 | SPS=1235
[300016] Regime switch detected! 0 -> 1. Snapshotting anchor model.
update 150/390 | step=307200 | SPS=1234
update 160/390 | step=327680 | SPS=1237
update 170/390 | step=348160 | SPS=1238
update 180/390 | step=368640 | SPS=1245
update 190/390 | step=389120 | SPS=1250
[400016] Regime switch detected! 1 -> 0. Snapshotting anchor model.
update 200/390 | step=409600 | SPS=1254
update 210/390 | step=430080 | SPS=1258
update 220/390 | step=450560 | SPS=1260
update 230/390 | step=471040 | SPS=1261
update 240/390 | step=491520 | SPS=1263
[500016] Regime switch detected! 0 -> 1. Snapshotting anchor model.
update 250/390 | step=512000 | SPS=1263
update 260/390 | step=532480 | SPS=1261
update 270/390 | step=552960 | SPS=1259
update 280/390 | step=573440 | SPS=1258
update 290/390 | step=593920 | SPS=1256
[600016] Regime switch detected! 1 -> 0. Snapshotting anchor model.
update 300/390 | step=614400 | SPS=1253
update 310/390 | step=634880 | SPS=1252
update 320/390 | step=655360 | SPS=1253
update 330/390 | step=675840 | SPS=1254
update 340/390 | step=696320 | SPS=1257
[700016] Regime switch detected! 0 -> 1. Snapshotting anchor model.
update 350/390 | step=716800 | SPS=1260
update 360/390 | step=737280 | SPS=1260
update 370/390 | step=757760 | SPS=1259
update 380/390 | step=778240 | SPS=1257
update 390/390 | step=798720 | SPS=1257
Episode 40/60 | reward=5.5773 | avg10=4.1805 | avg_success_rate=0.7900 | steps=38 | time=638.6s
  [brain ckpt] runs/calib8x8_brain_neuromod_trainable_long_seed6_20260702-044135/episode_40/brain_ep40.pt
update 10/390 | step=20480 | SPS=1276
update 20/390 | step=40960 | SPS=1230
update 30/390 | step=61440 | SPS=1239
update 40/390 | step=81920 | SPS=1229
[100016] Regime switch detected! 0 -> 1. Snapshotting anchor model.
update 50/390 | step=102400 | SPS=1217
update 60/390 | step=122880 | SPS=1216
update 70/390 | step=143360 | SPS=1219
update 80/390 | step=163840 | SPS=1220
update 90/390 | step=184320 | SPS=1225
[200016] Regime switch detected! 1 -> 0. Snapshotting anchor model.
update 100/390 | step=204800 | SPS=1237
update 110/390 | step=225280 | SPS=1244
update 120/390 | step=245760 | SPS=1251
update 130/390 | step=266240 | SPS=1256
update 140/390 | step=286720 | SPS=1259
[300016] Regime switch detected! 0 -> 1. Snapshotting anchor model.
update 150/390 | step=307200 | SPS=1264
update 160/390 | step=327680 | SPS=1268
update 170/390 | step=348160 | SPS=1270
update 180/390 | step=368640 | SPS=1274
update 190/390 | step=389120 | SPS=1278
[400016] Regime switch detected! 1 -> 0. Snapshotting anchor model.
update 200/390 | step=409600 | SPS=1277
update 210/390 | step=430080 | SPS=1280
update 220/390 | step=450560 | SPS=1282
update 230/390 | step=471040 | SPS=1281
update 240/390 | step=491520 | SPS=1284
[500016] Regime switch detected! 0 -> 1. Snapshotting anchor model.
update 250/390 | step=512000 | SPS=1285
update 260/390 | step=532480 | SPS=1287
update 270/390 | step=552960 | SPS=1289
update 280/390 | step=573440 | SPS=1291
update 290/390 | step=593920 | SPS=1290
[600016] Regime switch detected! 1 -> 0. Snapshotting anchor model.
update 300/390 | step=614400 | SPS=1290
update 310/390 | step=634880 | SPS=1292
update 320/390 | step=655360 | SPS=1291
update 330/390 | step=675840 | SPS=1289
update 340/390 | step=696320 | SPS=1287
[700016] Regime switch detected! 0 -> 1. Snapshotting anchor model.
update 350/390 | step=716800 | SPS=1288
update 360/390 | step=737280 | SPS=1286
update 370/390 | step=757760 | SPS=1284
update 380/390 | step=778240 | SPS=1282
update 390/390 | step=798720 | SPS=1284
Episode 41/60 | reward=7.0716 | avg10=4.4017 | avg_success_rate=0.9400 | steps=38 | time=624.9s
update 10/390 | step=20480 | SPS=1368
update 20/390 | step=40960 | SPS=1282
update 30/390 | step=61440 | SPS=1259
update 40/390 | step=81920 | SPS=1240
[100016] Regime switch detected! 0 -> 1. Snapshotting anchor model.
update 50/390 | step=102400 | SPS=1233
update 60/390 | step=122880 | SPS=1233
update 70/390 | step=143360 | SPS=1249
update 80/390 | step=163840 | SPS=1256
update 90/390 | step=184320 | SPS=1263
[200016] Regime switch detected! 1 -> 0. Snapshotting anchor model.
update 100/390 | step=204800 | SPS=1272
update 110/390 | step=225280 | SPS=1270
update 120/390 | step=245760 | SPS=1266
update 130/390 | step=266240 | SPS=1266
update 140/390 | step=286720 | SPS=1269
[300016] Regime switch detected! 0 -> 1. Snapshotting anchor model.
update 150/390 | step=307200 | SPS=1269
update 160/390 | step=327680 | SPS=1272
update 170/390 | step=348160 | SPS=1269
update 180/390 | step=368640 | SPS=1266
update 190/390 | step=389120 | SPS=1267
[400016] Regime switch detected! 1 -> 0. Snapshotting anchor model.
update 200/390 | step=409600 | SPS=1264
update 210/390 | step=430080 | SPS=1260
update 220/390 | step=450560 | SPS=1258
update 230/390 | step=471040 | SPS=1255
update 240/390 | step=491520 | SPS=1255
[500016] Regime switch detected! 0 -> 1. Snapshotting anchor model.
update 250/390 | step=512000 | SPS=1253
update 260/390 | step=532480 | SPS=1255
update 270/390 | step=552960 | SPS=1253
update 280/390 | step=573440 | SPS=1251
update 290/390 | step=593920 | SPS=1254
[600016] Regime switch detected! 1 -> 0. Snapshotting anchor model.
update 300/390 | step=614400 | SPS=1257
update 310/390 | step=634880 | SPS=1258
update 320/390 | step=655360 | SPS=1258
update 330/390 | step=675840 | SPS=1257
update 340/390 | step=696320 | SPS=1257
[700016] Regime switch detected! 0 -> 1. Snapshotting anchor model.
update 350/390 | step=716800 | SPS=1258
update 360/390 | step=737280 | SPS=1257
update 370/390 | step=757760 | SPS=1258
update 380/390 | step=778240 | SPS=1257
update 390/390 | step=798720 | SPS=1258
Episode 42/60 | reward=2.5841 | avg10=4.2350 | avg_success_rate=0.7900 | steps=38 | time=637.7s
update 10/390 | step=20480 | SPS=1248
update 20/390 | step=40960 | SPS=1219
update 30/390 | step=61440 | SPS=1218
update 40/390 | step=81920 | SPS=1211
[100016] Regime switch detected! 0 -> 1. Snapshotting anchor model.
update 50/390 | step=102400 | SPS=1203
update 60/390 | step=122880 | SPS=1218
update 70/390 | step=143360 | SPS=1231
update 80/390 | step=163840 | SPS=1238
update 90/390 | step=184320 | SPS=1247
[200016] Regime switch detected! 1 -> 0. Snapshotting anchor model.
update 100/390 | step=204800 | SPS=1257
update 110/390 | step=225280 | SPS=1261
update 120/390 | step=245760 | SPS=1262
update 130/390 | step=266240 | SPS=1256
update 140/390 | step=286720 | SPS=1250
[300016] Regime switch detected! 0 -> 1. Snapshotting anchor model.
update 150/390 | step=307200 | SPS=1252
update 160/390 | step=327680 | SPS=1254
update 170/390 | step=348160 | SPS=1253
update 180/390 | step=368640 | SPS=1255
update 190/390 | step=389120 | SPS=1259
[400016] Regime switch detected! 1 -> 0. Snapshotting anchor model.
update 200/390 | step=409600 | SPS=1261
update 210/390 | step=430080 | SPS=1259
update 220/390 | step=450560 | SPS=1257
update 230/390 | step=471040 | SPS=1257
update 240/390 | step=491520 | SPS=1258
[500016] Regime switch detected! 0 -> 1. Snapshotting anchor model.
update 250/390 | step=512000 | SPS=1256
update 260/390 | step=532480 | SPS=1255
update 270/390 | step=552960 | SPS=1257
update 280/390 | step=573440 | SPS=1255
update 290/390 | step=593920 | SPS=1254
[600016] Regime switch detected! 1 -> 0. Snapshotting anchor model.
update 300/390 | step=614400 | SPS=1253
update 310/390 | step=634880 | SPS=1253
update 320/390 | step=655360 | SPS=1254
update 330/390 | step=675840 | SPS=1253
update 340/390 | step=696320 | SPS=1251
[700016] Regime switch detected! 0 -> 1. Snapshotting anchor model.
update 350/390 | step=716800 | SPS=1252
update 360/390 | step=737280 | SPS=1252
update 370/390 | step=757760 | SPS=1254
update 380/390 | step=778240 | SPS=1255
update 390/390 | step=798720 | SPS=1256
Episode 43/60 | reward=1.8155 | avg10=3.9199 | avg_success_rate=0.9700 | steps=38 | time=638.7s
update 10/390 | step=20480 | SPS=1272
update 20/390 | step=40960 | SPS=1244
update 30/390 | step=61440 | SPS=1226
update 40/390 | step=81920 | SPS=1219
[100016] Regime switch detected! 0 -> 1. Snapshotting anchor model.
update 50/390 | step=102400 | SPS=1211
update 60/390 | step=122880 | SPS=1218
update 70/390 | step=143360 | SPS=1223
update 80/390 | step=163840 | SPS=1228
update 90/390 | step=184320 | SPS=1237
[200016] Regime switch detected! 1 -> 0. Snapshotting anchor model.
update 100/390 | step=204800 | SPS=1239
update 110/390 | step=225280 | SPS=1238
update 120/390 | step=245760 | SPS=1239
update 130/390 | step=266240 | SPS=1246
update 140/390 | step=286720 | SPS=1251
[300016] Regime switch detected! 0 -> 1. Snapshotting anchor model.
update 150/390 | step=307200 | SPS=1255
update 160/390 | step=327680 | SPS=1254
update 170/390 | step=348160 | SPS=1254
update 180/390 | step=368640 | SPS=1255
update 190/390 | step=389120 | SPS=1255
[400016] Regime switch detected! 1 -> 0. Snapshotting anchor model.
update 200/390 | step=409600 | SPS=1258
update 210/390 | step=430080 | SPS=1261
update 220/390 | step=450560 | SPS=1262
update 230/390 | step=471040 | SPS=1261
update 240/390 | step=491520 | SPS=1259
[500016] Regime switch detected! 0 -> 1. Snapshotting anchor model.
update 250/390 | step=512000 | SPS=1260
update 260/390 | step=532480 | SPS=1257
update 270/390 | step=552960 | SPS=1258
update 280/390 | step=573440 | SPS=1258
update 290/390 | step=593920 | SPS=1256
[600016] Regime switch detected! 1 -> 0. Snapshotting anchor model.
update 300/390 | step=614400 | SPS=1258
update 310/390 | step=634880 | SPS=1259
update 320/390 | step=655360 | SPS=1260
update 330/390 | step=675840 | SPS=1262
update 340/390 | step=696320 | SPS=1264
[700016] Regime switch detected! 0 -> 1. Snapshotting anchor model.
update 350/390 | step=716800 | SPS=1267
update 360/390 | step=737280 | SPS=1269
update 370/390 | step=757760 | SPS=1271
update 380/390 | step=778240 | SPS=1270
update 390/390 | step=798720 | SPS=1270
Episode 44/60 | reward=5.6795 | avg10=4.2132 | avg_success_rate=0.9400 | steps=38 | time=631.8s
update 10/390 | step=20480 | SPS=1251
update 20/390 | step=40960 | SPS=1229
update 30/390 | step=61440 | SPS=1242
update 40/390 | step=81920 | SPS=1264
[100016] Regime switch detected! 0 -> 1. Snapshotting anchor model.
update 50/390 | step=102400 | SPS=1265
update 60/390 | step=122880 | SPS=1267
update 70/390 | step=143360 | SPS=1264
update 80/390 | step=163840 | SPS=1260
update 90/390 | step=184320 | SPS=1253
[200016] Regime switch detected! 1 -> 0. Snapshotting anchor model.
update 100/390 | step=204800 | SPS=1254
update 110/390 | step=225280 | SPS=1250
update 120/390 | step=245760 | SPS=1246
update 130/390 | step=266240 | SPS=1242
update 140/390 | step=286720 | SPS=1247
[300016] Regime switch detected! 0 -> 1. Snapshotting anchor model.
update 150/390 | step=307200 | SPS=1244
update 160/390 | step=327680 | SPS=1240
update 170/390 | step=348160 | SPS=1238
update 180/390 | step=368640 | SPS=1235
update 190/390 | step=389120 | SPS=1236
[400016] Regime switch detected! 1 -> 0. Snapshotting anchor model.
update 200/390 | step=409600 | SPS=1238
update 210/390 | step=430080 | SPS=1238
update 220/390 | step=450560 | SPS=1236
update 230/390 | step=471040 | SPS=1233
update 240/390 | step=491520 | SPS=1237
[500016] Regime switch detected! 0 -> 1. Snapshotting anchor model.
update 250/390 | step=512000 | SPS=1237
update 260/390 | step=532480 | SPS=1236
update 270/390 | step=552960 | SPS=1239
update 280/390 | step=573440 | SPS=1241
update 290/390 | step=593920 | SPS=1244
[600016] Regime switch detected! 1 -> 0. Snapshotting anchor model.
update 300/390 | step=614400 | SPS=1246
update 310/390 | step=634880 | SPS=1249
update 320/390 | step=655360 | SPS=1251
update 330/390 | step=675840 | SPS=1254
update 340/390 | step=696320 | SPS=1256
[700016] Regime switch detected! 0 -> 1. Snapshotting anchor model.
update 350/390 | step=716800 | SPS=1258
update 360/390 | step=737280 | SPS=1259
update 370/390 | step=757760 | SPS=1260
update 380/390 | step=778240 | SPS=1258
update 390/390 | step=798720 | SPS=1257
Episode 45/60 | reward=2.8773 | avg10=4.1076 | avg_success_rate=0.9000 | steps=38 | time=638.5s
  [brain ckpt] runs/calib8x8_brain_neuromod_trainable_long_seed6_20260702-044135/episode_45/brain_ep45.pt
update 10/390 | step=20480 | SPS=1285
update 20/390 | step=40960 | SPS=1307
update 30/390 | step=61440 | SPS=1303
update 40/390 | step=81920 | SPS=1293
[100016] Regime switch detected! 0 -> 1. Snapshotting anchor model.
update 50/390 | step=102400 | SPS=1287
update 60/390 | step=122880 | SPS=1286
update 70/390 | step=143360 | SPS=1276
update 80/390 | step=163840 | SPS=1279
update 90/390 | step=184320 | SPS=1276
[200016] Regime switch detected! 1 -> 0. Snapshotting anchor model.
update 100/390 | step=204800 | SPS=1279
update 110/390 | step=225280 | SPS=1275
update 120/390 | step=245760 | SPS=1272
update 130/390 | step=266240 | SPS=1275
update 140/390 | step=286720 | SPS=1278
[300016] Regime switch detected! 0 -> 1. Snapshotting anchor model.
update 150/390 | step=307200 | SPS=1275
update 160/390 | step=327680 | SPS=1277
update 170/390 | step=348160 | SPS=1280
update 180/390 | step=368640 | SPS=1280
update 190/390 | step=389120 | SPS=1281
[400016] Regime switch detected! 1 -> 0. Snapshotting anchor model.
update 200/390 | step=409600 | SPS=1283
update 210/390 | step=430080 | SPS=1285
update 220/390 | step=450560 | SPS=1285
update 230/390 | step=471040 | SPS=1286
update 240/390 | step=491520 | SPS=1288
[500016] Regime switch detected! 0 -> 1. Snapshotting anchor model.
update 250/390 | step=512000 | SPS=1289
update 260/390 | step=532480 | SPS=1291
update 270/390 | step=552960 | SPS=1292
update 280/390 | step=573440 | SPS=1290
update 290/390 | step=593920 | SPS=1290
[600016] Regime switch detected! 1 -> 0. Snapshotting anchor model.
update 300/390 | step=614400 | SPS=1287
update 310/390 | step=634880 | SPS=1284
update 320/390 | step=655360 | SPS=1282
update 330/390 | step=675840 | SPS=1281
update 340/390 | step=696320 | SPS=1284
[700016] Regime switch detected! 0 -> 1. Snapshotting anchor model.
update 350/390 | step=716800 | SPS=1285
update 360/390 | step=737280 | SPS=1286
update 370/390 | step=757760 | SPS=1287
update 380/390 | step=778240 | SPS=1288
update 390/390 | step=798720 | SPS=1287
Episode 46/60 | reward=4.6633 | avg10=4.2144 | avg_success_rate=0.9200 | steps=38 | time=623.7s
update 10/390 | step=20480 | SPS=1265
update 20/390 | step=40960 | SPS=1226
update 30/390 | step=61440 | SPS=1225
update 40/390 | step=81920 | SPS=1247
[100016] Regime switch detected! 0 -> 1. Snapshotting anchor model.
update 50/390 | step=102400 | SPS=1248
update 60/390 | step=122880 | SPS=1257
update 70/390 | step=143360 | SPS=1254
update 80/390 | step=163840 | SPS=1254
update 90/390 | step=184320 | SPS=1250
[200016] Regime switch detected! 1 -> 0. Snapshotting anchor model.
update 100/390 | step=204800 | SPS=1254
update 110/390 | step=225280 | SPS=1249
update 120/390 | step=245760 | SPS=1247
update 130/390 | step=266240 | SPS=1245
update 140/390 | step=286720 | SPS=1243
[300016] Regime switch detected! 0 -> 1. Snapshotting anchor model.
update 150/390 | step=307200 | SPS=1240
update 160/390 | step=327680 | SPS=1238
update 170/390 | step=348160 | SPS=1236
update 180/390 | step=368640 | SPS=1241
update 190/390 | step=389120 | SPS=1243
[400016] Regime switch detected! 1 -> 0. Snapshotting anchor model.
update 200/390 | step=409600 | SPS=1246
update 210/390 | step=430080 | SPS=1247
update 220/390 | step=450560 | SPS=1249
update 230/390 | step=471040 | SPS=1249
update 240/390 | step=491520 | SPS=1249
[500016] Regime switch detected! 0 -> 1. Snapshotting anchor model.
update 250/390 | step=512000 | SPS=1251
update 260/390 | step=532480 | SPS=1253
update 270/390 | step=552960 | SPS=1254
update 280/390 | step=573440 | SPS=1256
update 290/390 | step=593920 | SPS=1256
[600016] Regime switch detected! 1 -> 0. Snapshotting anchor model.
update 300/390 | step=614400 | SPS=1258
update 310/390 | step=634880 | SPS=1259
update 320/390 | step=655360 | SPS=1259
update 330/390 | step=675840 | SPS=1258
update 340/390 | step=696320 | SPS=1258
[700016] Regime switch detected! 0 -> 1. Snapshotting anchor model.
update 350/390 | step=716800 | SPS=1260
update 360/390 | step=737280 | SPS=1261
update 370/390 | step=757760 | SPS=1263
update 380/390 | step=778240 | SPS=1264
update 390/390 | step=798720 | SPS=1263
Episode 47/60 | reward=5.0746 | avg10=4.1920 | avg_success_rate=0.5500 | steps=38 | time=635.4s
update 10/390 | step=20480 | SPS=1230
update 20/390 | step=40960 | SPS=1223
update 30/390 | step=61440 | SPS=1213
update 40/390 | step=81920 | SPS=1219
[100016] Regime switch detected! 0 -> 1. Snapshotting anchor model.
update 50/390 | step=102400 | SPS=1234
update 60/390 | step=122880 | SPS=1250
update 70/390 | step=143360 | SPS=1262
update 80/390 | step=163840 | SPS=1271
update 90/390 | step=184320 | SPS=1266
[200016] Regime switch detected! 1 -> 0. Snapshotting anchor model.
update 100/390 | step=204800 | SPS=1267
update 110/390 | step=225280 | SPS=1267
update 120/390 | step=245760 | SPS=1274
update 130/390 | step=266240 | SPS=1274
update 140/390 | step=286720 | SPS=1274
[300016] Regime switch detected! 0 -> 1. Snapshotting anchor model.
update 150/390 | step=307200 | SPS=1269
update 160/390 | step=327680 | SPS=1271
update 170/390 | step=348160 | SPS=1276
update 180/390 | step=368640 | SPS=1279
update 190/390 | step=389120 | SPS=1279
[400016] Regime switch detected! 1 -> 0. Snapshotting anchor model.
update 200/390 | step=409600 | SPS=1275
update 210/390 | step=430080 | SPS=1277
update 220/390 | step=450560 | SPS=1276
update 230/390 | step=471040 | SPS=1275
update 240/390 | step=491520 | SPS=1274
[500016] Regime switch detected! 0 -> 1. Snapshotting anchor model.
update 250/390 | step=512000 | SPS=1271
update 260/390 | step=532480 | SPS=1269
update 270/390 | step=552960 | SPS=1267
update 280/390 | step=573440 | SPS=1268
update 290/390 | step=593920 | SPS=1266
[600016] Regime switch detected! 1 -> 0. Snapshotting anchor model.
update 300/390 | step=614400 | SPS=1263
update 310/390 | step=634880 | SPS=1261
update 320/390 | step=655360 | SPS=1262
update 330/390 | step=675840 | SPS=1261
update 340/390 | step=696320 | SPS=1262
[700016] Regime switch detected! 0 -> 1. Snapshotting anchor model.
update 350/390 | step=716800 | SPS=1261
update 360/390 | step=737280 | SPS=1260
update 370/390 | step=757760 | SPS=1262
update 380/390 | step=778240 | SPS=1263
update 390/390 | step=798720 | SPS=1263
Episode 48/60 | reward=2.9614 | avg10=4.3834 | avg_success_rate=0.8300 | steps=38 | time=635.2s
update 10/390 | step=20480 | SPS=1250
update 20/390 | step=40960 | SPS=1225
update 30/390 | step=61440 | SPS=1225
update 40/390 | step=81920 | SPS=1222
[100016] Regime switch detected! 0 -> 1. Snapshotting anchor model.
update 50/390 | step=102400 | SPS=1221
update 60/390 | step=122880 | SPS=1220
update 70/390 | step=143360 | SPS=1218
update 80/390 | step=163840 | SPS=1218
update 90/390 | step=184320 | SPS=1215
[200016] Regime switch detected! 1 -> 0. Snapshotting anchor model.
update 100/390 | step=204800 | SPS=1217
update 110/390 | step=225280 | SPS=1226
update 120/390 | step=245760 | SPS=1234
update 130/390 | step=266240 | SPS=1239
update 140/390 | step=286720 | SPS=1244
[300016] Regime switch detected! 0 -> 1. Snapshotting anchor model.
update 150/390 | step=307200 | SPS=1239
update 160/390 | step=327680 | SPS=1245
update 170/390 | step=348160 | SPS=1245
update 180/390 | step=368640 | SPS=1247
update 190/390 | step=389120 | SPS=1248
[400016] Regime switch detected! 1 -> 0. Snapshotting anchor model.
update 200/390 | step=409600 | SPS=1250
update 210/390 | step=430080 | SPS=1248
update 220/390 | step=450560 | SPS=1253
update 230/390 | step=471040 | SPS=1256
update 240/390 | step=491520 | SPS=1257
[500016] Regime switch detected! 0 -> 1. Snapshotting anchor model.
update 250/390 | step=512000 | SPS=1256
update 260/390 | step=532480 | SPS=1254
update 270/390 | step=552960 | SPS=1251
update 280/390 | step=573440 | SPS=1249
update 290/390 | step=593920 | SPS=1248
[600016] Regime switch detected! 1 -> 0. Snapshotting anchor model.
update 300/390 | step=614400 | SPS=1247
update 310/390 | step=634880 | SPS=1247
update 320/390 | step=655360 | SPS=1249
update 330/390 | step=675840 | SPS=1251
update 340/390 | step=696320 | SPS=1253
[700016] Regime switch detected! 0 -> 1. Snapshotting anchor model.
update 350/390 | step=716800 | SPS=1252
update 360/390 | step=737280 | SPS=1251
update 370/390 | step=757760 | SPS=1251
update 380/390 | step=778240 | SPS=1249
update 390/390 | step=798720 | SPS=1250
Episode 49/60 | reward=1.4821 | avg10=3.9787 | avg_success_rate=0.7700 | steps=38 | time=641.9s
update 10/390 | step=20480 | SPS=1251
update 20/390 | step=40960 | SPS=1224
update 30/390 | step=61440 | SPS=1209
update 40/390 | step=81920 | SPS=1218
[100016] Regime switch detected! 0 -> 1. Snapshotting anchor model.
update 50/390 | step=102400 | SPS=1216
update 60/390 | step=122880 | SPS=1229
update 70/390 | step=143360 | SPS=1228
update 80/390 | step=163840 | SPS=1226
update 90/390 | step=184320 | SPS=1220
[200016] Regime switch detected! 1 -> 0. Snapshotting anchor model.
update 100/390 | step=204800 | SPS=1221
update 110/390 | step=225280 | SPS=1222
update 120/390 | step=245760 | SPS=1219
update 130/390 | step=266240 | SPS=1226
update 140/390 | step=286720 | SPS=1228
[300016] Regime switch detected! 0 -> 1. Snapshotting anchor model.
update 150/390 | step=307200 | SPS=1234
update 160/390 | step=327680 | SPS=1239
update 170/390 | step=348160 | SPS=1245
update 180/390 | step=368640 | SPS=1243
update 190/390 | step=389120 | SPS=1243
[400016] Regime switch detected! 1 -> 0. Snapshotting anchor model.
update 200/390 | step=409600 | SPS=1243
update 210/390 | step=430080 | SPS=1245
update 220/390 | step=450560 | SPS=1247
update 230/390 | step=471040 | SPS=1251
update 240/390 | step=491520 | SPS=1252
[500016] Regime switch detected! 0 -> 1. Snapshotting anchor model.
update 250/390 | step=512000 | SPS=1252
update 260/390 | step=532480 | SPS=1251
update 270/390 | step=552960 | SPS=1250
update 280/390 | step=573440 | SPS=1249
update 290/390 | step=593920 | SPS=1247
[600016] Regime switch detected! 1 -> 0. Snapshotting anchor model.
update 300/390 | step=614400 | SPS=1246
update 310/390 | step=634880 | SPS=1244
update 320/390 | step=655360 | SPS=1242
update 330/390 | step=675840 | SPS=1241
update 340/390 | step=696320 | SPS=1241
[700016] Regime switch detected! 0 -> 1. Snapshotting anchor model.
update 350/390 | step=716800 | SPS=1241
update 360/390 | step=737280 | SPS=1240
update 370/390 | step=757760 | SPS=1242
update 380/390 | step=778240 | SPS=1244
update 390/390 | step=798720 | SPS=1245
Episode 50/60 | reward=0.0168 | avg10=3.4226 | avg_success_rate=0.8700 | steps=38 | time=644.2s
  [brain ckpt] runs/calib8x8_brain_neuromod_trainable_long_seed6_20260702-044135/episode_50/brain_ep50.pt
update 10/390 | step=20480 | SPS=1298
update 20/390 | step=40960 | SPS=1245
update 30/390 | step=61440 | SPS=1260
update 40/390 | step=81920 | SPS=1259
[100016] Regime switch detected! 0 -> 1. Snapshotting anchor model.
update 50/390 | step=102400 | SPS=1263
update 60/390 | step=122880 | SPS=1271
update 70/390 | step=143360 | SPS=1272
update 80/390 | step=163840 | SPS=1277
update 90/390 | step=184320 | SPS=1279
[200016] Regime switch detected! 1 -> 0. Snapshotting anchor model.
update 100/390 | step=204800 | SPS=1279
update 110/390 | step=225280 | SPS=1278
update 120/390 | step=245760 | SPS=1281
update 130/390 | step=266240 | SPS=1285
update 140/390 | step=286720 | SPS=1287
[300016] Regime switch detected! 0 -> 1. Snapshotting anchor model.
update 150/390 | step=307200 | SPS=1280
update 160/390 | step=327680 | SPS=1277
update 170/390 | step=348160 | SPS=1273
update 180/390 | step=368640 | SPS=1268
update 190/390 | step=389120 | SPS=1267
[400016] Regime switch detected! 1 -> 0. Snapshotting anchor model.
update 200/390 | step=409600 | SPS=1267
update 210/390 | step=430080 | SPS=1269
update 220/390 | step=450560 | SPS=1271
update 230/390 | step=471040 | SPS=1271
update 240/390 | step=491520 | SPS=1269
[500016] Regime switch detected! 0 -> 1. Snapshotting anchor model.
update 250/390 | step=512000 | SPS=1267
update 260/390 | step=532480 | SPS=1265
update 270/390 | step=552960 | SPS=1264
update 280/390 | step=573440 | SPS=1264
update 290/390 | step=593920 | SPS=1262
[600016] Regime switch detected! 1 -> 0. Snapshotting anchor model.
update 300/390 | step=614400 | SPS=1261
update 310/390 | step=634880 | SPS=1260
update 320/390 | step=655360 | SPS=1261
update 330/390 | step=675840 | SPS=1263
update 340/390 | step=696320 | SPS=1266
[700016] Regime switch detected! 0 -> 1. Snapshotting anchor model.
update 350/390 | step=716800 | SPS=1267
update 360/390 | step=737280 | SPS=1266
update 370/390 | step=757760 | SPS=1264
update 380/390 | step=778240 | SPS=1262
update 390/390 | step=798720 | SPS=1261
Episode 51/60 | reward=5.3318 | avg10=3.2486 | avg_success_rate=0.8700 | steps=38 | time=636.4s
update 10/390 | step=20480 | SPS=1287
update 20/390 | step=40960 | SPS=1247
update 30/390 | step=61440 | SPS=1236
update 40/390 | step=81920 | SPS=1248
[100016] Regime switch detected! 0 -> 1. Snapshotting anchor model.
update 50/390 | step=102400 | SPS=1254
update 60/390 | step=122880 | SPS=1253
update 70/390 | step=143360 | SPS=1261
update 80/390 | step=163840 | SPS=1267
update 90/390 | step=184320 | SPS=1260
[200016] Regime switch detected! 1 -> 0. Snapshotting anchor model.
update 100/390 | step=204800 | SPS=1255
update 110/390 | step=225280 | SPS=1257
update 120/390 | step=245760 | SPS=1255
update 130/390 | step=266240 | SPS=1252
update 140/390 | step=286720 | SPS=1248
[300016] Regime switch detected! 0 -> 1. Snapshotting anchor model.
update 150/390 | step=307200 | SPS=1250
update 160/390 | step=327680 | SPS=1250
update 170/390 | step=348160 | SPS=1256
update 180/390 | step=368640 | SPS=1259
update 190/390 | step=389120 | SPS=1263
[400016] Regime switch detected! 1 -> 0. Snapshotting anchor model.
update 200/390 | step=409600 | SPS=1267
update 210/390 | step=430080 | SPS=1270
update 220/390 | step=450560 | SPS=1272
update 230/390 | step=471040 | SPS=1274
update 240/390 | step=491520 | SPS=1273
[500016] Regime switch detected! 0 -> 1. Snapshotting anchor model.
update 250/390 | step=512000 | SPS=1274
update 260/390 | step=532480 | SPS=1275
update 270/390 | step=552960 | SPS=1275
update 280/390 | step=573440 | SPS=1277
update 290/390 | step=593920 | SPS=1276
[600016] Regime switch detected! 1 -> 0. Snapshotting anchor model.
update 300/390 | step=614400 | SPS=1278
update 310/390 | step=634880 | SPS=1280
update 320/390 | step=655360 | SPS=1280
update 330/390 | step=675840 | SPS=1278
update 340/390 | step=696320 | SPS=1278
[700016] Regime switch detected! 0 -> 1. Snapshotting anchor model.
update 350/390 | step=716800 | SPS=1278
update 360/390 | step=737280 | SPS=1279
update 370/390 | step=757760 | SPS=1281
update 380/390 | step=778240 | SPS=1283
update 390/390 | step=798720 | SPS=1284
Episode 52/60 | reward=6.2110 | avg10=3.6113 | avg_success_rate=0.8900 | steps=38 | time=625.0s
update 10/390 | step=20480 | SPS=1260
update 20/390 | step=40960 | SPS=1240
update 30/390 | step=61440 | SPS=1254
update 40/390 | step=81920 | SPS=1258
[100016] Regime switch detected! 0 -> 1. Snapshotting anchor model.
update 50/390 | step=102400 | SPS=1247
update 60/390 | step=122880 | SPS=1238
update 70/390 | step=143360 | SPS=1235
update 80/390 | step=163840 | SPS=1237
update 90/390 | step=184320 | SPS=1236
[200016] Regime switch detected! 1 -> 0. Snapshotting anchor model.
update 100/390 | step=204800 | SPS=1246
update 110/390 | step=225280 | SPS=1255
update 120/390 | step=245760 | SPS=1261
update 130/390 | step=266240 | SPS=1264
update 140/390 | step=286720 | SPS=1262
[300016] Regime switch detected! 0 -> 1. Snapshotting anchor model.
update 150/390 | step=307200 | SPS=1258
update 160/390 | step=327680 | SPS=1256
update 170/390 | step=348160 | SPS=1256
update 180/390 | step=368640 | SPS=1254
update 190/390 | step=389120 | SPS=1251
[400016] Regime switch detected! 1 -> 0. Snapshotting anchor model.
update 200/390 | step=409600 | SPS=1253
update 210/390 | step=430080 | SPS=1251
update 220/390 | step=450560 | SPS=1249
update 230/390 | step=471040 | SPS=1247
update 240/390 | step=491520 | SPS=1245
[500016] Regime switch detected! 0 -> 1. Snapshotting anchor model.
update 250/390 | step=512000 | SPS=1244
update 260/390 | step=532480 | SPS=1243
update 270/390 | step=552960 | SPS=1240
update 280/390 | step=573440 | SPS=1240
update 290/390 | step=593920 | SPS=1243
[600016] Regime switch detected! 1 -> 0. Snapshotting anchor model.
update 300/390 | step=614400 | SPS=1240
update 310/390 | step=634880 | SPS=1242
update 320/390 | step=655360 | SPS=1244
update 330/390 | step=675840 | SPS=1246
update 340/390 | step=696320 | SPS=1248
[700016] Regime switch detected! 0 -> 1. Snapshotting anchor model.
update 350/390 | step=716800 | SPS=1249
update 360/390 | step=737280 | SPS=1252
update 370/390 | step=757760 | SPS=1253
update 380/390 | step=778240 | SPS=1255
update 390/390 | step=798720 | SPS=1255
Episode 53/60 | reward=1.9059 | avg10=3.6204 | avg_success_rate=0.5200 | steps=38 | time=639.1s
update 10/390 | step=20480 | SPS=1269
update 20/390 | step=40960 | SPS=1243
update 30/390 | step=61440 | SPS=1229
update 40/390 | step=81920 | SPS=1219
[100016] Regime switch detected! 0 -> 1. Snapshotting anchor model.
update 50/390 | step=102400 | SPS=1235
update 60/390 | step=122880 | SPS=1232
update 70/390 | step=143360 | SPS=1240
update 80/390 | step=163840 | SPS=1248
update 90/390 | step=184320 | SPS=1241
[200016] Regime switch detected! 1 -> 0. Snapshotting anchor model.
update 100/390 | step=204800 | SPS=1240
update 110/390 | step=225280 | SPS=1241
update 120/390 | step=245760 | SPS=1245
update 130/390 | step=266240 | SPS=1251
update 140/390 | step=286720 | SPS=1249
[300016] Regime switch detected! 0 -> 1. Snapshotting anchor model.
update 150/390 | step=307200 | SPS=1248
update 160/390 | step=327680 | SPS=1251
update 170/390 | step=348160 | SPS=1249
update 180/390 | step=368640 | SPS=1248
update 190/390 | step=389120 | SPS=1246
[400016] Regime switch detected! 1 -> 0. Snapshotting anchor model.
update 200/390 | step=409600 | SPS=1243
update 210/390 | step=430080 | SPS=1247
update 220/390 | step=450560 | SPS=1248
update 230/390 | step=471040 | SPS=1249
update 240/390 | step=491520 | SPS=1251
[500016] Regime switch detected! 0 -> 1. Snapshotting anchor model.
update 250/390 | step=512000 | SPS=1254
update 260/390 | step=532480 | SPS=1255
update 270/390 | step=552960 | SPS=1256
update 280/390 | step=573440 | SPS=1260
update 290/390 | step=593920 | SPS=1260
[600016] Regime switch detected! 1 -> 0. Snapshotting anchor model.
update 300/390 | step=614400 | SPS=1261
update 310/390 | step=634880 | SPS=1262
update 320/390 | step=655360 | SPS=1263
update 330/390 | step=675840 | SPS=1265
update 340/390 | step=696320 | SPS=1265
[700016] Regime switch detected! 0 -> 1. Snapshotting anchor model.
update 350/390 | step=716800 | SPS=1267
update 360/390 | step=737280 | SPS=1266
update 370/390 | step=757760 | SPS=1265
update 380/390 | step=778240 | SPS=1267
update 390/390 | step=798720 | SPS=1268
Episode 54/60 | reward=1.0661 | avg10=3.1590 | avg_success_rate=0.3400 | steps=38 | time=632.9s
update 10/390 | step=20480 | SPS=1262
update 20/390 | step=40960 | SPS=1227
update 30/390 | step=61440 | SPS=1211
update 40/390 | step=81920 | SPS=1214
[100016] Regime switch detected! 0 -> 1. Snapshotting anchor model.
update 50/390 | step=102400 | SPS=1231
update 60/390 | step=122880 | SPS=1240
update 70/390 | step=143360 | SPS=1250
update 80/390 | step=163840 | SPS=1258
update 90/390 | step=184320 | SPS=1249
[200016] Regime switch detected! 1 -> 0. Snapshotting anchor model.
update 100/390 | step=204800 | SPS=1255
update 110/390 | step=225280 | SPS=1252
update 120/390 | step=245760 | SPS=1253
update 130/390 | step=266240 | SPS=1255
update 140/390 | step=286720 | SPS=1251
[300016] Regime switch detected! 0 -> 1. Snapshotting anchor model.
update 150/390 | step=307200 | SPS=1248
update 160/390 | step=327680 | SPS=1246
update 170/390 | step=348160 | SPS=1251
update 180/390 | step=368640 | SPS=1255
update 190/390 | step=389120 | SPS=1259
[400016] Regime switch detected! 1 -> 0. Snapshotting anchor model.
update 200/390 | step=409600 | SPS=1263
update 210/390 | step=430080 | SPS=1266
update 220/390 | step=450560 | SPS=1268
update 230/390 | step=471040 | SPS=1270
update 240/390 | step=491520 | SPS=1266
[500016] Regime switch detected! 0 -> 1. Snapshotting anchor model.
update 250/390 | step=512000 | SPS=1267
update 260/390 | step=532480 | SPS=1269
update 270/390 | step=552960 | SPS=1265
update 280/390 | step=573440 | SPS=1264
update 290/390 | step=593920 | SPS=1262
[600016] Regime switch detected! 1 -> 0. Snapshotting anchor model.
update 300/390 | step=614400 | SPS=1261
update 310/390 | step=634880 | SPS=1262
update 320/390 | step=655360 | SPS=1263
update 330/390 | step=675840 | SPS=1263
update 340/390 | step=696320 | SPS=1265
[700016] Regime switch detected! 0 -> 1. Snapshotting anchor model.
update 350/390 | step=716800 | SPS=1264
update 360/390 | step=737280 | SPS=1264
update 370/390 | step=757760 | SPS=1265
update 380/390 | step=778240 | SPS=1267
update 390/390 | step=798720 | SPS=1268
Episode 55/60 | reward=2.9463 | avg10=3.1659 | avg_success_rate=0.8800 | steps=38 | time=633.1s
  [brain ckpt] runs/calib8x8_brain_neuromod_trainable_long_seed6_20260702-044135/episode_55/brain_ep55.pt
update 10/390 | step=20480 | SPS=1376
update 20/390 | step=40960 | SPS=1317
update 30/390 | step=61440 | SPS=1312
update 40/390 | step=81920 | SPS=1309
[100016] Regime switch detected! 0 -> 1. Snapshotting anchor model.
update 50/390 | step=102400 | SPS=1306
update 60/390 | step=122880 | SPS=1304
update 70/390 | step=143360 | SPS=1311
update 80/390 | step=163840 | SPS=1317
update 90/390 | step=184320 | SPS=1304
[200016] Regime switch detected! 1 -> 0. Snapshotting anchor model.
update 100/390 | step=204800 | SPS=1298
update 110/390 | step=225280 | SPS=1293
update 120/390 | step=245760 | SPS=1287
update 130/390 | step=266240 | SPS=1282
update 140/390 | step=286720 | SPS=1276
[300016] Regime switch detected! 0 -> 1. Snapshotting anchor model.
update 150/390 | step=307200 | SPS=1270
update 160/390 | step=327680 | SPS=1266
update 170/390 | step=348160 | SPS=1265
update 180/390 | step=368640 | SPS=1268
update 190/390 | step=389120 | SPS=1268
[400016] Regime switch detected! 1 -> 0. Snapshotting anchor model.
update 200/390 | step=409600 | SPS=1269
update 210/390 | step=430080 | SPS=1267
update 220/390 | step=450560 | SPS=1266
update 230/390 | step=471040 | SPS=1263
update 240/390 | step=491520 | SPS=1261
[500016] Regime switch detected! 0 -> 1. Snapshotting anchor model.
update 250/390 | step=512000 | SPS=1262
update 260/390 | step=532480 | SPS=1265
update 270/390 | step=552960 | SPS=1266
update 280/390 | step=573440 | SPS=1268
update 290/390 | step=593920 | SPS=1271
[600016] Regime switch detected! 1 -> 0. Snapshotting anchor model.
update 300/390 | step=614400 | SPS=1271
update 310/390 | step=634880 | SPS=1271
update 320/390 | step=655360 | SPS=1272
update 330/390 | step=675840 | SPS=1274
update 340/390 | step=696320 | SPS=1273
[700016] Regime switch detected! 0 -> 1. Snapshotting anchor model.
update 350/390 | step=716800 | SPS=1271
update 360/390 | step=737280 | SPS=1272
update 370/390 | step=757760 | SPS=1273
update 380/390 | step=778240 | SPS=1274
update 390/390 | step=798720 | SPS=1275
Episode 56/60 | reward=3.9896 | avg10=3.0986 | avg_success_rate=0.6700 | steps=38 | time=629.3s
update 10/390 | step=20480 | SPS=1414
update 20/390 | step=40960 | SPS=1368
update 30/390 | step=61440 | SPS=1338
update 40/390 | step=81920 | SPS=1315
[100016] Regime switch detected! 0 -> 1. Snapshotting anchor model.
update 50/390 | step=102400 | SPS=1303
update 60/390 | step=122880 | SPS=1296
update 70/390 | step=143360 | SPS=1302
update 80/390 | step=163840 | SPS=1294
update 90/390 | step=184320 | SPS=1294
[200016] Regime switch detected! 1 -> 0. Snapshotting anchor model.
update 100/390 | step=204800 | SPS=1300
update 110/390 | step=225280 | SPS=1300
update 120/390 | step=245760 | SPS=1293
update 130/390 | step=266240 | SPS=1295
update 140/390 | step=286720 | SPS=1295
[300016] Regime switch detected! 0 -> 1. Snapshotting anchor model.
update 150/390 | step=307200 | SPS=1289
update 160/390 | step=327680 | SPS=1286
update 170/390 | step=348160 | SPS=1284
update 180/390 | step=368640 | SPS=1280
update 190/390 | step=389120 | SPS=1280
[400016] Regime switch detected! 1 -> 0. Snapshotting anchor model.
update 200/390 | step=409600 | SPS=1278
update 210/390 | step=430080 | SPS=1279
update 220/390 | step=450560 | SPS=1282
update 230/390 | step=471040 | SPS=1281
update 240/390 | step=491520 | SPS=1285
[500016] Regime switch detected! 0 -> 1. Snapshotting anchor model.
update 250/390 | step=512000 | SPS=1288
update 260/390 | step=532480 | SPS=1290
update 270/390 | step=552960 | SPS=1290
update 280/390 | step=573440 | SPS=1288
update 290/390 | step=593920 | SPS=1288
[600016] Regime switch detected! 1 -> 0. Snapshotting anchor model.
update 300/390 | step=614400 | SPS=1290
update 310/390 | step=634880 | SPS=1291
update 320/390 | step=655360 | SPS=1288
update 330/390 | step=675840 | SPS=1285
update 340/390 | step=696320 | SPS=1283
[700016] Regime switch detected! 0 -> 1. Snapshotting anchor model.
update 350/390 | step=716800 | SPS=1282
update 360/390 | step=737280 | SPS=1279
update 370/390 | step=757760 | SPS=1277
update 380/390 | step=778240 | SPS=1277
update 390/390 | step=798720 | SPS=1279
Episode 57/60 | reward=5.0020 | avg10=3.0913 | avg_success_rate=0.9200 | steps=38 | time=627.6s
update 10/390 | step=20480 | SPS=1257
update 20/390 | step=40960 | SPS=1225
update 30/390 | step=61440 | SPS=1227
update 40/390 | step=81920 | SPS=1241
[100016] Regime switch detected! 0 -> 1. Snapshotting anchor model.
update 50/390 | step=102400 | SPS=1230
update 60/390 | step=122880 | SPS=1234
update 70/390 | step=143360 | SPS=1247
update 80/390 | step=163840 | SPS=1258
update 90/390 | step=184320 | SPS=1261
[200016] Regime switch detected! 1 -> 0. Snapshotting anchor model.
update 100/390 | step=204800 | SPS=1258
update 110/390 | step=225280 | SPS=1256
update 120/390 | step=245760 | SPS=1252
update 130/390 | step=266240 | SPS=1248
update 140/390 | step=286720 | SPS=1250
[300016] Regime switch detected! 0 -> 1. Snapshotting anchor model.
update 150/390 | step=307200 | SPS=1253
update 160/390 | step=327680 | SPS=1259
update 170/390 | step=348160 | SPS=1264
update 180/390 | step=368640 | SPS=1262
update 190/390 | step=389120 | SPS=1264
[400016] Regime switch detected! 1 -> 0. Snapshotting anchor model.
update 200/390 | step=409600 | SPS=1267
update 210/390 | step=430080 | SPS=1269
update 220/390 | step=450560 | SPS=1267
update 230/390 | step=471040 | SPS=1271
update 240/390 | step=491520 | SPS=1267
[500016] Regime switch detected! 0 -> 1. Snapshotting anchor model.
update 250/390 | step=512000 | SPS=1266
update 260/390 | step=532480 | SPS=1263
update 270/390 | step=552960 | SPS=1263
update 280/390 | step=573440 | SPS=1262
update 290/390 | step=593920 | SPS=1260
[600016] Regime switch detected! 1 -> 0. Snapshotting anchor model.
update 300/390 | step=614400 | SPS=1259
update 310/390 | step=634880 | SPS=1256
update 320/390 | step=655360 | SPS=1255
update 330/390 | step=675840 | SPS=1254
update 340/390 | step=696320 | SPS=1254
[700016] Regime switch detected! 0 -> 1. Snapshotting anchor model.
update 350/390 | step=716800 | SPS=1254
update 360/390 | step=737280 | SPS=1252
update 370/390 | step=757760 | SPS=1252
update 380/390 | step=778240 | SPS=1252
update 390/390 | step=798720 | SPS=1251
Episode 58/60 | reward=0.4918 | avg10=2.8443 | avg_success_rate=0.4100 | steps=38 | time=641.2s
update 10/390 | step=20480 | SPS=1249
update 20/390 | step=40960 | SPS=1223
update 30/390 | step=61440 | SPS=1226
update 40/390 | step=81920 | SPS=1246
[100016] Regime switch detected! 0 -> 1. Snapshotting anchor model.
update 50/390 | step=102400 | SPS=1258
update 60/390 | step=122880 | SPS=1257
update 70/390 | step=143360 | SPS=1273
update 80/390 | step=163840 | SPS=1281
update 90/390 | step=184320 | SPS=1284
[200016] Regime switch detected! 1 -> 0. Snapshotting anchor model.
update 100/390 | step=204800 | SPS=1292
update 110/390 | step=225280 | SPS=1297
update 120/390 | step=245760 | SPS=1299
update 130/390 | step=266240 | SPS=1297
update 140/390 | step=286720 | SPS=1299
[300016] Regime switch detected! 0 -> 1. Snapshotting anchor model.
update 150/390 | step=307200 | SPS=1300
update 160/390 | step=327680 | SPS=1300
update 170/390 | step=348160 | SPS=1298
update 180/390 | step=368640 | SPS=1295
update 190/390 | step=389120 | SPS=1294
[400016] Regime switch detected! 1 -> 0. Snapshotting anchor model.
update 200/390 | step=409600 | SPS=1297
update 210/390 | step=430080 | SPS=1299
update 220/390 | step=450560 | SPS=1293
update 230/390 | step=471040 | SPS=1289
update 240/390 | step=491520 | SPS=1284
[500016] Regime switch detected! 0 -> 1. Snapshotting anchor model.
update 250/390 | step=512000 | SPS=1280
update 260/390 | step=532480 | SPS=1278
update 270/390 | step=552960 | SPS=1276
update 280/390 | step=573440 | SPS=1279
update 290/390 | step=593920 | SPS=1280
[600016] Regime switch detected! 1 -> 0. Snapshotting anchor model.
update 300/390 | step=614400 | SPS=1278
update 310/390 | step=634880 | SPS=1275
update 320/390 | step=655360 | SPS=1272
update 330/390 | step=675840 | SPS=1270
update 340/390 | step=696320 | SPS=1268
[700016] Regime switch detected! 0 -> 1. Snapshotting anchor model.
update 350/390 | step=716800 | SPS=1266
update 360/390 | step=737280 | SPS=1266
update 370/390 | step=757760 | SPS=1263
update 380/390 | step=778240 | SPS=1261
update 390/390 | step=798720 | SPS=1258
Episode 59/60 | reward=-0.0581 | avg10=2.6903 | avg_success_rate=0.2800 | steps=38 | time=637.6s
update 10/390 | step=20480 | SPS=1271
update 20/390 | step=40960 | SPS=1233
update 30/390 | step=61440 | SPS=1234
update 40/390 | step=81920 | SPS=1242
[100016] Regime switch detected! 0 -> 1. Snapshotting anchor model.
update 50/390 | step=102400 | SPS=1233
update 60/390 | step=122880 | SPS=1232
update 70/390 | step=143360 | SPS=1231
update 80/390 | step=163840 | SPS=1229
update 90/390 | step=184320 | SPS=1226
[200016] Regime switch detected! 1 -> 0. Snapshotting anchor model.
update 100/390 | step=204800 | SPS=1227
update 110/390 | step=225280 | SPS=1228
update 120/390 | step=245760 | SPS=1228
update 130/390 | step=266240 | SPS=1230
update 140/390 | step=286720 | SPS=1233
[300016] Regime switch detected! 0 -> 1. Snapshotting anchor model.
update 150/390 | step=307200 | SPS=1233
update 160/390 | step=327680 | SPS=1235
update 170/390 | step=348160 | SPS=1239
update 180/390 | step=368640 | SPS=1239
update 190/390 | step=389120 | SPS=1237
[400016] Regime switch detected! 1 -> 0. Snapshotting anchor model.
update 200/390 | step=409600 | SPS=1237
update 210/390 | step=430080 | SPS=1236
update 220/390 | step=450560 | SPS=1233
update 230/390 | step=471040 | SPS=1232
update 240/390 | step=491520 | SPS=1230
[500016] Regime switch detected! 0 -> 1. Snapshotting anchor model.
update 250/390 | step=512000 | SPS=1228
update 260/390 | step=532480 | SPS=1230
update 270/390 | step=552960 | SPS=1234
update 280/390 | step=573440 | SPS=1238
update 290/390 | step=593920 | SPS=1242
[600016] Regime switch detected! 1 -> 0. Snapshotting anchor model.
update 300/390 | step=614400 | SPS=1247
update 310/390 | step=634880 | SPS=1251
update 320/390 | step=655360 | SPS=1254
update 330/390 | step=675840 | SPS=1258
update 340/390 | step=696320 | SPS=1262
[700016] Regime switch detected! 0 -> 1. Snapshotting anchor model.
update 350/390 | step=716800 | SPS=1265
update 360/390 | step=737280 | SPS=1268
update 370/390 | step=757760 | SPS=1272
update 380/390 | step=778240 | SPS=1275
update 390/390 | step=798720 | SPS=1278
Episode 60/60 | reward=3.1055 | avg10=2.9992 | avg_success_rate=0.9500 | steps=38 | time=627.9s
  [brain ckpt] runs/calib8x8_brain_neuromod_trainable_long_seed6_20260702-044135/episode_60/brain_ep60.pt
Saved Brain model to: runs/calib8x8_brain_neuromod_trainable_long_seed6_20260702-044135/brain_model.pt

Brain training complete. Total RL episodes: 60
