Saved configuration to: runs/calib8x8_brain_neuromod_trainable_long_seed7_20260702-044135/config.txt
Training Brain on cuda for 60 RL episodes
  Inner: 800000 timesteps, regime switch every 100000 steps
  Parallel Envs: 1
  Brain vectorization: sync
  Decision interval: 10 inner updates

--- Starting Meta-RL PPO Training (Target: 60) ---
update 10/390 | step=20480 | SPS=1229
update 20/390 | step=40960 | SPS=1243
update 30/390 | step=61440 | SPS=1230
update 40/390 | step=81920 | SPS=1213
[100016] Regime switch detected! 0 -> 1. Snapshotting anchor model.
update 50/390 | step=102400 | SPS=1211
update 60/390 | step=122880 | SPS=1211
update 70/390 | step=143360 | SPS=1214
update 80/390 | step=163840 | SPS=1213
update 90/390 | step=184320 | SPS=1217
[200016] Regime switch detected! 1 -> 0. Snapshotting anchor model.
update 100/390 | step=204800 | SPS=1226
update 110/390 | step=225280 | SPS=1233
update 120/390 | step=245760 | SPS=1240
update 130/390 | step=266240 | SPS=1245
update 140/390 | step=286720 | SPS=1252
[300016] Regime switch detected! 0 -> 1. Snapshotting anchor model.
update 150/390 | step=307200 | SPS=1249
update 160/390 | step=327680 | SPS=1250
update 170/390 | step=348160 | SPS=1251
update 180/390 | step=368640 | SPS=1256
update 190/390 | step=389120 | SPS=1260
[400016] Regime switch detected! 1 -> 0. Snapshotting anchor model.
update 200/390 | step=409600 | SPS=1262
update 210/390 | step=430080 | SPS=1262
update 220/390 | step=450560 | SPS=1260
update 230/390 | step=471040 | SPS=1258
update 240/390 | step=491520 | SPS=1255
[500016] Regime switch detected! 0 -> 1. Snapshotting anchor model.
update 250/390 | step=512000 | SPS=1254
update 260/390 | step=532480 | SPS=1253
update 270/390 | step=552960 | SPS=1255
update 280/390 | step=573440 | SPS=1257
update 290/390 | step=593920 | SPS=1260
[600016] Regime switch detected! 1 -> 0. Snapshotting anchor model.
update 300/390 | step=614400 | SPS=1261
update 310/390 | step=634880 | SPS=1262
update 320/390 | step=655360 | SPS=1264
update 330/390 | step=675840 | SPS=1265
update 340/390 | step=696320 | SPS=1268
[700016] Regime switch detected! 0 -> 1. Snapshotting anchor model.
update 350/390 | step=716800 | SPS=1268
update 360/390 | step=737280 | SPS=1267
update 370/390 | step=757760 | SPS=1266
update 380/390 | step=778240 | SPS=1266
update 390/390 | step=798720 | SPS=1268
Episode 1/60 | reward=1.6387 | avg10=1.6387 | avg_success_rate=0.6100 | steps=38 | time=634.8s
update 10/390 | step=20480 | SPS=1262
update 20/390 | step=40960 | SPS=1291
update 30/390 | step=61440 | SPS=1286
update 40/390 | step=81920 | SPS=1286
[100016] Regime switch detected! 0 -> 1. Snapshotting anchor model.
update 50/390 | step=102400 | SPS=1294
update 60/390 | step=122880 | SPS=1301
update 70/390 | step=143360 | SPS=1286
update 80/390 | step=163840 | SPS=1283
update 90/390 | step=184320 | SPS=1275
[200016] Regime switch detected! 1 -> 0. Snapshotting anchor model.
update 100/390 | step=204800 | SPS=1277
update 110/390 | step=225280 | SPS=1276
update 120/390 | step=245760 | SPS=1278
update 130/390 | step=266240 | SPS=1281
update 140/390 | step=286720 | SPS=1283
[300016] Regime switch detected! 0 -> 1. Snapshotting anchor model.
update 150/390 | step=307200 | SPS=1285
update 160/390 | step=327680 | SPS=1287
update 170/390 | step=348160 | SPS=1288
update 180/390 | step=368640 | SPS=1289
update 190/390 | step=389120 | SPS=1292
[400016] Regime switch detected! 1 -> 0. Snapshotting anchor model.
update 200/390 | step=409600 | SPS=1294
update 210/390 | step=430080 | SPS=1291
update 220/390 | step=450560 | SPS=1294
update 230/390 | step=471040 | SPS=1291
update 240/390 | step=491520 | SPS=1290
[500016] Regime switch detected! 0 -> 1. Snapshotting anchor model.
update 250/390 | step=512000 | SPS=1290
update 260/390 | step=532480 | SPS=1289
update 270/390 | step=552960 | SPS=1285
update 280/390 | step=573440 | SPS=1286
update 290/390 | step=593920 | SPS=1284
[600016] Regime switch detected! 1 -> 0. Snapshotting anchor model.
update 300/390 | step=614400 | SPS=1283
update 310/390 | step=634880 | SPS=1284
update 320/390 | step=655360 | SPS=1284
update 330/390 | step=675840 | SPS=1284
update 340/390 | step=696320 | SPS=1283
[700016] Regime switch detected! 0 -> 1. Snapshotting anchor model.
update 350/390 | step=716800 | SPS=1283
update 360/390 | step=737280 | SPS=1284
update 370/390 | step=757760 | SPS=1283
update 380/390 | step=778240 | SPS=1282
update 390/390 | step=798720 | SPS=1283
Episode 2/60 | reward=2.6529 | avg10=2.1458 | avg_success_rate=0.7900 | steps=38 | time=625.6s
update 10/390 | step=20480 | SPS=1422
update 20/390 | step=40960 | SPS=1396
update 30/390 | step=61440 | SPS=1370
update 40/390 | step=81920 | SPS=1343
[100016] Regime switch detected! 0 -> 1. Snapshotting anchor model.
update 50/390 | step=102400 | SPS=1339
update 60/390 | step=122880 | SPS=1339
update 70/390 | step=143360 | SPS=1335
update 80/390 | step=163840 | SPS=1331
update 90/390 | step=184320 | SPS=1326
[200016] Regime switch detected! 1 -> 0. Snapshotting anchor model.
update 100/390 | step=204800 | SPS=1321
update 110/390 | step=225280 | SPS=1319
update 120/390 | step=245760 | SPS=1311
update 130/390 | step=266240 | SPS=1311
update 140/390 | step=286720 | SPS=1306
[300016] Regime switch detected! 0 -> 1. Snapshotting anchor model.
update 150/390 | step=307200 | SPS=1306
update 160/390 | step=327680 | SPS=1305
update 170/390 | step=348160 | SPS=1304
update 180/390 | step=368640 | SPS=1302
update 190/390 | step=389120 | SPS=1303
[400016] Regime switch detected! 1 -> 0. Snapshotting anchor model.
update 200/390 | step=409600 | SPS=1302
update 210/390 | step=430080 | SPS=1302
update 220/390 | step=450560 | SPS=1299
update 230/390 | step=471040 | SPS=1296
update 240/390 | step=491520 | SPS=1293
[500016] Regime switch detected! 0 -> 1. Snapshotting anchor model.
update 250/390 | step=512000 | SPS=1291
update 260/390 | step=532480 | SPS=1288
update 270/390 | step=552960 | SPS=1284
update 280/390 | step=573440 | SPS=1281
update 290/390 | step=593920 | SPS=1278
[600016] Regime switch detected! 1 -> 0. Snapshotting anchor model.
update 300/390 | step=614400 | SPS=1278
update 310/390 | step=634880 | SPS=1276
update 320/390 | step=655360 | SPS=1273
update 330/390 | step=675840 | SPS=1273
update 340/390 | step=696320 | SPS=1272
[700016] Regime switch detected! 0 -> 1. Snapshotting anchor model.
update 350/390 | step=716800 | SPS=1270
update 360/390 | step=737280 | SPS=1270
update 370/390 | step=757760 | SPS=1271
update 380/390 | step=778240 | SPS=1270
update 390/390 | step=798720 | SPS=1271
Episode 3/60 | reward=4.2392 | avg10=2.8436 | avg_success_rate=0.9700 | steps=38 | time=631.2s
update 10/390 | step=20480 | SPS=1256
update 20/390 | step=40960 | SPS=1238
update 30/390 | step=61440 | SPS=1226
update 40/390 | step=81920 | SPS=1216
[100016] Regime switch detected! 0 -> 1. Snapshotting anchor model.
update 50/390 | step=102400 | SPS=1231
update 60/390 | step=122880 | SPS=1244
update 70/390 | step=143360 | SPS=1256
update 80/390 | step=163840 | SPS=1264
update 90/390 | step=184320 | SPS=1265
[200016] Regime switch detected! 1 -> 0. Snapshotting anchor model.
update 100/390 | step=204800 | SPS=1272
update 110/390 | step=225280 | SPS=1277
update 120/390 | step=245760 | SPS=1281
update 130/390 | step=266240 | SPS=1281
update 140/390 | step=286720 | SPS=1276
[300016] Regime switch detected! 0 -> 1. Snapshotting anchor model.
update 150/390 | step=307200 | SPS=1272
update 160/390 | step=327680 | SPS=1269
update 170/390 | step=348160 | SPS=1270
update 180/390 | step=368640 | SPS=1272
update 190/390 | step=389120 | SPS=1274
[400016] Regime switch detected! 1 -> 0. Snapshotting anchor model.
update 200/390 | step=409600 | SPS=1271
update 210/390 | step=430080 | SPS=1270
update 220/390 | step=450560 | SPS=1268
update 230/390 | step=471040 | SPS=1270
update 240/390 | step=491520 | SPS=1271
[500016] Regime switch detected! 0 -> 1. Snapshotting anchor model.
update 250/390 | step=512000 | SPS=1274
update 260/390 | step=532480 | SPS=1276
update 270/390 | step=552960 | SPS=1277
update 280/390 | step=573440 | SPS=1280
update 290/390 | step=593920 | SPS=1280
[600016] Regime switch detected! 1 -> 0. Snapshotting anchor model.
update 300/390 | step=614400 | SPS=1281
update 310/390 | step=634880 | SPS=1282
update 320/390 | step=655360 | SPS=1283
update 330/390 | step=675840 | SPS=1282
update 340/390 | step=696320 | SPS=1284
[700016] Regime switch detected! 0 -> 1. Snapshotting anchor model.
update 350/390 | step=716800 | SPS=1285
update 360/390 | step=737280 | SPS=1283
update 370/390 | step=757760 | SPS=1283
update 380/390 | step=778240 | SPS=1284
update 390/390 | step=798720 | SPS=1283
Episode 4/60 | reward=3.4191 | avg10=2.9875 | avg_success_rate=0.8200 | steps=38 | time=625.3s
update 10/390 | step=20480 | SPS=1264
update 20/390 | step=40960 | SPS=1238
update 30/390 | step=61440 | SPS=1230
update 40/390 | step=81920 | SPS=1218
[100016] Regime switch detected! 0 -> 1. Snapshotting anchor model.
update 50/390 | step=102400 | SPS=1219
update 60/390 | step=122880 | SPS=1230
update 70/390 | step=143360 | SPS=1241
update 80/390 | step=163840 | SPS=1254
update 90/390 | step=184320 | SPS=1260
[200016] Regime switch detected! 1 -> 0. Snapshotting anchor model.
update 100/390 | step=204800 | SPS=1267
update 110/390 | step=225280 | SPS=1270
update 120/390 | step=245760 | SPS=1267
update 130/390 | step=266240 | SPS=1260
update 140/390 | step=286720 | SPS=1257
[300016] Regime switch detected! 0 -> 1. Snapshotting anchor model.
update 150/390 | step=307200 | SPS=1259
update 160/390 | step=327680 | SPS=1260
update 170/390 | step=348160 | SPS=1255
update 180/390 | step=368640 | SPS=1252
update 190/390 | step=389120 | SPS=1255
[400016] Regime switch detected! 1 -> 0. Snapshotting anchor model.
update 200/390 | step=409600 | SPS=1257
update 210/390 | step=430080 | SPS=1255
update 220/390 | step=450560 | SPS=1253
update 230/390 | step=471040 | SPS=1255
update 240/390 | step=491520 | SPS=1256
[500016] Regime switch detected! 0 -> 1. Snapshotting anchor model.
update 250/390 | step=512000 | SPS=1256
update 260/390 | step=532480 | SPS=1254
update 270/390 | step=552960 | SPS=1256
update 280/390 | step=573440 | SPS=1259
update 290/390 | step=593920 | SPS=1259
[600016] Regime switch detected! 1 -> 0. Snapshotting anchor model.
update 300/390 | step=614400 | SPS=1262
update 310/390 | step=634880 | SPS=1262
update 320/390 | step=655360 | SPS=1261
update 330/390 | step=675840 | SPS=1259
update 340/390 | step=696320 | SPS=1258
[700016] Regime switch detected! 0 -> 1. Snapshotting anchor model.
update 350/390 | step=716800 | SPS=1257
update 360/390 | step=737280 | SPS=1257
update 370/390 | step=757760 | SPS=1257
update 380/390 | step=778240 | SPS=1257
update 390/390 | step=798720 | SPS=1256
Episode 5/60 | reward=1.5448 | avg10=2.6990 | avg_success_rate=0.7800 | steps=38 | time=638.8s
  [brain ckpt] runs/calib8x8_brain_neuromod_trainable_long_seed7_20260702-044135/episode_5/brain_ep5.pt
update 10/390 | step=20480 | SPS=1326
update 20/390 | step=40960 | SPS=1290
update 30/390 | step=61440 | SPS=1265
update 40/390 | step=81920 | SPS=1239
[100016] Regime switch detected! 0 -> 1. Snapshotting anchor model.
update 50/390 | step=102400 | SPS=1237
update 60/390 | step=122880 | SPS=1250
update 70/390 | step=143360 | SPS=1252
update 80/390 | step=163840 | SPS=1263
update 90/390 | step=184320 | SPS=1267
[200016] Regime switch detected! 1 -> 0. Snapshotting anchor model.
update 100/390 | step=204800 | SPS=1270
update 110/390 | step=225280 | SPS=1271
update 120/390 | step=245760 | SPS=1274
update 130/390 | step=266240 | SPS=1271
update 140/390 | step=286720 | SPS=1269
[300016] Regime switch detected! 0 -> 1. Snapshotting anchor model.
update 150/390 | step=307200 | SPS=1264
update 160/390 | step=327680 | SPS=1264
update 170/390 | step=348160 | SPS=1267
update 180/390 | step=368640 | SPS=1270
update 190/390 | step=389120 | SPS=1272
[400016] Regime switch detected! 1 -> 0. Snapshotting anchor model.
update 200/390 | step=409600 | SPS=1275
update 210/390 | step=430080 | SPS=1277
update 220/390 | step=450560 | SPS=1280
update 230/390 | step=471040 | SPS=1281
update 240/390 | step=491520 | SPS=1282
[500016] Regime switch detected! 0 -> 1. Snapshotting anchor model.
update 250/390 | step=512000 | SPS=1283
update 260/390 | step=532480 | SPS=1284
update 270/390 | step=552960 | SPS=1285
update 280/390 | step=573440 | SPS=1285
update 290/390 | step=593920 | SPS=1281
[600016] Regime switch detected! 1 -> 0. Snapshotting anchor model.
update 300/390 | step=614400 | SPS=1282
update 310/390 | step=634880 | SPS=1284
update 320/390 | step=655360 | SPS=1285
update 330/390 | step=675840 | SPS=1285
update 340/390 | step=696320 | SPS=1287
[700016] Regime switch detected! 0 -> 1. Snapshotting anchor model.
update 350/390 | step=716800 | SPS=1286
update 360/390 | step=737280 | SPS=1285
update 370/390 | step=757760 | SPS=1284
update 380/390 | step=778240 | SPS=1285
update 390/390 | step=798720 | SPS=1287
Episode 6/60 | reward=3.8868 | avg10=2.8969 | avg_success_rate=0.9700 | steps=38 | time=623.6s
update 10/390 | step=20480 | SPS=1286
update 20/390 | step=40960 | SPS=1276
update 30/390 | step=61440 | SPS=1267
update 40/390 | step=81920 | SPS=1243
[100016] Regime switch detected! 0 -> 1. Snapshotting anchor model.
update 50/390 | step=102400 | SPS=1244
update 60/390 | step=122880 | SPS=1254
update 70/390 | step=143360 | SPS=1264
update 80/390 | step=163840 | SPS=1274
update 90/390 | step=184320 | SPS=1279
[200016] Regime switch detected! 1 -> 0. Snapshotting anchor model.
update 100/390 | step=204800 | SPS=1281
update 110/390 | step=225280 | SPS=1282
update 120/390 | step=245760 | SPS=1284
update 130/390 | step=266240 | SPS=1283
update 140/390 | step=286720 | SPS=1285
[300016] Regime switch detected! 0 -> 1. Snapshotting anchor model.
update 150/390 | step=307200 | SPS=1279
update 160/390 | step=327680 | SPS=1278
update 170/390 | step=348160 | SPS=1275
update 180/390 | step=368640 | SPS=1270
update 190/390 | step=389120 | SPS=1272
[400016] Regime switch detected! 1 -> 0. Snapshotting anchor model.
update 200/390 | step=409600 | SPS=1275
update 210/390 | step=430080 | SPS=1275
update 220/390 | step=450560 | SPS=1276
update 230/390 | step=471040 | SPS=1276
update 240/390 | step=491520 | SPS=1278
[500016] Regime switch detected! 0 -> 1. Snapshotting anchor model.
update 250/390 | step=512000 | SPS=1280
update 260/390 | step=532480 | SPS=1280
update 270/390 | step=552960 | SPS=1282
update 280/390 | step=573440 | SPS=1282
update 290/390 | step=593920 | SPS=1282
[600016] Regime switch detected! 1 -> 0. Snapshotting anchor model.
update 300/390 | step=614400 | SPS=1283
update 310/390 | step=634880 | SPS=1285
update 320/390 | step=655360 | SPS=1286
update 330/390 | step=675840 | SPS=1288
update 340/390 | step=696320 | SPS=1289
[700016] Regime switch detected! 0 -> 1. Snapshotting anchor model.
update 350/390 | step=716800 | SPS=1289
update 360/390 | step=737280 | SPS=1288
update 370/390 | step=757760 | SPS=1290
update 380/390 | step=778240 | SPS=1291
update 390/390 | step=798720 | SPS=1290
Episode 7/60 | reward=5.9258 | avg10=3.3296 | avg_success_rate=0.9500 | steps=38 | time=621.9s
update 10/390 | step=20480 | SPS=1280
update 20/390 | step=40960 | SPS=1269
update 30/390 | step=61440 | SPS=1268
update 40/390 | step=81920 | SPS=1253
[100016] Regime switch detected! 0 -> 1. Snapshotting anchor model.
update 50/390 | step=102400 | SPS=1262
update 60/390 | step=122880 | SPS=1258
update 70/390 | step=143360 | SPS=1251
update 80/390 | step=163840 | SPS=1251
update 90/390 | step=184320 | SPS=1244
[200016] Regime switch detected! 1 -> 0. Snapshotting anchor model.
update 100/390 | step=204800 | SPS=1251
update 110/390 | step=225280 | SPS=1256
update 120/390 | step=245760 | SPS=1258
update 130/390 | step=266240 | SPS=1263
update 140/390 | step=286720 | SPS=1257
[300016] Regime switch detected! 0 -> 1. Snapshotting anchor model.
update 150/390 | step=307200 | SPS=1251
update 160/390 | step=327680 | SPS=1247
update 170/390 | step=348160 | SPS=1246
update 180/390 | step=368640 | SPS=1244
update 190/390 | step=389120 | SPS=1243
[400016] Regime switch detected! 1 -> 0. Snapshotting anchor model.
update 200/390 | step=409600 | SPS=1247
update 210/390 | step=430080 | SPS=1248
update 220/390 | step=450560 | SPS=1250
update 230/390 | step=471040 | SPS=1249
update 240/390 | step=491520 | SPS=1252
[500016] Regime switch detected! 0 -> 1. Snapshotting anchor model.
update 250/390 | step=512000 | SPS=1255
update 260/390 | step=532480 | SPS=1256
update 270/390 | step=552960 | SPS=1260
update 280/390 | step=573440 | SPS=1260
update 290/390 | step=593920 | SPS=1261
[600016] Regime switch detected! 1 -> 0. Snapshotting anchor model.
update 300/390 | step=614400 | SPS=1262
update 310/390 | step=634880 | SPS=1264
update 320/390 | step=655360 | SPS=1266
update 330/390 | step=675840 | SPS=1265
update 340/390 | step=696320 | SPS=1263
[700016] Regime switch detected! 0 -> 1. Snapshotting anchor model.
update 350/390 | step=716800 | SPS=1265
update 360/390 | step=737280 | SPS=1267
update 370/390 | step=757760 | SPS=1265
update 380/390 | step=778240 | SPS=1264
update 390/390 | step=798720 | SPS=1263
Episode 8/60 | reward=2.0522 | avg10=3.1700 | avg_success_rate=0.9300 | steps=38 | time=635.2s
update 10/390 | step=20480 | SPS=1313
update 20/390 | step=40960 | SPS=1289
update 30/390 | step=61440 | SPS=1287
update 40/390 | step=81920 | SPS=1279
[100016] Regime switch detected! 0 -> 1. Snapshotting anchor model.
update 50/390 | step=102400 | SPS=1288
update 60/390 | step=122880 | SPS=1295
update 70/390 | step=143360 | SPS=1301
update 80/390 | step=163840 | SPS=1304
update 90/390 | step=184320 | SPS=1306
[200016] Regime switch detected! 1 -> 0. Snapshotting anchor model.
update 100/390 | step=204800 | SPS=1311
update 110/390 | step=225280 | SPS=1311
update 120/390 | step=245760 | SPS=1309
update 130/390 | step=266240 | SPS=1304
update 140/390 | step=286720 | SPS=1301
[300016] Regime switch detected! 0 -> 1. Snapshotting anchor model.
update 150/390 | step=307200 | SPS=1303
update 160/390 | step=327680 | SPS=1305
update 170/390 | step=348160 | SPS=1303
update 180/390 | step=368640 | SPS=1304
update 190/390 | step=389120 | SPS=1303
[400016] Regime switch detected! 1 -> 0. Snapshotting anchor model.
update 200/390 | step=409600 | SPS=1302
update 210/390 | step=430080 | SPS=1303
update 220/390 | step=450560 | SPS=1305
update 230/390 | step=471040 | SPS=1304
update 240/390 | step=491520 | SPS=1305
[500016] Regime switch detected! 0 -> 1. Snapshotting anchor model.
update 250/390 | step=512000 | SPS=1307
update 260/390 | step=532480 | SPS=1309
update 270/390 | step=552960 | SPS=1308
update 280/390 | step=573440 | SPS=1308
update 290/390 | step=593920 | SPS=1308
[600016] Regime switch detected! 1 -> 0. Snapshotting anchor model.
update 300/390 | step=614400 | SPS=1307
update 310/390 | step=634880 | SPS=1305
update 320/390 | step=655360 | SPS=1302
update 330/390 | step=675840 | SPS=1299
update 340/390 | step=696320 | SPS=1298
[700016] Regime switch detected! 0 -> 1. Snapshotting anchor model.
update 350/390 | step=716800 | SPS=1295
update 360/390 | step=737280 | SPS=1294
update 370/390 | step=757760 | SPS=1292
update 380/390 | step=778240 | SPS=1291
update 390/390 | step=798720 | SPS=1291
Episode 9/60 | reward=3.3908 | avg10=3.1945 | avg_success_rate=0.8500 | steps=38 | time=621.7s
update 10/390 | step=20480 | SPS=1266
update 20/390 | step=40960 | SPS=1263
update 30/390 | step=61440 | SPS=1265
update 40/390 | step=81920 | SPS=1246
[100016] Regime switch detected! 0 -> 1. Snapshotting anchor model.
update 50/390 | step=102400 | SPS=1257
update 60/390 | step=122880 | SPS=1268
update 70/390 | step=143360 | SPS=1268
update 80/390 | step=163840 | SPS=1273
update 90/390 | step=184320 | SPS=1280
[200016] Regime switch detected! 1 -> 0. Snapshotting anchor model.
update 100/390 | step=204800 | SPS=1285
update 110/390 | step=225280 | SPS=1282
update 120/390 | step=245760 | SPS=1274
update 130/390 | step=266240 | SPS=1269
update 140/390 | step=286720 | SPS=1265
[300016] Regime switch detected! 0 -> 1. Snapshotting anchor model.
update 150/390 | step=307200 | SPS=1259
update 160/390 | step=327680 | SPS=1259
update 170/390 | step=348160 | SPS=1263
update 180/390 | step=368640 | SPS=1268
update 190/390 | step=389120 | SPS=1269
[400016] Regime switch detected! 1 -> 0. Snapshotting anchor model.
update 200/390 | step=409600 | SPS=1272
update 210/390 | step=430080 | SPS=1270
update 220/390 | step=450560 | SPS=1267
update 230/390 | step=471040 | SPS=1267
update 240/390 | step=491520 | SPS=1270
[500016] Regime switch detected! 0 -> 1. Snapshotting anchor model.
update 250/390 | step=512000 | SPS=1273
update 260/390 | step=532480 | SPS=1276
update 270/390 | step=552960 | SPS=1274
update 280/390 | step=573440 | SPS=1273
update 290/390 | step=593920 | SPS=1274
[600016] Regime switch detected! 1 -> 0. Snapshotting anchor model.
update 300/390 | step=614400 | SPS=1273
update 310/390 | step=634880 | SPS=1271
update 320/390 | step=655360 | SPS=1268
update 330/390 | step=675840 | SPS=1266
update 340/390 | step=696320 | SPS=1265
[700016] Regime switch detected! 0 -> 1. Snapshotting anchor model.
update 350/390 | step=716800 | SPS=1264
update 360/390 | step=737280 | SPS=1264
update 370/390 | step=757760 | SPS=1262
update 380/390 | step=778240 | SPS=1262
update 390/390 | step=798720 | SPS=1261
Episode 10/60 | reward=3.4614 | avg10=3.2212 | avg_success_rate=0.8700 | steps=38 | time=636.1s
  [brain ckpt] runs/calib8x8_brain_neuromod_trainable_long_seed7_20260702-044135/episode_10/brain_ep10.pt
update 10/390 | step=20480 | SPS=1331
update 20/390 | step=40960 | SPS=1291
update 30/390 | step=61440 | SPS=1279
update 40/390 | step=81920 | SPS=1268
[100016] Regime switch detected! 0 -> 1. Snapshotting anchor model.
update 50/390 | step=102400 | SPS=1275
update 60/390 | step=122880 | SPS=1281
update 70/390 | step=143360 | SPS=1268
update 80/390 | step=163840 | SPS=1272
update 90/390 | step=184320 | SPS=1265
[200016] Regime switch detected! 1 -> 0. Snapshotting anchor model.
update 100/390 | step=204800 | SPS=1257
update 110/390 | step=225280 | SPS=1256
update 120/390 | step=245760 | SPS=1255
update 130/390 | step=266240 | SPS=1251
update 140/390 | step=286720 | SPS=1253
[300016] Regime switch detected! 0 -> 1. Snapshotting anchor model.
update 150/390 | step=307200 | SPS=1250
update 160/390 | step=327680 | SPS=1250
update 170/390 | step=348160 | SPS=1248
update 180/390 | step=368640 | SPS=1248
update 190/390 | step=389120 | SPS=1247
[400016] Regime switch detected! 1 -> 0. Snapshotting anchor model.
update 200/390 | step=409600 | SPS=1246
update 210/390 | step=430080 | SPS=1246
update 220/390 | step=450560 | SPS=1246
update 230/390 | step=471040 | SPS=1245
update 240/390 | step=491520 | SPS=1243
[500016] Regime switch detected! 0 -> 1. Snapshotting anchor model.
update 250/390 | step=512000 | SPS=1241
update 260/390 | step=532480 | SPS=1238
update 270/390 | step=552960 | SPS=1237
update 280/390 | step=573440 | SPS=1236
update 290/390 | step=593920 | SPS=1236
[600016] Regime switch detected! 1 -> 0. Snapshotting anchor model.
update 300/390 | step=614400 | SPS=1234
update 310/390 | step=634880 | SPS=1236
update 320/390 | step=655360 | SPS=1238
update 330/390 | step=675840 | SPS=1240
update 340/390 | step=696320 | SPS=1242
[700016] Regime switch detected! 0 -> 1. Snapshotting anchor model.
update 350/390 | step=716800 | SPS=1242
update 360/390 | step=737280 | SPS=1242
update 370/390 | step=757760 | SPS=1245
update 380/390 | step=778240 | SPS=1246
update 390/390 | step=798720 | SPS=1247
Episode 11/60 | reward=5.0665 | avg10=3.5640 | avg_success_rate=0.9500 | steps=38 | time=643.2s
update 10/390 | step=20480 | SPS=1223
update 20/390 | step=40960 | SPS=1241
update 30/390 | step=61440 | SPS=1243
update 40/390 | step=81920 | SPS=1226
[100016] Regime switch detected! 0 -> 1. Snapshotting anchor model.
update 50/390 | step=102400 | SPS=1228
update 60/390 | step=122880 | SPS=1225
update 70/390 | step=143360 | SPS=1228
update 80/390 | step=163840 | SPS=1235
update 90/390 | step=184320 | SPS=1243
[200016] Regime switch detected! 1 -> 0. Snapshotting anchor model.
update 100/390 | step=204800 | SPS=1245
update 110/390 | step=225280 | SPS=1252
update 120/390 | step=245760 | SPS=1251
update 130/390 | step=266240 | SPS=1256
update 140/390 | step=286720 | SPS=1260
[300016] Regime switch detected! 0 -> 1. Snapshotting anchor model.
update 150/390 | step=307200 | SPS=1263
update 160/390 | step=327680 | SPS=1267
update 170/390 | step=348160 | SPS=1265
update 180/390 | step=368640 | SPS=1262
update 190/390 | step=389120 | SPS=1258
[400016] Regime switch detected! 1 -> 0. Snapshotting anchor model.
update 200/390 | step=409600 | SPS=1258
update 210/390 | step=430080 | SPS=1257
update 220/390 | step=450560 | SPS=1260
update 230/390 | step=471040 | SPS=1262
update 240/390 | step=491520 | SPS=1264
[500016] Regime switch detected! 0 -> 1. Snapshotting anchor model.
update 250/390 | step=512000 | SPS=1267
update 260/390 | step=532480 | SPS=1268
update 270/390 | step=552960 | SPS=1270
update 280/390 | step=573440 | SPS=1271
update 290/390 | step=593920 | SPS=1270
[600016] Regime switch detected! 1 -> 0. Snapshotting anchor model.
update 300/390 | step=614400 | SPS=1271
update 310/390 | step=634880 | SPS=1274
update 320/390 | step=655360 | SPS=1272
update 330/390 | step=675840 | SPS=1275
update 340/390 | step=696320 | SPS=1274
[700016] Regime switch detected! 0 -> 1. Snapshotting anchor model.
update 350/390 | step=716800 | SPS=1273
update 360/390 | step=737280 | SPS=1273
update 370/390 | step=757760 | SPS=1275
update 380/390 | step=778240 | SPS=1277
update 390/390 | step=798720 | SPS=1278
Episode 12/60 | reward=4.8663 | avg10=3.7853 | avg_success_rate=0.9400 | steps=38 | time=627.7s
update 10/390 | step=20480 | SPS=1341
update 20/390 | step=40960 | SPS=1283
update 30/390 | step=61440 | SPS=1259
update 40/390 | step=81920 | SPS=1251
[100016] Regime switch detected! 0 -> 1. Snapshotting anchor model.
update 50/390 | step=102400 | SPS=1263
update 60/390 | step=122880 | SPS=1273
update 70/390 | step=143360 | SPS=1268
update 80/390 | step=163840 | SPS=1257
update 90/390 | step=184320 | SPS=1257
[200016] Regime switch detected! 1 -> 0. Snapshotting anchor model.
update 100/390 | step=204800 | SPS=1263
update 110/390 | step=225280 | SPS=1265
update 120/390 | step=245760 | SPS=1263
update 130/390 | step=266240 | SPS=1259
update 140/390 | step=286720 | SPS=1256
[300016] Regime switch detected! 0 -> 1. Snapshotting anchor model.
update 150/390 | step=307200 | SPS=1259
update 160/390 | step=327680 | SPS=1261
update 170/390 | step=348160 | SPS=1263
update 180/390 | step=368640 | SPS=1265
update 190/390 | step=389120 | SPS=1267
[400016] Regime switch detected! 1 -> 0. Snapshotting anchor model.
update 200/390 | step=409600 | SPS=1270
update 210/390 | step=430080 | SPS=1267
update 220/390 | step=450560 | SPS=1265
update 230/390 | step=471040 | SPS=1268
update 240/390 | step=491520 | SPS=1266
[500016] Regime switch detected! 0 -> 1. Snapshotting anchor model.
update 250/390 | step=512000 | SPS=1265
update 260/390 | step=532480 | SPS=1265
update 270/390 | step=552960 | SPS=1265
update 280/390 | step=573440 | SPS=1267
update 290/390 | step=593920 | SPS=1268
[600016] Regime switch detected! 1 -> 0. Snapshotting anchor model.
update 300/390 | step=614400 | SPS=1270
update 310/390 | step=634880 | SPS=1271
update 320/390 | step=655360 | SPS=1272
update 330/390 | step=675840 | SPS=1272
update 340/390 | step=696320 | SPS=1270
[700016] Regime switch detected! 0 -> 1. Snapshotting anchor model.
update 350/390 | step=716800 | SPS=1268
update 360/390 | step=737280 | SPS=1267
update 370/390 | step=757760 | SPS=1265
update 380/390 | step=778240 | SPS=1263
update 390/390 | step=798720 | SPS=1261
Episode 13/60 | reward=3.1227 | avg10=3.6736 | avg_success_rate=0.7900 | steps=38 | time=636.4s
update 10/390 | step=20480 | SPS=1266
update 20/390 | step=40960 | SPS=1248
update 30/390 | step=61440 | SPS=1267
update 40/390 | step=81920 | SPS=1245
[100016] Regime switch detected! 0 -> 1. Snapshotting anchor model.
update 50/390 | step=102400 | SPS=1247
update 60/390 | step=122880 | SPS=1261
update 70/390 | step=143360 | SPS=1265
update 80/390 | step=163840 | SPS=1272
update 90/390 | step=184320 | SPS=1264
[200016] Regime switch detected! 1 -> 0. Snapshotting anchor model.
update 100/390 | step=204800 | SPS=1264
update 110/390 | step=225280 | SPS=1258
update 120/390 | step=245760 | SPS=1251
update 130/390 | step=266240 | SPS=1245
update 140/390 | step=286720 | SPS=1246
[300016] Regime switch detected! 0 -> 1. Snapshotting anchor model.
update 150/390 | step=307200 | SPS=1248
update 160/390 | step=327680 | SPS=1250
update 170/390 | step=348160 | SPS=1250
update 180/390 | step=368640 | SPS=1250
update 190/390 | step=389120 | SPS=1255
[400016] Regime switch detected! 1 -> 0. Snapshotting anchor model.
update 200/390 | step=409600 | SPS=1255
update 210/390 | step=430080 | SPS=1257
update 220/390 | step=450560 | SPS=1257
update 230/390 | step=471040 | SPS=1261
update 240/390 | step=491520 | SPS=1258
[500016] Regime switch detected! 0 -> 1. Snapshotting anchor model.
update 250/390 | step=512000 | SPS=1259
update 260/390 | step=532480 | SPS=1258
update 270/390 | step=552960 | SPS=1260
update 280/390 | step=573440 | SPS=1263
update 290/390 | step=593920 | SPS=1265
[600016] Regime switch detected! 1 -> 0. Snapshotting anchor model.
update 300/390 | step=614400 | SPS=1267
update 310/390 | step=634880 | SPS=1267
update 320/390 | step=655360 | SPS=1268
update 330/390 | step=675840 | SPS=1268
update 340/390 | step=696320 | SPS=1268
[700016] Regime switch detected! 0 -> 1. Snapshotting anchor model.
update 350/390 | step=716800 | SPS=1266
update 360/390 | step=737280 | SPS=1266
update 370/390 | step=757760 | SPS=1268
update 380/390 | step=778240 | SPS=1269
update 390/390 | step=798720 | SPS=1267
Episode 14/60 | reward=2.5581 | avg10=3.5876 | avg_success_rate=0.7000 | steps=38 | time=633.1s
update 10/390 | step=20480 | SPS=1260
update 20/390 | step=40960 | SPS=1255
update 30/390 | step=61440 | SPS=1267
update 40/390 | step=81920 | SPS=1248
[100016] Regime switch detected! 0 -> 1. Snapshotting anchor model.
update 50/390 | step=102400 | SPS=1242
update 60/390 | step=122880 | SPS=1250
update 70/390 | step=143360 | SPS=1260
update 80/390 | step=163840 | SPS=1261
update 90/390 | step=184320 | SPS=1267
[200016] Regime switch detected! 1 -> 0. Snapshotting anchor model.
update 100/390 | step=204800 | SPS=1265
update 110/390 | step=225280 | SPS=1257
update 120/390 | step=245760 | SPS=1261
update 130/390 | step=266240 | SPS=1255
update 140/390 | step=286720 | SPS=1258
[300016] Regime switch detected! 0 -> 1. Snapshotting anchor model.
update 150/390 | step=307200 | SPS=1255
update 160/390 | step=327680 | SPS=1256
update 170/390 | step=348160 | SPS=1260
update 180/390 | step=368640 | SPS=1257
update 190/390 | step=389120 | SPS=1260
[400016] Regime switch detected! 1 -> 0. Snapshotting anchor model.
update 200/390 | step=409600 | SPS=1258
update 210/390 | step=430080 | SPS=1256
update 220/390 | step=450560 | SPS=1254
update 230/390 | step=471040 | SPS=1254
update 240/390 | step=491520 | SPS=1252
[500016] Regime switch detected! 0 -> 1. Snapshotting anchor model.
update 250/390 | step=512000 | SPS=1253
update 260/390 | step=532480 | SPS=1256
update 270/390 | step=552960 | SPS=1259
update 280/390 | step=573440 | SPS=1259
update 290/390 | step=593920 | SPS=1258
[600016] Regime switch detected! 1 -> 0. Snapshotting anchor model.
update 300/390 | step=614400 | SPS=1259
update 310/390 | step=634880 | SPS=1256
update 320/390 | step=655360 | SPS=1255
update 330/390 | step=675840 | SPS=1256
update 340/390 | step=696320 | SPS=1256
[700016] Regime switch detected! 0 -> 1. Snapshotting anchor model.
update 350/390 | step=716800 | SPS=1255
update 360/390 | step=737280 | SPS=1255
update 370/390 | step=757760 | SPS=1253
update 380/390 | step=778240 | SPS=1255
update 390/390 | step=798720 | SPS=1257
Episode 15/60 | reward=4.2300 | avg10=3.8561 | avg_success_rate=0.8800 | steps=38 | time=638.4s
  [brain ckpt] runs/calib8x8_brain_neuromod_trainable_long_seed7_20260702-044135/episode_15/brain_ep15.pt
update 10/390 | step=20480 | SPS=1247
update 20/390 | step=40960 | SPS=1276
update 30/390 | step=61440 | SPS=1300
update 40/390 | step=81920 | SPS=1293
[100016] Regime switch detected! 0 -> 1. Snapshotting anchor model.
update 50/390 | step=102400 | SPS=1276
update 60/390 | step=122880 | SPS=1285
update 70/390 | step=143360 | SPS=1285
update 80/390 | step=163840 | SPS=1285
update 90/390 | step=184320 | SPS=1285
[200016] Regime switch detected! 1 -> 0. Snapshotting anchor model.
update 100/390 | step=204800 | SPS=1289
update 110/390 | step=225280 | SPS=1291
update 120/390 | step=245760 | SPS=1292
update 130/390 | step=266240 | SPS=1295
update 140/390 | step=286720 | SPS=1289
[300016] Regime switch detected! 0 -> 1. Snapshotting anchor model.
update 150/390 | step=307200 | SPS=1286
update 160/390 | step=327680 | SPS=1280
update 170/390 | step=348160 | SPS=1274
update 180/390 | step=368640 | SPS=1270
update 190/390 | step=389120 | SPS=1267
[400016] Regime switch detected! 1 -> 0. Snapshotting anchor model.
update 200/390 | step=409600 | SPS=1264
update 210/390 | step=430080 | SPS=1264
update 220/390 | step=450560 | SPS=1264
update 230/390 | step=471040 | SPS=1267
update 240/390 | step=491520 | SPS=1265
[500016] Regime switch detected! 0 -> 1. Snapshotting anchor model.
update 250/390 | step=512000 | SPS=1264
update 260/390 | step=532480 | SPS=1264
update 270/390 | step=552960 | SPS=1266
update 280/390 | step=573440 | SPS=1267
update 290/390 | step=593920 | SPS=1267
[600016] Regime switch detected! 1 -> 0. Snapshotting anchor model.
update 300/390 | step=614400 | SPS=1266
update 310/390 | step=634880 | SPS=1267
update 320/390 | step=655360 | SPS=1265
update 330/390 | step=675840 | SPS=1266
update 340/390 | step=696320 | SPS=1267
[700016] Regime switch detected! 0 -> 1. Snapshotting anchor model.
update 350/390 | step=716800 | SPS=1269
update 360/390 | step=737280 | SPS=1271
update 370/390 | step=757760 | SPS=1272
update 380/390 | step=778240 | SPS=1274
update 390/390 | step=798720 | SPS=1274
Episode 16/60 | reward=5.5816 | avg10=4.0256 | avg_success_rate=0.8800 | steps=38 | time=629.9s
update 10/390 | step=20480 | SPS=1227
update 20/390 | step=40960 | SPS=1239
update 30/390 | step=61440 | SPS=1245
update 40/390 | step=81920 | SPS=1252
[100016] Regime switch detected! 0 -> 1. Snapshotting anchor model.
update 50/390 | step=102400 | SPS=1264
update 60/390 | step=122880 | SPS=1268
update 70/390 | step=143360 | SPS=1260
update 80/390 | step=163840 | SPS=1260
update 90/390 | step=184320 | SPS=1253
[200016] Regime switch detected! 1 -> 0. Snapshotting anchor model.
update 100/390 | step=204800 | SPS=1246
update 110/390 | step=225280 | SPS=1243
update 120/390 | step=245760 | SPS=1243
update 130/390 | step=266240 | SPS=1248
update 140/390 | step=286720 | SPS=1251
[300016] Regime switch detected! 0 -> 1. Snapshotting anchor model.
update 150/390 | step=307200 | SPS=1253
update 160/390 | step=327680 | SPS=1258
update 170/390 | step=348160 | SPS=1261
update 180/390 | step=368640 | SPS=1264
update 190/390 | step=389120 | SPS=1267
[400016] Regime switch detected! 1 -> 0. Snapshotting anchor model.
update 200/390 | step=409600 | SPS=1269
update 210/390 | step=430080 | SPS=1269
update 220/390 | step=450560 | SPS=1272
update 230/390 | step=471040 | SPS=1273
update 240/390 | step=491520 | SPS=1274
[500016] Regime switch detected! 0 -> 1. Snapshotting anchor model.
update 250/390 | step=512000 | SPS=1276
update 260/390 | step=532480 | SPS=1278
update 270/390 | step=552960 | SPS=1279
update 280/390 | step=573440 | SPS=1279
update 290/390 | step=593920 | SPS=1279
[600016] Regime switch detected! 1 -> 0. Snapshotting anchor model.
update 300/390 | step=614400 | SPS=1280
update 310/390 | step=634880 | SPS=1282
update 320/390 | step=655360 | SPS=1284
update 330/390 | step=675840 | SPS=1282
update 340/390 | step=696320 | SPS=1283
[700016] Regime switch detected! 0 -> 1. Snapshotting anchor model.
update 350/390 | step=716800 | SPS=1284
update 360/390 | step=737280 | SPS=1285
update 370/390 | step=757760 | SPS=1286
update 380/390 | step=778240 | SPS=1287
update 390/390 | step=798720 | SPS=1289
Episode 17/60 | reward=4.7044 | avg10=3.9034 | avg_success_rate=0.5300 | steps=38 | time=622.4s
update 10/390 | step=20480 | SPS=1345
update 20/390 | step=40960 | SPS=1288
update 30/390 | step=61440 | SPS=1296
update 40/390 | step=81920 | SPS=1267
[100016] Regime switch detected! 0 -> 1. Snapshotting anchor model.
update 50/390 | step=102400 | SPS=1254
update 60/390 | step=122880 | SPS=1250
update 70/390 | step=143360 | SPS=1245
update 80/390 | step=163840 | SPS=1245
update 90/390 | step=184320 | SPS=1242
[200016] Regime switch detected! 1 -> 0. Snapshotting anchor model.
update 100/390 | step=204800 | SPS=1238
update 110/390 | step=225280 | SPS=1243
update 120/390 | step=245760 | SPS=1238
update 130/390 | step=266240 | SPS=1238
update 140/390 | step=286720 | SPS=1245
[300016] Regime switch detected! 0 -> 1. Snapshotting anchor model.
update 150/390 | step=307200 | SPS=1248
update 160/390 | step=327680 | SPS=1250
update 170/390 | step=348160 | SPS=1253
update 180/390 | step=368640 | SPS=1249
update 190/390 | step=389120 | SPS=1246
[400016] Regime switch detected! 1 -> 0. Snapshotting anchor model.
update 200/390 | step=409600 | SPS=1249
update 210/390 | step=430080 | SPS=1251
update 220/390 | step=450560 | SPS=1253
update 230/390 | step=471040 | SPS=1256
update 240/390 | step=491520 | SPS=1258
[500016] Regime switch detected! 0 -> 1. Snapshotting anchor model.
update 250/390 | step=512000 | SPS=1257
update 260/390 | step=532480 | SPS=1259
update 270/390 | step=552960 | SPS=1261
update 280/390 | step=573440 | SPS=1262
update 290/390 | step=593920 | SPS=1262
[600016] Regime switch detected! 1 -> 0. Snapshotting anchor model.
update 300/390 | step=614400 | SPS=1264
update 310/390 | step=634880 | SPS=1267
update 320/390 | step=655360 | SPS=1267
update 330/390 | step=675840 | SPS=1268
update 340/390 | step=696320 | SPS=1267
[700016] Regime switch detected! 0 -> 1. Snapshotting anchor model.
update 350/390 | step=716800 | SPS=1264
update 360/390 | step=737280 | SPS=1265
update 370/390 | step=757760 | SPS=1266
update 380/390 | step=778240 | SPS=1265
update 390/390 | step=798720 | SPS=1267
Episode 18/60 | reward=4.9836 | avg10=4.1965 | avg_success_rate=0.6600 | steps=38 | time=633.2s
update 10/390 | step=20480 | SPS=1274
update 20/390 | step=40960 | SPS=1269
update 30/390 | step=61440 | SPS=1305
update 40/390 | step=81920 | SPS=1307
[100016] Regime switch detected! 0 -> 1. Snapshotting anchor model.
update 50/390 | step=102400 | SPS=1292
update 60/390 | step=122880 | SPS=1298
update 70/390 | step=143360 | SPS=1293
update 80/390 | step=163840 | SPS=1283
update 90/390 | step=184320 | SPS=1286
[200016] Regime switch detected! 1 -> 0. Snapshotting anchor model.
update 100/390 | step=204800 | SPS=1288
update 110/390 | step=225280 | SPS=1291
update 120/390 | step=245760 | SPS=1293
update 130/390 | step=266240 | SPS=1296
update 140/390 | step=286720 | SPS=1291
[300016] Regime switch detected! 0 -> 1. Snapshotting anchor model.
update 150/390 | step=307200 | SPS=1287
update 160/390 | step=327680 | SPS=1285
update 170/390 | step=348160 | SPS=1279
update 180/390 | step=368640 | SPS=1275
update 190/390 | step=389120 | SPS=1278
[400016] Regime switch detected! 1 -> 0. Snapshotting anchor model.
update 200/390 | step=409600 | SPS=1278
update 210/390 | step=430080 | SPS=1278
update 220/390 | step=450560 | SPS=1279
update 230/390 | step=471040 | SPS=1276
update 240/390 | step=491520 | SPS=1275
[500016] Regime switch detected! 0 -> 1. Snapshotting anchor model.
update 250/390 | step=512000 | SPS=1278
update 260/390 | step=532480 | SPS=1278
update 270/390 | step=552960 | SPS=1280
update 280/390 | step=573440 | SPS=1283
update 290/390 | step=593920 | SPS=1285
[600016] Regime switch detected! 1 -> 0. Snapshotting anchor model.
update 300/390 | step=614400 | SPS=1286
update 310/390 | step=634880 | SPS=1287
update 320/390 | step=655360 | SPS=1287
update 330/390 | step=675840 | SPS=1289
update 340/390 | step=696320 | SPS=1290
[700016] Regime switch detected! 0 -> 1. Snapshotting anchor model.
update 350/390 | step=716800 | SPS=1291
update 360/390 | step=737280 | SPS=1292
update 370/390 | step=757760 | SPS=1293
update 380/390 | step=778240 | SPS=1294
update 390/390 | step=798720 | SPS=1294
Episode 19/60 | reward=3.3885 | avg10=4.1963 | avg_success_rate=0.7600 | steps=38 | time=620.2s
update 10/390 | step=20480 | SPS=1303
update 20/390 | step=40960 | SPS=1303
update 30/390 | step=61440 | SPS=1300
update 40/390 | step=81920 | SPS=1270
[100016] Regime switch detected! 0 -> 1. Snapshotting anchor model.
update 50/390 | step=102400 | SPS=1278
update 60/390 | step=122880 | SPS=1290
update 70/390 | step=143360 | SPS=1289
update 80/390 | step=163840 | SPS=1295
update 90/390 | step=184320 | SPS=1286
[200016] Regime switch detected! 1 -> 0. Snapshotting anchor model.
update 100/390 | step=204800 | SPS=1279
update 110/390 | step=225280 | SPS=1271
update 120/390 | step=245760 | SPS=1265
update 130/390 | step=266240 | SPS=1263
update 140/390 | step=286720 | SPS=1268
[300016] Regime switch detected! 0 -> 1. Snapshotting anchor model.
update 150/390 | step=307200 | SPS=1271
update 160/390 | step=327680 | SPS=1272
update 170/390 | step=348160 | SPS=1270
update 180/390 | step=368640 | SPS=1271
update 190/390 | step=389120 | SPS=1273
[400016] Regime switch detected! 1 -> 0. Snapshotting anchor model.
update 200/390 | step=409600 | SPS=1277
update 210/390 | step=430080 | SPS=1275
update 220/390 | step=450560 | SPS=1278
update 230/390 | step=471040 | SPS=1276
update 240/390 | step=491520 | SPS=1276
[500016] Regime switch detected! 0 -> 1. Snapshotting anchor model.
update 250/390 | step=512000 | SPS=1277
update 260/390 | step=532480 | SPS=1275
update 270/390 | step=552960 | SPS=1278
update 280/390 | step=573440 | SPS=1277
update 290/390 | step=593920 | SPS=1275
[600016] Regime switch detected! 1 -> 0. Snapshotting anchor model.
update 300/390 | step=614400 | SPS=1275
update 310/390 | step=634880 | SPS=1273
update 320/390 | step=655360 | SPS=1270
update 330/390 | step=675840 | SPS=1269
update 340/390 | step=696320 | SPS=1267
[700016] Regime switch detected! 0 -> 1. Snapshotting anchor model.
update 350/390 | step=716800 | SPS=1266
update 360/390 | step=737280 | SPS=1268
update 370/390 | step=757760 | SPS=1268
update 380/390 | step=778240 | SPS=1268
update 390/390 | step=798720 | SPS=1267
Episode 20/60 | reward=2.8465 | avg10=4.1348 | avg_success_rate=0.3600 | steps=38 | time=633.5s
  [brain ckpt] runs/calib8x8_brain_neuromod_trainable_long_seed7_20260702-044135/episode_20/brain_ep20.pt
update 10/390 | step=20480 | SPS=1290
update 20/390 | step=40960 | SPS=1265
update 30/390 | step=61440 | SPS=1242
update 40/390 | step=81920 | SPS=1242
[100016] Regime switch detected! 0 -> 1. Snapshotting anchor model.
update 50/390 | step=102400 | SPS=1255
update 60/390 | step=122880 | SPS=1250
update 70/390 | step=143360 | SPS=1248
update 80/390 | step=163840 | SPS=1258
update 90/390 | step=184320 | SPS=1265
[200016] Regime switch detected! 1 -> 0. Snapshotting anchor model.
update 100/390 | step=204800 | SPS=1272
update 110/390 | step=225280 | SPS=1277
update 120/390 | step=245760 | SPS=1279
update 130/390 | step=266240 | SPS=1279
update 140/390 | step=286720 | SPS=1281
[300016] Regime switch detected! 0 -> 1. Snapshotting anchor model.
update 150/390 | step=307200 | SPS=1282
update 160/390 | step=327680 | SPS=1286
update 170/390 | step=348160 | SPS=1285
update 180/390 | step=368640 | SPS=1284
update 190/390 | step=389120 | SPS=1279
[400016] Regime switch detected! 1 -> 0. Snapshotting anchor model.
update 200/390 | step=409600 | SPS=1274
update 210/390 | step=430080 | SPS=1271
update 220/390 | step=450560 | SPS=1270
update 230/390 | step=471040 | SPS=1272
update 240/390 | step=491520 | SPS=1273
[500016] Regime switch detected! 0 -> 1. Snapshotting anchor model.
update 250/390 | step=512000 | SPS=1275
update 260/390 | step=532480 | SPS=1277
update 270/390 | step=552960 | SPS=1275
update 280/390 | step=573440 | SPS=1273
update 290/390 | step=593920 | SPS=1269
[600016] Regime switch detected! 1 -> 0. Snapshotting anchor model.
update 300/390 | step=614400 | SPS=1268
update 310/390 | step=634880 | SPS=1266
update 320/390 | step=655360 | SPS=1266
update 330/390 | step=675840 | SPS=1267
update 340/390 | step=696320 | SPS=1268
[700016] Regime switch detected! 0 -> 1. Snapshotting anchor model.
update 350/390 | step=716800 | SPS=1269
update 360/390 | step=737280 | SPS=1270
update 370/390 | step=757760 | SPS=1271
update 380/390 | step=778240 | SPS=1271
update 390/390 | step=798720 | SPS=1273
Episode 21/60 | reward=1.5703 | avg10=3.7852 | avg_success_rate=0.8200 | steps=38 | time=630.5s
update 10/390 | step=20480 | SPS=1308
update 20/390 | step=40960 | SPS=1282
update 30/390 | step=61440 | SPS=1286
update 40/390 | step=81920 | SPS=1277
[100016] Regime switch detected! 0 -> 1. Snapshotting anchor model.
update 50/390 | step=102400 | SPS=1275
update 60/390 | step=122880 | SPS=1273
update 70/390 | step=143360 | SPS=1273
update 80/390 | step=163840 | SPS=1278
update 90/390 | step=184320 | SPS=1284
[200016] Regime switch detected! 1 -> 0. Snapshotting anchor model.
update 100/390 | step=204800 | SPS=1289
update 110/390 | step=225280 | SPS=1286
update 120/390 | step=245760 | SPS=1288
update 130/390 | step=266240 | SPS=1283
update 140/390 | step=286720 | SPS=1283
[300016] Regime switch detected! 0 -> 1. Snapshotting anchor model.
update 150/390 | step=307200 | SPS=1284
update 160/390 | step=327680 | SPS=1288
update 170/390 | step=348160 | SPS=1288
update 180/390 | step=368640 | SPS=1288
update 190/390 | step=389120 | SPS=1284
[400016] Regime switch detected! 1 -> 0. Snapshotting anchor model.
update 200/390 | step=409600 | SPS=1282
update 210/390 | step=430080 | SPS=1284
update 220/390 | step=450560 | SPS=1287
update 230/390 | step=471040 | SPS=1289
update 240/390 | step=491520 | SPS=1289
[500016] Regime switch detected! 0 -> 1. Snapshotting anchor model.
update 250/390 | step=512000 | SPS=1290
update 260/390 | step=532480 | SPS=1292
update 270/390 | step=552960 | SPS=1292
update 280/390 | step=573440 | SPS=1291
update 290/390 | step=593920 | SPS=1292
[600016] Regime switch detected! 1 -> 0. Snapshotting anchor model.
update 300/390 | step=614400 | SPS=1291
update 310/390 | step=634880 | SPS=1287
update 320/390 | step=655360 | SPS=1288
update 330/390 | step=675840 | SPS=1290
update 340/390 | step=696320 | SPS=1290
[700016] Regime switch detected! 0 -> 1. Snapshotting anchor model.
update 350/390 | step=716800 | SPS=1291
update 360/390 | step=737280 | SPS=1290
update 370/390 | step=757760 | SPS=1291
update 380/390 | step=778240 | SPS=1292
update 390/390 | step=798720 | SPS=1294
Episode 22/60 | reward=4.9443 | avg10=3.7930 | avg_success_rate=0.8900 | steps=38 | time=620.0s
update 10/390 | step=20480 | SPS=1257
update 20/390 | step=40960 | SPS=1269
update 30/390 | step=61440 | SPS=1266
update 40/390 | step=81920 | SPS=1277
[100016] Regime switch detected! 0 -> 1. Snapshotting anchor model.
update 50/390 | step=102400 | SPS=1271
update 60/390 | step=122880 | SPS=1270
update 70/390 | step=143360 | SPS=1282
update 80/390 | step=163840 | SPS=1286
update 90/390 | step=184320 | SPS=1290
[200016] Regime switch detected! 1 -> 0. Snapshotting anchor model.
update 100/390 | step=204800 | SPS=1295
update 110/390 | step=225280 | SPS=1292
update 120/390 | step=245760 | SPS=1292
update 130/390 | step=266240 | SPS=1293
update 140/390 | step=286720 | SPS=1295
[300016] Regime switch detected! 0 -> 1. Snapshotting anchor model.
update 150/390 | step=307200 | SPS=1299
update 160/390 | step=327680 | SPS=1300
update 170/390 | step=348160 | SPS=1300
update 180/390 | step=368640 | SPS=1300
update 190/390 | step=389120 | SPS=1294
[400016] Regime switch detected! 1 -> 0. Snapshotting anchor model.
update 200/390 | step=409600 | SPS=1288
update 210/390 | step=430080 | SPS=1283
update 220/390 | step=450560 | SPS=1283
update 230/390 | step=471040 | SPS=1279
update 240/390 | step=491520 | SPS=1276
[500016] Regime switch detected! 0 -> 1. Snapshotting anchor model.
update 250/390 | step=512000 | SPS=1273
update 260/390 | step=532480 | SPS=1271
update 270/390 | step=552960 | SPS=1269
update 280/390 | step=573440 | SPS=1265
update 290/390 | step=593920 | SPS=1264
[600016] Regime switch detected! 1 -> 0. Snapshotting anchor model.
update 300/390 | step=614400 | SPS=1263
update 310/390 | step=634880 | SPS=1261
update 320/390 | step=655360 | SPS=1259
update 330/390 | step=675840 | SPS=1257
update 340/390 | step=696320 | SPS=1257
[700016] Regime switch detected! 0 -> 1. Snapshotting anchor model.
update 350/390 | step=716800 | SPS=1258
update 360/390 | step=737280 | SPS=1258
update 370/390 | step=757760 | SPS=1256
update 380/390 | step=778240 | SPS=1255
update 390/390 | step=798720 | SPS=1254
Episode 23/60 | reward=-1.9348 | avg10=3.2873 | avg_success_rate=0.3100 | steps=38 | time=639.8s
update 10/390 | step=20480 | SPS=1280
update 20/390 | step=40960 | SPS=1299
update 30/390 | step=61440 | SPS=1312
update 40/390 | step=81920 | SPS=1312
[100016] Regime switch detected! 0 -> 1. Snapshotting anchor model.
update 50/390 | step=102400 | SPS=1307
update 60/390 | step=122880 | SPS=1314
update 70/390 | step=143360 | SPS=1320
update 80/390 | step=163840 | SPS=1320
update 90/390 | step=184320 | SPS=1315
[200016] Regime switch detected! 1 -> 0. Snapshotting anchor model.
update 100/390 | step=204800 | SPS=1320
update 110/390 | step=225280 | SPS=1319
update 120/390 | step=245760 | SPS=1310
update 130/390 | step=266240 | SPS=1305
update 140/390 | step=286720 | SPS=1305
[300016] Regime switch detected! 0 -> 1. Snapshotting anchor model.
update 150/390 | step=307200 | SPS=1302
update 160/390 | step=327680 | SPS=1303
update 170/390 | step=348160 | SPS=1304
update 180/390 | step=368640 | SPS=1304
update 190/390 | step=389120 | SPS=1298
[400016] Regime switch detected! 1 -> 0. Snapshotting anchor model.
update 200/390 | step=409600 | SPS=1295
update 210/390 | step=430080 | SPS=1294
update 220/390 | step=450560 | SPS=1294
update 230/390 | step=471040 | SPS=1294
update 240/390 | step=491520 | SPS=1293
[500016] Regime switch detected! 0 -> 1. Snapshotting anchor model.
update 250/390 | step=512000 | SPS=1294
update 260/390 | step=532480 | SPS=1295
update 270/390 | step=552960 | SPS=1296
update 280/390 | step=573440 | SPS=1293
update 290/390 | step=593920 | SPS=1290
[600016] Regime switch detected! 1 -> 0. Snapshotting anchor model.
update 300/390 | step=614400 | SPS=1287
update 310/390 | step=634880 | SPS=1284
update 320/390 | step=655360 | SPS=1282
update 330/390 | step=675840 | SPS=1284
update 340/390 | step=696320 | SPS=1284
[700016] Regime switch detected! 0 -> 1. Snapshotting anchor model.
update 350/390 | step=716800 | SPS=1284
update 360/390 | step=737280 | SPS=1286
update 370/390 | step=757760 | SPS=1285
update 380/390 | step=778240 | SPS=1284
update 390/390 | step=798720 | SPS=1283
Episode 24/60 | reward=2.9117 | avg10=3.3226 | avg_success_rate=0.7600 | steps=38 | time=625.5s
update 10/390 | step=20480 | SPS=1396
update 20/390 | step=40960 | SPS=1357
update 30/390 | step=61440 | SPS=1304
update 40/390 | step=81920 | SPS=1269
[100016] Regime switch detected! 0 -> 1. Snapshotting anchor model.
update 50/390 | step=102400 | SPS=1277
update 60/390 | step=122880 | SPS=1286
update 70/390 | step=143360 | SPS=1290
update 80/390 | step=163840 | SPS=1295
update 90/390 | step=184320 | SPS=1297
[200016] Regime switch detected! 1 -> 0. Snapshotting anchor model.
update 100/390 | step=204800 | SPS=1299
update 110/390 | step=225280 | SPS=1300
update 120/390 | step=245760 | SPS=1299
update 130/390 | step=266240 | SPS=1300
update 140/390 | step=286720 | SPS=1300
[300016] Regime switch detected! 0 -> 1. Snapshotting anchor model.
update 150/390 | step=307200 | SPS=1300
update 160/390 | step=327680 | SPS=1298
update 170/390 | step=348160 | SPS=1291
update 180/390 | step=368640 | SPS=1284
update 190/390 | step=389120 | SPS=1284
[400016] Regime switch detected! 1 -> 0. Snapshotting anchor model.
update 200/390 | step=409600 | SPS=1285
update 210/390 | step=430080 | SPS=1282
update 220/390 | step=450560 | SPS=1279
update 230/390 | step=471040 | SPS=1277
update 240/390 | step=491520 | SPS=1278
[500016] Regime switch detected! 0 -> 1. Snapshotting anchor model.
update 250/390 | step=512000 | SPS=1276
update 260/390 | step=532480 | SPS=1273
update 270/390 | step=552960 | SPS=1271
update 280/390 | step=573440 | SPS=1269
update 290/390 | step=593920 | SPS=1269
[600016] Regime switch detected! 1 -> 0. Snapshotting anchor model.
update 300/390 | step=614400 | SPS=1271
update 310/390 | step=634880 | SPS=1272
update 320/390 | step=655360 | SPS=1274
update 330/390 | step=675840 | SPS=1273
update 340/390 | step=696320 | SPS=1272
[700016] Regime switch detected! 0 -> 1. Snapshotting anchor model.
update 350/390 | step=716800 | SPS=1273
update 360/390 | step=737280 | SPS=1274
update 370/390 | step=757760 | SPS=1274
update 380/390 | step=778240 | SPS=1275
update 390/390 | step=798720 | SPS=1275
Episode 25/60 | reward=2.5864 | avg10=3.1582 | avg_success_rate=0.7200 | steps=38 | time=629.6s
  [brain ckpt] runs/calib8x8_brain_neuromod_trainable_long_seed7_20260702-044135/episode_25/brain_ep25.pt
update 10/390 | step=20480 | SPS=1274
update 20/390 | step=40960 | SPS=1272
update 30/390 | step=61440 | SPS=1264
update 40/390 | step=81920 | SPS=1260
[100016] Regime switch detected! 0 -> 1. Snapshotting anchor model.
update 50/390 | step=102400 | SPS=1253
update 60/390 | step=122880 | SPS=1251
update 70/390 | step=143360 | SPS=1247
update 80/390 | step=163840 | SPS=1250
update 90/390 | step=184320 | SPS=1246
[200016] Regime switch detected! 1 -> 0. Snapshotting anchor model.
update 100/390 | step=204800 | SPS=1247
update 110/390 | step=225280 | SPS=1253
update 120/390 | step=245760 | SPS=1259
update 130/390 | step=266240 | SPS=1257
update 140/390 | step=286720 | SPS=1254
[300016] Regime switch detected! 0 -> 1. Snapshotting anchor model.
update 150/390 | step=307200 | SPS=1255
update 160/390 | step=327680 | SPS=1257
update 170/390 | step=348160 | SPS=1262
update 180/390 | step=368640 | SPS=1258
update 190/390 | step=389120 | SPS=1254
[400016] Regime switch detected! 1 -> 0. Snapshotting anchor model.
update 200/390 | step=409600 | SPS=1254
update 210/390 | step=430080 | SPS=1257
update 220/390 | step=450560 | SPS=1257
update 230/390 | step=471040 | SPS=1257
update 240/390 | step=491520 | SPS=1258
[500016] Regime switch detected! 0 -> 1. Snapshotting anchor model.
update 250/390 | step=512000 | SPS=1262
update 260/390 | step=532480 | SPS=1261
update 270/390 | step=552960 | SPS=1260
update 280/390 | step=573440 | SPS=1262
update 290/390 | step=593920 | SPS=1262
[600016] Regime switch detected! 1 -> 0. Snapshotting anchor model.
update 300/390 | step=614400 | SPS=1264
update 310/390 | step=634880 | SPS=1265
update 320/390 | step=655360 | SPS=1262
update 330/390 | step=675840 | SPS=1261
update 340/390 | step=696320 | SPS=1261
[700016] Regime switch detected! 0 -> 1. Snapshotting anchor model.
update 350/390 | step=716800 | SPS=1259
update 360/390 | step=737280 | SPS=1256
update 370/390 | step=757760 | SPS=1257
update 380/390 | step=778240 | SPS=1259
update 390/390 | step=798720 | SPS=1261
Episode 26/60 | reward=3.2609 | avg10=2.9262 | avg_success_rate=0.7800 | steps=38 | time=636.5s
update 10/390 | step=20480 | SPS=1263
update 20/390 | step=40960 | SPS=1266
update 30/390 | step=61440 | SPS=1252
update 40/390 | step=81920 | SPS=1240
[100016] Regime switch detected! 0 -> 1. Snapshotting anchor model.
update 50/390 | step=102400 | SPS=1243
update 60/390 | step=122880 | SPS=1253
update 70/390 | step=143360 | SPS=1258
update 80/390 | step=163840 | SPS=1269
update 90/390 | step=184320 | SPS=1261
[200016] Regime switch detected! 1 -> 0. Snapshotting anchor model.
update 100/390 | step=204800 | SPS=1257
update 110/390 | step=225280 | SPS=1257
update 120/390 | step=245760 | SPS=1255
update 130/390 | step=266240 | SPS=1253
update 140/390 | step=286720 | SPS=1256
[300016] Regime switch detected! 0 -> 1. Snapshotting anchor model.
update 150/390 | step=307200 | SPS=1260
update 160/390 | step=327680 | SPS=1264
update 170/390 | step=348160 | SPS=1268
update 180/390 | step=368640 | SPS=1271
update 190/390 | step=389120 | SPS=1273
[400016] Regime switch detected! 1 -> 0. Snapshotting anchor model.
update 200/390 | step=409600 | SPS=1272
update 210/390 | step=430080 | SPS=1270
update 220/390 | step=450560 | SPS=1273
update 230/390 | step=471040 | SPS=1276
update 240/390 | step=491520 | SPS=1275
[500016] Regime switch detected! 0 -> 1. Snapshotting anchor model.
update 250/390 | step=512000 | SPS=1276
update 260/390 | step=532480 | SPS=1275
update 270/390 | step=552960 | SPS=1274
update 280/390 | step=573440 | SPS=1270
update 290/390 | step=593920 | SPS=1266
[600016] Regime switch detected! 1 -> 0. Snapshotting anchor model.
update 300/390 | step=614400 | SPS=1264
update 310/390 | step=634880 | SPS=1265
update 320/390 | step=655360 | SPS=1267
update 330/390 | step=675840 | SPS=1269
update 340/390 | step=696320 | SPS=1270
[700016] Regime switch detected! 0 -> 1. Snapshotting anchor model.
update 350/390 | step=716800 | SPS=1267
update 360/390 | step=737280 | SPS=1268
update 370/390 | step=757760 | SPS=1268
update 380/390 | step=778240 | SPS=1268
update 390/390 | step=798720 | SPS=1269
Episode 27/60 | reward=5.9134 | avg10=3.0471 | avg_success_rate=0.9800 | steps=38 | time=632.3s
update 10/390 | step=20480 | SPS=1280
update 20/390 | step=40960 | SPS=1304
update 30/390 | step=61440 | SPS=1310
update 40/390 | step=81920 | SPS=1310
[100016] Regime switch detected! 0 -> 1. Snapshotting anchor model.
update 50/390 | step=102400 | SPS=1316
update 60/390 | step=122880 | SPS=1301
update 70/390 | step=143360 | SPS=1285
update 80/390 | step=163840 | SPS=1284
update 90/390 | step=184320 | SPS=1276
[200016] Regime switch detected! 1 -> 0. Snapshotting anchor model.
update 100/390 | step=204800 | SPS=1273
update 110/390 | step=225280 | SPS=1277
update 120/390 | step=245760 | SPS=1273
update 130/390 | step=266240 | SPS=1275
update 140/390 | step=286720 | SPS=1277
[300016] Regime switch detected! 0 -> 1. Snapshotting anchor model.
update 150/390 | step=307200 | SPS=1274
update 160/390 | step=327680 | SPS=1276
update 170/390 | step=348160 | SPS=1279
update 180/390 | step=368640 | SPS=1282
update 190/390 | step=389120 | SPS=1280
[400016] Regime switch detected! 1 -> 0. Snapshotting anchor model.
update 200/390 | step=409600 | SPS=1279
update 210/390 | step=430080 | SPS=1277
update 220/390 | step=450560 | SPS=1278
update 230/390 | step=471040 | SPS=1277
update 240/390 | step=491520 | SPS=1280
[500016] Regime switch detected! 0 -> 1. Snapshotting anchor model.
update 250/390 | step=512000 | SPS=1278
update 260/390 | step=532480 | SPS=1276
update 270/390 | step=552960 | SPS=1278
update 280/390 | step=573440 | SPS=1280
update 290/390 | step=593920 | SPS=1281
[600016] Regime switch detected! 1 -> 0. Snapshotting anchor model.
update 300/390 | step=614400 | SPS=1282
update 310/390 | step=634880 | SPS=1284
update 320/390 | step=655360 | SPS=1285
update 330/390 | step=675840 | SPS=1286
update 340/390 | step=696320 | SPS=1288
[700016] Regime switch detected! 0 -> 1. Snapshotting anchor model.
update 350/390 | step=716800 | SPS=1289
update 360/390 | step=737280 | SPS=1290
update 370/390 | step=757760 | SPS=1287
update 380/390 | step=778240 | SPS=1287
update 390/390 | step=798720 | SPS=1287
Episode 28/60 | reward=5.9047 | avg10=3.1392 | avg_success_rate=0.9400 | steps=38 | time=623.4s
update 10/390 | step=20480 | SPS=1324
update 20/390 | step=40960 | SPS=1289
update 30/390 | step=61440 | SPS=1279
update 40/390 | step=81920 | SPS=1281
[100016] Regime switch detected! 0 -> 1. Snapshotting anchor model.
update 50/390 | step=102400 | SPS=1272
update 60/390 | step=122880 | SPS=1273
update 70/390 | step=143360 | SPS=1280
update 80/390 | step=163840 | SPS=1287
update 90/390 | step=184320 | SPS=1287
[200016] Regime switch detected! 1 -> 0. Snapshotting anchor model.
update 100/390 | step=204800 | SPS=1288
update 110/390 | step=225280 | SPS=1278
update 120/390 | step=245760 | SPS=1273
update 130/390 | step=266240 | SPS=1269
update 140/390 | step=286720 | SPS=1271
[300016] Regime switch detected! 0 -> 1. Snapshotting anchor model.
update 150/390 | step=307200 | SPS=1272
update 160/390 | step=327680 | SPS=1276
update 170/390 | step=348160 | SPS=1272
update 180/390 | step=368640 | SPS=1270
update 190/390 | step=389120 | SPS=1272
[400016] Regime switch detected! 1 -> 0. Snapshotting anchor model.
update 200/390 | step=409600 | SPS=1275
update 210/390 | step=430080 | SPS=1277
update 220/390 | step=450560 | SPS=1277
update 230/390 | step=471040 | SPS=1278
update 240/390 | step=491520 | SPS=1280
[500016] Regime switch detected! 0 -> 1. Snapshotting anchor model.
update 250/390 | step=512000 | SPS=1282
update 260/390 | step=532480 | SPS=1278
update 270/390 | step=552960 | SPS=1277
update 280/390 | step=573440 | SPS=1277
update 290/390 | step=593920 | SPS=1274
[600016] Regime switch detected! 1 -> 0. Snapshotting anchor model.
update 300/390 | step=614400 | SPS=1274
update 310/390 | step=634880 | SPS=1275
update 320/390 | step=655360 | SPS=1274
update 330/390 | step=675840 | SPS=1271
update 340/390 | step=696320 | SPS=1270
[700016] Regime switch detected! 0 -> 1. Snapshotting anchor model.
update 350/390 | step=716800 | SPS=1270
update 360/390 | step=737280 | SPS=1270
update 370/390 | step=757760 | SPS=1268
update 380/390 | step=778240 | SPS=1269
update 390/390 | step=798720 | SPS=1268
Episode 29/60 | reward=0.8250 | avg10=2.8828 | avg_success_rate=0.5100 | steps=38 | time=632.9s
update 10/390 | step=20480 | SPS=1291
update 20/390 | step=40960 | SPS=1271
update 30/390 | step=61440 | SPS=1283
update 40/390 | step=81920 | SPS=1288
[100016] Regime switch detected! 0 -> 1. Snapshotting anchor model.
update 50/390 | step=102400 | SPS=1276
update 60/390 | step=122880 | SPS=1266
update 70/390 | step=143360 | SPS=1270
update 80/390 | step=163840 | SPS=1270
update 90/390 | step=184320 | SPS=1270
[200016] Regime switch detected! 1 -> 0. Snapshotting anchor model.
update 100/390 | step=204800 | SPS=1276
update 110/390 | step=225280 | SPS=1266
update 120/390 | step=245760 | SPS=1262
update 130/390 | step=266240 | SPS=1265
update 140/390 | step=286720 | SPS=1264
[300016] Regime switch detected! 0 -> 1. Snapshotting anchor model.
update 150/390 | step=307200 | SPS=1265
update 160/390 | step=327680 | SPS=1267
update 170/390 | step=348160 | SPS=1267
update 180/390 | step=368640 | SPS=1267
update 190/390 | step=389120 | SPS=1266
[400016] Regime switch detected! 1 -> 0. Snapshotting anchor model.
update 200/390 | step=409600 | SPS=1268
update 210/390 | step=430080 | SPS=1268
update 220/390 | step=450560 | SPS=1268
update 230/390 | step=471040 | SPS=1267
update 240/390 | step=491520 | SPS=1268
[500016] Regime switch detected! 0 -> 1. Snapshotting anchor model.
update 250/390 | step=512000 | SPS=1269
update 260/390 | step=532480 | SPS=1269
update 270/390 | step=552960 | SPS=1272
update 280/390 | step=573440 | SPS=1273
update 290/390 | step=593920 | SPS=1275
[600016] Regime switch detected! 1 -> 0. Snapshotting anchor model.
update 300/390 | step=614400 | SPS=1277
update 310/390 | step=634880 | SPS=1280
update 320/390 | step=655360 | SPS=1281
update 330/390 | step=675840 | SPS=1282
update 340/390 | step=696320 | SPS=1279
[700016] Regime switch detected! 0 -> 1. Snapshotting anchor model.
update 350/390 | step=716800 | SPS=1277
update 360/390 | step=737280 | SPS=1277
update 370/390 | step=757760 | SPS=1277
update 380/390 | step=778240 | SPS=1280
update 390/390 | step=798720 | SPS=1282
Episode 30/60 | reward=-1.1848 | avg10=2.4797 | avg_success_rate=0.8600 | steps=38 | time=625.9s
  [brain ckpt] runs/calib8x8_brain_neuromod_trainable_long_seed7_20260702-044135/episode_30/brain_ep30.pt
update 10/390 | step=20480 | SPS=1415
update 20/390 | step=40960 | SPS=1388
update 30/390 | step=61440 | SPS=1373
update 40/390 | step=81920 | SPS=1323
[100016] Regime switch detected! 0 -> 1. Snapshotting anchor model.
update 50/390 | step=102400 | SPS=1315
update 60/390 | step=122880 | SPS=1316
update 70/390 | step=143360 | SPS=1311
update 80/390 | step=163840 | SPS=1310
update 90/390 | step=184320 | SPS=1310
[200016] Regime switch detected! 1 -> 0. Snapshotting anchor model.
update 100/390 | step=204800 | SPS=1303
update 110/390 | step=225280 | SPS=1303
update 120/390 | step=245760 | SPS=1291
update 130/390 | step=266240 | SPS=1285
update 140/390 | step=286720 | SPS=1278
[300016] Regime switch detected! 0 -> 1. Snapshotting anchor model.
update 150/390 | step=307200 | SPS=1274
update 160/390 | step=327680 | SPS=1273
update 170/390 | step=348160 | SPS=1272
update 180/390 | step=368640 | SPS=1267
update 190/390 | step=389120 | SPS=1268
[400016] Regime switch detected! 1 -> 0. Snapshotting anchor model.
update 200/390 | step=409600 | SPS=1271
update 210/390 | step=430080 | SPS=1273
update 220/390 | step=450560 | SPS=1269
update 230/390 | step=471040 | SPS=1266
update 240/390 | step=491520 | SPS=1268
[500016] Regime switch detected! 0 -> 1. Snapshotting anchor model.
update 250/390 | step=512000 | SPS=1270
update 260/390 | step=532480 | SPS=1273
update 270/390 | step=552960 | SPS=1274
update 280/390 | step=573440 | SPS=1272
update 290/390 | step=593920 | SPS=1272
[600016] Regime switch detected! 1 -> 0. Snapshotting anchor model.
update 300/390 | step=614400 | SPS=1270
update 310/390 | step=634880 | SPS=1272
update 320/390 | step=655360 | SPS=1273
update 330/390 | step=675840 | SPS=1273
update 340/390 | step=696320 | SPS=1272
[700016] Regime switch detected! 0 -> 1. Snapshotting anchor model.
update 350/390 | step=716800 | SPS=1273
update 360/390 | step=737280 | SPS=1274
update 370/390 | step=757760 | SPS=1276
update 380/390 | step=778240 | SPS=1277
update 390/390 | step=798720 | SPS=1276
Episode 31/60 | reward=5.3250 | avg10=2.8552 | avg_success_rate=0.8500 | steps=38 | time=629.0s
update 10/390 | step=20480 | SPS=1269
update 20/390 | step=40960 | SPS=1307
update 30/390 | step=61440 | SPS=1322
update 40/390 | step=81920 | SPS=1305
[100016] Regime switch detected! 0 -> 1. Snapshotting anchor model.
update 50/390 | step=102400 | SPS=1288
update 60/390 | step=122880 | SPS=1271
update 70/390 | step=143360 | SPS=1276
update 80/390 | step=163840 | SPS=1276
update 90/390 | step=184320 | SPS=1278
[200016] Regime switch detected! 1 -> 0. Snapshotting anchor model.
update 100/390 | step=204800 | SPS=1279
update 110/390 | step=225280 | SPS=1279
update 120/390 | step=245760 | SPS=1274
update 130/390 | step=266240 | SPS=1272
update 140/390 | step=286720 | SPS=1270
[300016] Regime switch detected! 0 -> 1. Snapshotting anchor model.
update 150/390 | step=307200 | SPS=1266
update 160/390 | step=327680 | SPS=1264
update 170/390 | step=348160 | SPS=1260
update 180/390 | step=368640 | SPS=1254
update 190/390 | step=389120 | SPS=1252
[400016] Regime switch detected! 1 -> 0. Snapshotting anchor model.
update 200/390 | step=409600 | SPS=1255
update 210/390 | step=430080 | SPS=1256
update 220/390 | step=450560 | SPS=1256
update 230/390 | step=471040 | SPS=1255
update 240/390 | step=491520 | SPS=1254
[500016] Regime switch detected! 0 -> 1. Snapshotting anchor model.
update 250/390 | step=512000 | SPS=1256
update 260/390 | step=532480 | SPS=1259
update 270/390 | step=552960 | SPS=1260
update 280/390 | step=573440 | SPS=1261
update 290/390 | step=593920 | SPS=1263
[600016] Regime switch detected! 1 -> 0. Snapshotting anchor model.
update 300/390 | step=614400 | SPS=1263
update 310/390 | step=634880 | SPS=1262
update 320/390 | step=655360 | SPS=1264
update 330/390 | step=675840 | SPS=1264
update 340/390 | step=696320 | SPS=1264
[700016] Regime switch detected! 0 -> 1. Snapshotting anchor model.
update 350/390 | step=716800 | SPS=1265
update 360/390 | step=737280 | SPS=1266
update 370/390 | step=757760 | SPS=1264
update 380/390 | step=778240 | SPS=1263
update 390/390 | step=798720 | SPS=1262
Episode 32/60 | reward=5.8805 | avg10=2.9488 | avg_success_rate=0.6800 | steps=38 | time=635.7s
update 10/390 | step=20480 | SPS=1246
update 20/390 | step=40960 | SPS=1290
update 30/390 | step=61440 | SPS=1277
update 40/390 | step=81920 | SPS=1264
[100016] Regime switch detected! 0 -> 1. Snapshotting anchor model.
update 50/390 | step=102400 | SPS=1261
update 60/390 | step=122880 | SPS=1260
update 70/390 | step=143360 | SPS=1253
update 80/390 | step=163840 | SPS=1262
update 90/390 | step=184320 | SPS=1266
[200016] Regime switch detected! 1 -> 0. Snapshotting anchor model.
update 100/390 | step=204800 | SPS=1272
update 110/390 | step=225280 | SPS=1276
update 120/390 | step=245760 | SPS=1269
update 130/390 | step=266240 | SPS=1261
update 140/390 | step=286720 | SPS=1263
[300016] Regime switch detected! 0 -> 1. Snapshotting anchor model.
update 150/390 | step=307200 | SPS=1259
update 160/390 | step=327680 | SPS=1259
update 170/390 | step=348160 | SPS=1261
update 180/390 | step=368640 | SPS=1263
update 190/390 | step=389120 | SPS=1266
[400016] Regime switch detected! 1 -> 0. Snapshotting anchor model.
update 200/390 | step=409600 | SPS=1266
update 210/390 | step=430080 | SPS=1264
update 220/390 | step=450560 | SPS=1265
update 230/390 | step=471040 | SPS=1266
update 240/390 | step=491520 | SPS=1268
[500016] Regime switch detected! 0 -> 1. Snapshotting anchor model.
update 250/390 | step=512000 | SPS=1271
update 260/390 | step=532480 | SPS=1271
update 270/390 | step=552960 | SPS=1273
update 280/390 | step=573440 | SPS=1272
update 290/390 | step=593920 | SPS=1271
[600016] Regime switch detected! 1 -> 0. Snapshotting anchor model.
update 300/390 | step=614400 | SPS=1272
update 310/390 | step=634880 | SPS=1274
update 320/390 | step=655360 | SPS=1276
update 330/390 | step=675840 | SPS=1278
update 340/390 | step=696320 | SPS=1278
[700016] Regime switch detected! 0 -> 1. Snapshotting anchor model.
update 350/390 | step=716800 | SPS=1280
update 360/390 | step=737280 | SPS=1281
update 370/390 | step=757760 | SPS=1281
update 380/390 | step=778240 | SPS=1282
update 390/390 | step=798720 | SPS=1282
Episode 33/60 | reward=5.6510 | avg10=3.7074 | avg_success_rate=0.9500 | steps=38 | time=625.9s
update 10/390 | step=20480 | SPS=1273
update 20/390 | step=40960 | SPS=1273
update 30/390 | step=61440 | SPS=1276
update 40/390 | step=81920 | SPS=1265
[100016] Regime switch detected! 0 -> 1. Snapshotting anchor model.
update 50/390 | step=102400 | SPS=1264
update 60/390 | step=122880 | SPS=1262
update 70/390 | step=143360 | SPS=1257
update 80/390 | step=163840 | SPS=1255
update 90/390 | step=184320 | SPS=1248
[200016] Regime switch detected! 1 -> 0. Snapshotting anchor model.
update 100/390 | step=204800 | SPS=1241
update 110/390 | step=225280 | SPS=1241
update 120/390 | step=245760 | SPS=1246
update 130/390 | step=266240 | SPS=1250
update 140/390 | step=286720 | SPS=1254
[300016] Regime switch detected! 0 -> 1. Snapshotting anchor model.
update 150/390 | step=307200 | SPS=1253
update 160/390 | step=327680 | SPS=1257
update 170/390 | step=348160 | SPS=1257
update 180/390 | step=368640 | SPS=1260
update 190/390 | step=389120 | SPS=1255
[400016] Regime switch detected! 1 -> 0. Snapshotting anchor model.
update 200/390 | step=409600 | SPS=1254
update 210/390 | step=430080 | SPS=1253
update 220/390 | step=450560 | SPS=1255
update 230/390 | step=471040 | SPS=1252
update 240/390 | step=491520 | SPS=1250
[500016] Regime switch detected! 0 -> 1. Snapshotting anchor model.
update 250/390 | step=512000 | SPS=1249
update 260/390 | step=532480 | SPS=1249
update 270/390 | step=552960 | SPS=1251
update 280/390 | step=573440 | SPS=1254
update 290/390 | step=593920 | SPS=1256
[600016] Regime switch detected! 1 -> 0. Snapshotting anchor model.
update 300/390 | step=614400 | SPS=1257
update 310/390 | step=634880 | SPS=1258
update 320/390 | step=655360 | SPS=1258
update 330/390 | step=675840 | SPS=1260
update 340/390 | step=696320 | SPS=1261
[700016] Regime switch detected! 0 -> 1. Snapshotting anchor model.
update 350/390 | step=716800 | SPS=1262
update 360/390 | step=737280 | SPS=1264
update 370/390 | step=757760 | SPS=1265
update 380/390 | step=778240 | SPS=1266
update 390/390 | step=798720 | SPS=1265
Episode 34/60 | reward=5.0054 | avg10=3.9167 | avg_success_rate=0.9200 | steps=38 | time=634.3s
update 10/390 | step=20480 | SPS=1264
update 20/390 | step=40960 | SPS=1264
update 30/390 | step=61440 | SPS=1276
update 40/390 | step=81920 | SPS=1271
[100016] Regime switch detected! 0 -> 1. Snapshotting anchor model.
update 50/390 | step=102400 | SPS=1259
update 60/390 | step=122880 | SPS=1272
update 70/390 | step=143360 | SPS=1280
update 80/390 | step=163840 | SPS=1287
update 90/390 | step=184320 | SPS=1283
[200016] Regime switch detected! 1 -> 0. Snapshotting anchor model.
update 100/390 | step=204800 | SPS=1284
update 110/390 | step=225280 | SPS=1281
update 120/390 | step=245760 | SPS=1280
update 130/390 | step=266240 | SPS=1277
update 140/390 | step=286720 | SPS=1274
[300016] Regime switch detected! 0 -> 1. Snapshotting anchor model.
update 150/390 | step=307200 | SPS=1266
update 160/390 | step=327680 | SPS=1267
update 170/390 | step=348160 | SPS=1269
update 180/390 | step=368640 | SPS=1271
update 190/390 | step=389120 | SPS=1270
[400016] Regime switch detected! 1 -> 0. Snapshotting anchor model.
update 200/390 | step=409600 | SPS=1272
update 210/390 | step=430080 | SPS=1272
update 220/390 | step=450560 | SPS=1275
update 230/390 | step=471040 | SPS=1276
update 240/390 | step=491520 | SPS=1276
[500016] Regime switch detected! 0 -> 1. Snapshotting anchor model.
update 250/390 | step=512000 | SPS=1273
update 260/390 | step=532480 | SPS=1271
update 270/390 | step=552960 | SPS=1269
update 280/390 | step=573440 | SPS=1269
update 290/390 | step=593920 | SPS=1269
[600016] Regime switch detected! 1 -> 0. Snapshotting anchor model.
update 300/390 | step=614400 | SPS=1270
update 310/390 | step=634880 | SPS=1270
update 320/390 | step=655360 | SPS=1270
update 330/390 | step=675840 | SPS=1267
update 340/390 | step=696320 | SPS=1265
[700016] Regime switch detected! 0 -> 1. Snapshotting anchor model.
update 350/390 | step=716800 | SPS=1262
update 360/390 | step=737280 | SPS=1261
update 370/390 | step=757760 | SPS=1261
update 380/390 | step=778240 | SPS=1262
update 390/390 | step=798720 | SPS=1262
Episode 35/60 | reward=6.6561 | avg10=4.3237 | avg_success_rate=0.5100 | steps=38 | time=635.9s
  [brain ckpt] runs/calib8x8_brain_neuromod_trainable_long_seed7_20260702-044135/episode_35/brain_ep35.pt
update 10/390 | step=20480 | SPS=1289
update 20/390 | step=40960 | SPS=1321
update 30/390 | step=61440 | SPS=1327
update 40/390 | step=81920 | SPS=1309
[100016] Regime switch detected! 0 -> 1. Snapshotting anchor model.
update 50/390 | step=102400 | SPS=1306
update 60/390 | step=122880 | SPS=1318
update 70/390 | step=143360 | SPS=1317
update 80/390 | step=163840 | SPS=1319
update 90/390 | step=184320 | SPS=1308
[200016] Regime switch detected! 1 -> 0. Snapshotting anchor model.
update 100/390 | step=204800 | SPS=1304
update 110/390 | step=225280 | SPS=1291
update 120/390 | step=245760 | SPS=1281
update 130/390 | step=266240 | SPS=1277
update 140/390 | step=286720 | SPS=1274
[300016] Regime switch detected! 0 -> 1. Snapshotting anchor model.
update 150/390 | step=307200 | SPS=1274
update 160/390 | step=327680 | SPS=1278
update 170/390 | step=348160 | SPS=1281
update 180/390 | step=368640 | SPS=1280
update 190/390 | step=389120 | SPS=1279
[400016] Regime switch detected! 1 -> 0. Snapshotting anchor model.
update 200/390 | step=409600 | SPS=1280
update 210/390 | step=430080 | SPS=1278
update 220/390 | step=450560 | SPS=1280
update 230/390 | step=471040 | SPS=1281
update 240/390 | step=491520 | SPS=1283
[500016] Regime switch detected! 0 -> 1. Snapshotting anchor model.
update 250/390 | step=512000 | SPS=1281
update 260/390 | step=532480 | SPS=1283
update 270/390 | step=552960 | SPS=1284
update 280/390 | step=573440 | SPS=1285
update 290/390 | step=593920 | SPS=1286
[600016] Regime switch detected! 1 -> 0. Snapshotting anchor model.
update 300/390 | step=614400 | SPS=1286
update 310/390 | step=634880 | SPS=1284
update 320/390 | step=655360 | SPS=1281
update 330/390 | step=675840 | SPS=1280
update 340/390 | step=696320 | SPS=1278
[700016] Regime switch detected! 0 -> 1. Snapshotting anchor model.
update 350/390 | step=716800 | SPS=1276
update 360/390 | step=737280 | SPS=1275
update 370/390 | step=757760 | SPS=1276
update 380/390 | step=778240 | SPS=1279
update 390/390 | step=798720 | SPS=1279
Episode 36/60 | reward=5.2531 | avg10=4.5229 | avg_success_rate=0.6300 | steps=38 | time=627.2s
update 10/390 | step=20480 | SPS=1394
update 20/390 | step=40960 | SPS=1337
update 30/390 | step=61440 | SPS=1298
update 40/390 | step=81920 | SPS=1291
[100016] Regime switch detected! 0 -> 1. Snapshotting anchor model.
update 50/390 | step=102400 | SPS=1281
update 60/390 | step=122880 | SPS=1273
update 70/390 | step=143360 | SPS=1270
update 80/390 | step=163840 | SPS=1277
update 90/390 | step=184320 | SPS=1285
[200016] Regime switch detected! 1 -> 0. Snapshotting anchor model.
update 100/390 | step=204800 | SPS=1285
update 110/390 | step=225280 | SPS=1281
update 120/390 | step=245760 | SPS=1280
update 130/390 | step=266240 | SPS=1283
update 140/390 | step=286720 | SPS=1286
[300016] Regime switch detected! 0 -> 1. Snapshotting anchor model.
update 150/390 | step=307200 | SPS=1283
update 160/390 | step=327680 | SPS=1284
update 170/390 | step=348160 | SPS=1286
update 180/390 | step=368640 | SPS=1288
update 190/390 | step=389120 | SPS=1287
[400016] Regime switch detected! 1 -> 0. Snapshotting anchor model.
update 200/390 | step=409600 | SPS=1285
update 210/390 | step=430080 | SPS=1285
update 220/390 | step=450560 | SPS=1286
update 230/390 | step=471040 | SPS=1288
update 240/390 | step=491520 | SPS=1289
[500016] Regime switch detected! 0 -> 1. Snapshotting anchor model.
update 250/390 | step=512000 | SPS=1291
update 260/390 | step=532480 | SPS=1293
update 270/390 | step=552960 | SPS=1289
update 280/390 | step=573440 | SPS=1286
update 290/390 | step=593920 | SPS=1285
[600016] Regime switch detected! 1 -> 0. Snapshotting anchor model.
update 300/390 | step=614400 | SPS=1283
update 310/390 | step=634880 | SPS=1283
update 320/390 | step=655360 | SPS=1284
update 330/390 | step=675840 | SPS=1285
update 340/390 | step=696320 | SPS=1285
[700016] Regime switch detected! 0 -> 1. Snapshotting anchor model.
update 350/390 | step=716800 | SPS=1283
update 360/390 | step=737280 | SPS=1280
update 370/390 | step=757760 | SPS=1278
update 380/390 | step=778240 | SPS=1280
update 390/390 | step=798720 | SPS=1281
Episode 37/60 | reward=5.1768 | avg10=4.4493 | avg_success_rate=0.9000 | steps=38 | time=626.5s
update 10/390 | step=20480 | SPS=1201
update 20/390 | step=40960 | SPS=1206
update 30/390 | step=61440 | SPS=1195
update 40/390 | step=81920 | SPS=1198
[100016] Regime switch detected! 0 -> 1. Snapshotting anchor model.
update 50/390 | step=102400 | SPS=1214
update 60/390 | step=122880 | SPS=1233
update 70/390 | step=143360 | SPS=1232
update 80/390 | step=163840 | SPS=1231
update 90/390 | step=184320 | SPS=1232
[200016] Regime switch detected! 1 -> 0. Snapshotting anchor model.
update 100/390 | step=204800 | SPS=1236
update 110/390 | step=225280 | SPS=1240
update 120/390 | step=245760 | SPS=1246
update 130/390 | step=266240 | SPS=1250
update 140/390 | step=286720 | SPS=1255
[300016] Regime switch detected! 0 -> 1. Snapshotting anchor model.
update 150/390 | step=307200 | SPS=1258
update 160/390 | step=327680 | SPS=1261
update 170/390 | step=348160 | SPS=1263
update 180/390 | step=368640 | SPS=1267
update 190/390 | step=389120 | SPS=1269
[400016] Regime switch detected! 1 -> 0. Snapshotting anchor model.
update 200/390 | step=409600 | SPS=1272
update 210/390 | step=430080 | SPS=1270
update 220/390 | step=450560 | SPS=1274
update 230/390 | step=471040 | SPS=1275
update 240/390 | step=491520 | SPS=1277
[500016] Regime switch detected! 0 -> 1. Snapshotting anchor model.
update 250/390 | step=512000 | SPS=1277
update 260/390 | step=532480 | SPS=1278
update 270/390 | step=552960 | SPS=1280
update 280/390 | step=573440 | SPS=1281
update 290/390 | step=593920 | SPS=1280
[600016] Regime switch detected! 1 -> 0. Snapshotting anchor model.
update 300/390 | step=614400 | SPS=1281
update 310/390 | step=634880 | SPS=1282
update 320/390 | step=655360 | SPS=1282
update 330/390 | step=675840 | SPS=1283
update 340/390 | step=696320 | SPS=1283
[700016] Regime switch detected! 0 -> 1. Snapshotting anchor model.
update 350/390 | step=716800 | SPS=1284
update 360/390 | step=737280 | SPS=1284
update 370/390 | step=757760 | SPS=1285
update 380/390 | step=778240 | SPS=1286
update 390/390 | step=798720 | SPS=1286
Episode 38/60 | reward=7.3495 | avg10=4.5938 | avg_success_rate=0.7800 | steps=38 | time=624.2s
update 10/390 | step=20480 | SPS=1396
update 20/390 | step=40960 | SPS=1315
update 30/390 | step=61440 | SPS=1289
update 40/390 | step=81920 | SPS=1263
[100016] Regime switch detected! 0 -> 1. Snapshotting anchor model.
update 50/390 | step=102400 | SPS=1258
update 60/390 | step=122880 | SPS=1250
update 70/390 | step=143360 | SPS=1240
update 80/390 | step=163840 | SPS=1247
update 90/390 | step=184320 | SPS=1253
[200016] Regime switch detected! 1 -> 0. Snapshotting anchor model.
update 100/390 | step=204800 | SPS=1249
update 110/390 | step=225280 | SPS=1254
update 120/390 | step=245760 | SPS=1259
update 130/390 | step=266240 | SPS=1264
update 140/390 | step=286720 | SPS=1265
[300016] Regime switch detected! 0 -> 1. Snapshotting anchor model.
update 150/390 | step=307200 | SPS=1267
update 160/390 | step=327680 | SPS=1271
update 170/390 | step=348160 | SPS=1275
update 180/390 | step=368640 | SPS=1274
update 190/390 | step=389120 | SPS=1269
[400016] Regime switch detected! 1 -> 0. Snapshotting anchor model.
update 200/390 | step=409600 | SPS=1266
update 210/390 | step=430080 | SPS=1265
update 220/390 | step=450560 | SPS=1269
update 230/390 | step=471040 | SPS=1272
update 240/390 | step=491520 | SPS=1273
[500016] Regime switch detected! 0 -> 1. Snapshotting anchor model.
update 250/390 | step=512000 | SPS=1275
update 260/390 | step=532480 | SPS=1277
update 270/390 | step=552960 | SPS=1279
update 280/390 | step=573440 | SPS=1277
update 290/390 | step=593920 | SPS=1275
[600016] Regime switch detected! 1 -> 0. Snapshotting anchor model.
update 300/390 | step=614400 | SPS=1277
update 310/390 | step=634880 | SPS=1279
update 320/390 | step=655360 | SPS=1278
update 330/390 | step=675840 | SPS=1279
update 340/390 | step=696320 | SPS=1281
[700016] Regime switch detected! 0 -> 1. Snapshotting anchor model.
update 350/390 | step=716800 | SPS=1281
update 360/390 | step=737280 | SPS=1282
update 370/390 | step=757760 | SPS=1284
update 380/390 | step=778240 | SPS=1284
update 390/390 | step=798720 | SPS=1282
Episode 39/60 | reward=2.8514 | avg10=4.7964 | avg_success_rate=0.8300 | steps=38 | time=626.2s
update 10/390 | step=20480 | SPS=1311
update 20/390 | step=40960 | SPS=1251
update 30/390 | step=61440 | SPS=1250
update 40/390 | step=81920 | SPS=1271
[100016] Regime switch detected! 0 -> 1. Snapshotting anchor model.
update 50/390 | step=102400 | SPS=1283
update 60/390 | step=122880 | SPS=1286
update 70/390 | step=143360 | SPS=1287
update 80/390 | step=163840 | SPS=1294
update 90/390 | step=184320 | SPS=1299
[200016] Regime switch detected! 1 -> 0. Snapshotting anchor model.
update 100/390 | step=204800 | SPS=1300
update 110/390 | step=225280 | SPS=1304
update 120/390 | step=245760 | SPS=1301
update 130/390 | step=266240 | SPS=1299
update 140/390 | step=286720 | SPS=1292
[300016] Regime switch detected! 0 -> 1. Snapshotting anchor model.
update 150/390 | step=307200 | SPS=1284
update 160/390 | step=327680 | SPS=1281
update 170/390 | step=348160 | SPS=1281
update 180/390 | step=368640 | SPS=1281
update 190/390 | step=389120 | SPS=1282
[400016] Regime switch detected! 1 -> 0. Snapshotting anchor model.
update 200/390 | step=409600 | SPS=1283
update 210/390 | step=430080 | SPS=1280
update 220/390 | step=450560 | SPS=1276
update 230/390 | step=471040 | SPS=1277
update 240/390 | step=491520 | SPS=1279
[500016] Regime switch detected! 0 -> 1. Snapshotting anchor model.
update 250/390 | step=512000 | SPS=1280
update 260/390 | step=532480 | SPS=1281
update 270/390 | step=552960 | SPS=1282
update 280/390 | step=573440 | SPS=1282
update 290/390 | step=593920 | SPS=1283
[600016] Regime switch detected! 1 -> 0. Snapshotting anchor model.
update 300/390 | step=614400 | SPS=1282
update 310/390 | step=634880 | SPS=1278
update 320/390 | step=655360 | SPS=1275
update 330/390 | step=675840 | SPS=1273
update 340/390 | step=696320 | SPS=1273
[700016] Regime switch detected! 0 -> 1. Snapshotting anchor model.
update 350/390 | step=716800 | SPS=1273
update 360/390 | step=737280 | SPS=1275
update 370/390 | step=757760 | SPS=1277
update 380/390 | step=778240 | SPS=1278
update 390/390 | step=798720 | SPS=1277
Episode 40/60 | reward=7.1085 | avg10=5.6257 | avg_success_rate=0.8100 | steps=38 | time=628.4s
  [brain ckpt] runs/calib8x8_brain_neuromod_trainable_long_seed7_20260702-044135/episode_40/brain_ep40.pt
update 10/390 | step=20480 | SPS=1258
update 20/390 | step=40960 | SPS=1260
update 30/390 | step=61440 | SPS=1250
update 40/390 | step=81920 | SPS=1237
[100016] Regime switch detected! 0 -> 1. Snapshotting anchor model.
update 50/390 | step=102400 | SPS=1253
update 60/390 | step=122880 | SPS=1253
update 70/390 | step=143360 | SPS=1260
update 80/390 | step=163840 | SPS=1254
update 90/390 | step=184320 | SPS=1251
[200016] Regime switch detected! 1 -> 0. Snapshotting anchor model.
update 100/390 | step=204800 | SPS=1245
update 110/390 | step=225280 | SPS=1244
update 120/390 | step=245760 | SPS=1250
update 130/390 | step=266240 | SPS=1256
update 140/390 | step=286720 | SPS=1260
[300016] Regime switch detected! 0 -> 1. Snapshotting anchor model.
update 150/390 | step=307200 | SPS=1261
update 160/390 | step=327680 | SPS=1261
update 170/390 | step=348160 | SPS=1259
update 180/390 | step=368640 | SPS=1261
update 190/390 | step=389120 | SPS=1265
[400016] Regime switch detected! 1 -> 0. Snapshotting anchor model.
update 200/390 | step=409600 | SPS=1268
update 210/390 | step=430080 | SPS=1271
update 220/390 | step=450560 | SPS=1272
update 230/390 | step=471040 | SPS=1273
update 240/390 | step=491520 | SPS=1274
[500016] Regime switch detected! 0 -> 1. Snapshotting anchor model.
update 250/390 | step=512000 | SPS=1275
update 260/390 | step=532480 | SPS=1272
update 270/390 | step=552960 | SPS=1271
update 280/390 | step=573440 | SPS=1273
update 290/390 | step=593920 | SPS=1275
[600016] Regime switch detected! 1 -> 0. Snapshotting anchor model.
update 300/390 | step=614400 | SPS=1274
update 310/390 | step=634880 | SPS=1272
update 320/390 | step=655360 | SPS=1272
update 330/390 | step=675840 | SPS=1272
update 340/390 | step=696320 | SPS=1272
[700016] Regime switch detected! 0 -> 1. Snapshotting anchor model.
update 350/390 | step=716800 | SPS=1273
update 360/390 | step=737280 | SPS=1274
update 370/390 | step=757760 | SPS=1275
update 380/390 | step=778240 | SPS=1274
update 390/390 | step=798720 | SPS=1274
Episode 41/60 | reward=2.0757 | avg10=5.3008 | avg_success_rate=0.7200 | steps=38 | time=629.7s
update 10/390 | step=20480 | SPS=1314
update 20/390 | step=40960 | SPS=1291
update 30/390 | step=61440 | SPS=1309
update 40/390 | step=81920 | SPS=1309
[100016] Regime switch detected! 0 -> 1. Snapshotting anchor model.
update 50/390 | step=102400 | SPS=1304
update 60/390 | step=122880 | SPS=1306
update 70/390 | step=143360 | SPS=1307
update 80/390 | step=163840 | SPS=1311
update 90/390 | step=184320 | SPS=1299
[200016] Regime switch detected! 1 -> 0. Snapshotting anchor model.
update 100/390 | step=204800 | SPS=1298
update 110/390 | step=225280 | SPS=1302
update 120/390 | step=245760 | SPS=1302
update 130/390 | step=266240 | SPS=1304
update 140/390 | step=286720 | SPS=1304
[300016] Regime switch detected! 0 -> 1. Snapshotting anchor model.
update 150/390 | step=307200 | SPS=1303
update 160/390 | step=327680 | SPS=1304
update 170/390 | step=348160 | SPS=1305
update 180/390 | step=368640 | SPS=1303
update 190/390 | step=389120 | SPS=1300
[400016] Regime switch detected! 1 -> 0. Snapshotting anchor model.
update 200/390 | step=409600 | SPS=1298
update 210/390 | step=430080 | SPS=1300
update 220/390 | step=450560 | SPS=1299
update 230/390 | step=471040 | SPS=1300
update 240/390 | step=491520 | SPS=1297
[500016] Regime switch detected! 0 -> 1. Snapshotting anchor model.
update 250/390 | step=512000 | SPS=1295
update 260/390 | step=532480 | SPS=1297
update 270/390 | step=552960 | SPS=1297
update 280/390 | step=573440 | SPS=1298
update 290/390 | step=593920 | SPS=1298
[600016] Regime switch detected! 1 -> 0. Snapshotting anchor model.
update 300/390 | step=614400 | SPS=1298
update 310/390 | step=634880 | SPS=1298
update 320/390 | step=655360 | SPS=1299
update 330/390 | step=675840 | SPS=1298
update 340/390 | step=696320 | SPS=1296
[700016] Regime switch detected! 0 -> 1. Snapshotting anchor model.
update 350/390 | step=716800 | SPS=1296
update 360/390 | step=737280 | SPS=1295
update 370/390 | step=757760 | SPS=1295
update 380/390 | step=778240 | SPS=1295
update 390/390 | step=798720 | SPS=1297
Episode 42/60 | reward=2.2591 | avg10=4.9387 | avg_success_rate=0.9000 | steps=38 | time=618.9s
update 10/390 | step=20480 | SPS=1337
update 20/390 | step=40960 | SPS=1278
update 30/390 | step=61440 | SPS=1274
update 40/390 | step=81920 | SPS=1266
[100016] Regime switch detected! 0 -> 1. Snapshotting anchor model.
update 50/390 | step=102400 | SPS=1276
update 60/390 | step=122880 | SPS=1263
update 70/390 | step=143360 | SPS=1260
update 80/390 | step=163840 | SPS=1263
update 90/390 | step=184320 | SPS=1260
[200016] Regime switch detected! 1 -> 0. Snapshotting anchor model.
update 100/390 | step=204800 | SPS=1266
update 110/390 | step=225280 | SPS=1267
update 120/390 | step=245760 | SPS=1268
update 130/390 | step=266240 | SPS=1272
update 140/390 | step=286720 | SPS=1273
[300016] Regime switch detected! 0 -> 1. Snapshotting anchor model.
update 150/390 | step=307200 | SPS=1268
update 160/390 | step=327680 | SPS=1265
update 170/390 | step=348160 | SPS=1261
update 180/390 | step=368640 | SPS=1258
update 190/390 | step=389120 | SPS=1254
[400016] Regime switch detected! 1 -> 0. Snapshotting anchor model.
update 200/390 | step=409600 | SPS=1251
update 210/390 | step=430080 | SPS=1253
update 220/390 | step=450560 | SPS=1256
update 230/390 | step=471040 | SPS=1256
update 240/390 | step=491520 | SPS=1254
[500016] Regime switch detected! 0 -> 1. Snapshotting anchor model.
update 250/390 | step=512000 | SPS=1255
update 260/390 | step=532480 | SPS=1255
update 270/390 | step=552960 | SPS=1252
update 280/390 | step=573440 | SPS=1250
update 290/390 | step=593920 | SPS=1250
[600016] Regime switch detected! 1 -> 0. Snapshotting anchor model.
update 300/390 | step=614400 | SPS=1251
update 310/390 | step=634880 | SPS=1252
update 320/390 | step=655360 | SPS=1250
update 330/390 | step=675840 | SPS=1250
update 340/390 | step=696320 | SPS=1251
[700016] Regime switch detected! 0 -> 1. Snapshotting anchor model.
update 350/390 | step=716800 | SPS=1252
update 360/390 | step=737280 | SPS=1253
update 370/390 | step=757760 | SPS=1251
update 380/390 | step=778240 | SPS=1250
update 390/390 | step=798720 | SPS=1248
Episode 43/60 | reward=2.4011 | avg10=4.6137 | avg_success_rate=0.9400 | steps=38 | time=642.9s
update 10/390 | step=20480 | SPS=1284
update 20/390 | step=40960 | SPS=1259
update 30/390 | step=61440 | SPS=1275
update 40/390 | step=81920 | SPS=1295
[100016] Regime switch detected! 0 -> 1. Snapshotting anchor model.
update 50/390 | step=102400 | SPS=1285
update 60/390 | step=122880 | SPS=1272
update 70/390 | step=143360 | SPS=1268
update 80/390 | step=163840 | SPS=1257
update 90/390 | step=184320 | SPS=1249
[200016] Regime switch detected! 1 -> 0. Snapshotting anchor model.
update 100/390 | step=204800 | SPS=1248
update 110/390 | step=225280 | SPS=1254
update 120/390 | step=245760 | SPS=1256
update 130/390 | step=266240 | SPS=1258
update 140/390 | step=286720 | SPS=1262
[300016] Regime switch detected! 0 -> 1. Snapshotting anchor model.
update 150/390 | step=307200 | SPS=1261
update 160/390 | step=327680 | SPS=1265
update 170/390 | step=348160 | SPS=1263
update 180/390 | step=368640 | SPS=1266
update 190/390 | step=389120 | SPS=1263
[400016] Regime switch detected! 1 -> 0. Snapshotting anchor model.
update 200/390 | step=409600 | SPS=1263
update 210/390 | step=430080 | SPS=1264
update 220/390 | step=450560 | SPS=1267
update 230/390 | step=471040 | SPS=1271
update 240/390 | step=491520 | SPS=1270
[500016] Regime switch detected! 0 -> 1. Snapshotting anchor model.
update 250/390 | step=512000 | SPS=1268
update 260/390 | step=532480 | SPS=1270
update 270/390 | step=552960 | SPS=1268
update 280/390 | step=573440 | SPS=1269
update 290/390 | step=593920 | SPS=1272
[600016] Regime switch detected! 1 -> 0. Snapshotting anchor model.
update 300/390 | step=614400 | SPS=1273
update 310/390 | step=634880 | SPS=1273
update 320/390 | step=655360 | SPS=1275
update 330/390 | step=675840 | SPS=1277
update 340/390 | step=696320 | SPS=1278
[700016] Regime switch detected! 0 -> 1. Snapshotting anchor model.
update 350/390 | step=716800 | SPS=1279
update 360/390 | step=737280 | SPS=1281
update 370/390 | step=757760 | SPS=1281
update 380/390 | step=778240 | SPS=1282
update 390/390 | step=798720 | SPS=1279
Episode 44/60 | reward=3.8869 | avg10=4.5018 | avg_success_rate=0.4600 | steps=38 | time=627.2s
update 10/390 | step=20480 | SPS=1266
update 20/390 | step=40960 | SPS=1252
update 30/390 | step=61440 | SPS=1239
update 40/390 | step=81920 | SPS=1237
[100016] Regime switch detected! 0 -> 1. Snapshotting anchor model.
update 50/390 | step=102400 | SPS=1243
update 60/390 | step=122880 | SPS=1245
update 70/390 | step=143360 | SPS=1239
update 80/390 | step=163840 | SPS=1237
update 90/390 | step=184320 | SPS=1237
[200016] Regime switch detected! 1 -> 0. Snapshotting anchor model.
update 100/390 | step=204800 | SPS=1232
update 110/390 | step=225280 | SPS=1229
update 120/390 | step=245760 | SPS=1229
update 130/390 | step=266240 | SPS=1232
update 140/390 | step=286720 | SPS=1238
[300016] Regime switch detected! 0 -> 1. Snapshotting anchor model.
update 150/390 | step=307200 | SPS=1241
update 160/390 | step=327680 | SPS=1247
update 170/390 | step=348160 | SPS=1251
update 180/390 | step=368640 | SPS=1255
update 190/390 | step=389120 | SPS=1259
[400016] Regime switch detected! 1 -> 0. Snapshotting anchor model.
update 200/390 | step=409600 | SPS=1263
update 210/390 | step=430080 | SPS=1264
update 220/390 | step=450560 | SPS=1261
update 230/390 | step=471040 | SPS=1258
update 240/390 | step=491520 | SPS=1259
[500016] Regime switch detected! 0 -> 1. Snapshotting anchor model.
update 250/390 | step=512000 | SPS=1261
update 260/390 | step=532480 | SPS=1261
update 270/390 | step=552960 | SPS=1260
update 280/390 | step=573440 | SPS=1259
update 290/390 | step=593920 | SPS=1256
[600016] Regime switch detected! 1 -> 0. Snapshotting anchor model.
update 300/390 | step=614400 | SPS=1258
update 310/390 | step=634880 | SPS=1260
update 320/390 | step=655360 | SPS=1262
update 330/390 | step=675840 | SPS=1262
update 340/390 | step=696320 | SPS=1263
[700016] Regime switch detected! 0 -> 1. Snapshotting anchor model.
update 350/390 | step=716800 | SPS=1262
update 360/390 | step=737280 | SPS=1260
update 370/390 | step=757760 | SPS=1259
update 380/390 | step=778240 | SPS=1257
update 390/390 | step=798720 | SPS=1259
Episode 45/60 | reward=4.0675 | avg10=4.2430 | avg_success_rate=0.8300 | steps=38 | time=637.4s
  [brain ckpt] runs/calib8x8_brain_neuromod_trainable_long_seed7_20260702-044135/episode_45/brain_ep45.pt
update 10/390 | step=20480 | SPS=1270
update 20/390 | step=40960 | SPS=1271
update 30/390 | step=61440 | SPS=1263
update 40/390 | step=81920 | SPS=1263
[100016] Regime switch detected! 0 -> 1. Snapshotting anchor model.
update 50/390 | step=102400 | SPS=1279
update 60/390 | step=122880 | SPS=1281
update 70/390 | step=143360 | SPS=1278
update 80/390 | step=163840 | SPS=1265
update 90/390 | step=184320 | SPS=1257
[200016] Regime switch detected! 1 -> 0. Snapshotting anchor model.
update 100/390 | step=204800 | SPS=1249
update 110/390 | step=225280 | SPS=1249
update 120/390 | step=245760 | SPS=1254
update 130/390 | step=266240 | SPS=1255
update 140/390 | step=286720 | SPS=1258
[300016] Regime switch detected! 0 -> 1. Snapshotting anchor model.
update 150/390 | step=307200 | SPS=1260
update 160/390 | step=327680 | SPS=1260
update 170/390 | step=348160 | SPS=1263
update 180/390 | step=368640 | SPS=1260
update 190/390 | step=389120 | SPS=1260
[400016] Regime switch detected! 1 -> 0. Snapshotting anchor model.
update 200/390 | step=409600 | SPS=1256
update 210/390 | step=430080 | SPS=1253
update 220/390 | step=450560 | SPS=1251
update 230/390 | step=471040 | SPS=1249
update 240/390 | step=491520 | SPS=1247
[500016] Regime switch detected! 0 -> 1. Snapshotting anchor model.
update 250/390 | step=512000 | SPS=1247
update 260/390 | step=532480 | SPS=1250
update 270/390 | step=552960 | SPS=1252
update 280/390 | step=573440 | SPS=1253
update 290/390 | step=593920 | SPS=1255
[600016] Regime switch detected! 1 -> 0. Snapshotting anchor model.
update 300/390 | step=614400 | SPS=1256
update 310/390 | step=634880 | SPS=1258
update 320/390 | step=655360 | SPS=1259
update 330/390 | step=675840 | SPS=1259
update 340/390 | step=696320 | SPS=1260
[700016] Regime switch detected! 0 -> 1. Snapshotting anchor model.
update 350/390 | step=716800 | SPS=1260
update 360/390 | step=737280 | SPS=1263
update 370/390 | step=757760 | SPS=1263
update 380/390 | step=778240 | SPS=1263
update 390/390 | step=798720 | SPS=1265
Episode 46/60 | reward=5.1447 | avg10=4.2321 | avg_success_rate=0.9500 | steps=38 | time=634.6s
update 10/390 | step=20480 | SPS=1314
update 20/390 | step=40960 | SPS=1285
update 30/390 | step=61440 | SPS=1290
update 40/390 | step=81920 | SPS=1303
[100016] Regime switch detected! 0 -> 1. Snapshotting anchor model.
update 50/390 | step=102400 | SPS=1311
update 60/390 | step=122880 | SPS=1318
update 70/390 | step=143360 | SPS=1319
update 80/390 | step=163840 | SPS=1315
update 90/390 | step=184320 | SPS=1311
[200016] Regime switch detected! 1 -> 0. Snapshotting anchor model.
update 100/390 | step=204800 | SPS=1311
update 110/390 | step=225280 | SPS=1310
update 120/390 | step=245760 | SPS=1310
update 130/390 | step=266240 | SPS=1313
update 140/390 | step=286720 | SPS=1312
[300016] Regime switch detected! 0 -> 1. Snapshotting anchor model.
update 150/390 | step=307200 | SPS=1312
update 160/390 | step=327680 | SPS=1312
update 170/390 | step=348160 | SPS=1312
update 180/390 | step=368640 | SPS=1313
update 190/390 | step=389120 | SPS=1308
[400016] Regime switch detected! 1 -> 0. Snapshotting anchor model.
update 200/390 | step=409600 | SPS=1309
update 210/390 | step=430080 | SPS=1307
update 220/390 | step=450560 | SPS=1307
update 230/390 | step=471040 | SPS=1304
update 240/390 | step=491520 | SPS=1301
[500016] Regime switch detected! 0 -> 1. Snapshotting anchor model.
update 250/390 | step=512000 | SPS=1300
update 260/390 | step=532480 | SPS=1297
update 270/390 | step=552960 | SPS=1297
update 280/390 | step=573440 | SPS=1298
update 290/390 | step=593920 | SPS=1300
[600016] Regime switch detected! 1 -> 0. Snapshotting anchor model.
update 300/390 | step=614400 | SPS=1300
update 310/390 | step=634880 | SPS=1301
update 320/390 | step=655360 | SPS=1301
update 330/390 | step=675840 | SPS=1301
update 340/390 | step=696320 | SPS=1298
[700016] Regime switch detected! 0 -> 1. Snapshotting anchor model.
update 350/390 | step=716800 | SPS=1298
update 360/390 | step=737280 | SPS=1299
update 370/390 | step=757760 | SPS=1299
update 380/390 | step=778240 | SPS=1299
update 390/390 | step=798720 | SPS=1299
Episode 47/60 | reward=2.2848 | avg10=3.9429 | avg_success_rate=0.7400 | steps=38 | time=617.8s
update 10/390 | step=20480 | SPS=1290
update 20/390 | step=40960 | SPS=1329
update 30/390 | step=61440 | SPS=1329
update 40/390 | step=81920 | SPS=1330
[100016] Regime switch detected! 0 -> 1. Snapshotting anchor model.
update 50/390 | step=102400 | SPS=1331
update 60/390 | step=122880 | SPS=1332
update 70/390 | step=143360 | SPS=1334
update 80/390 | step=163840 | SPS=1332
update 90/390 | step=184320 | SPS=1333
[200016] Regime switch detected! 1 -> 0. Snapshotting anchor model.
update 100/390 | step=204800 | SPS=1334
update 110/390 | step=225280 | SPS=1335
update 120/390 | step=245760 | SPS=1335
update 130/390 | step=266240 | SPS=1336
update 140/390 | step=286720 | SPS=1332
[300016] Regime switch detected! 0 -> 1. Snapshotting anchor model.
update 150/390 | step=307200 | SPS=1327
update 160/390 | step=327680 | SPS=1317
update 170/390 | step=348160 | SPS=1310
update 180/390 | step=368640 | SPS=1312
update 190/390 | step=389120 | SPS=1314
[400016] Regime switch detected! 1 -> 0. Snapshotting anchor model.
update 200/390 | step=409600 | SPS=1312
update 210/390 | step=430080 | SPS=1311
update 220/390 | step=450560 | SPS=1311
update 230/390 | step=471040 | SPS=1310
update 240/390 | step=491520 | SPS=1308
[500016] Regime switch detected! 0 -> 1. Snapshotting anchor model.
update 250/390 | step=512000 | SPS=1308
update 260/390 | step=532480 | SPS=1309
update 270/390 | step=552960 | SPS=1308
update 280/390 | step=573440 | SPS=1308
update 290/390 | step=593920 | SPS=1307
[600016] Regime switch detected! 1 -> 0. Snapshotting anchor model.
update 300/390 | step=614400 | SPS=1307
update 310/390 | step=634880 | SPS=1305
update 320/390 | step=655360 | SPS=1305
update 330/390 | step=675840 | SPS=1305
update 340/390 | step=696320 | SPS=1302
[700016] Regime switch detected! 0 -> 1. Snapshotting anchor model.
update 350/390 | step=716800 | SPS=1299
update 360/390 | step=737280 | SPS=1298
update 370/390 | step=757760 | SPS=1299
update 380/390 | step=778240 | SPS=1300
update 390/390 | step=798720 | SPS=1301
Episode 48/60 | reward=0.0871 | avg10=3.2167 | avg_success_rate=0.9000 | steps=38 | time=616.8s
update 10/390 | step=20480 | SPS=1305
update 20/390 | step=40960 | SPS=1316
update 30/390 | step=61440 | SPS=1295
update 40/390 | step=81920 | SPS=1307
[100016] Regime switch detected! 0 -> 1. Snapshotting anchor model.
update 50/390 | step=102400 | SPS=1313
update 60/390 | step=122880 | SPS=1307
update 70/390 | step=143360 | SPS=1307
update 80/390 | step=163840 | SPS=1308
update 90/390 | step=184320 | SPS=1310
[200016] Regime switch detected! 1 -> 0. Snapshotting anchor model.
update 100/390 | step=204800 | SPS=1312
update 110/390 | step=225280 | SPS=1314
update 120/390 | step=245760 | SPS=1311
update 130/390 | step=266240 | SPS=1312
update 140/390 | step=286720 | SPS=1307
[300016] Regime switch detected! 0 -> 1. Snapshotting anchor model.
update 150/390 | step=307200 | SPS=1305
update 160/390 | step=327680 | SPS=1306
update 170/390 | step=348160 | SPS=1308
update 180/390 | step=368640 | SPS=1310
update 190/390 | step=389120 | SPS=1312
[400016] Regime switch detected! 1 -> 0. Snapshotting anchor model.
update 200/390 | step=409600 | SPS=1312
update 210/390 | step=430080 | SPS=1313
update 220/390 | step=450560 | SPS=1311
update 230/390 | step=471040 | SPS=1311
update 240/390 | step=491520 | SPS=1309
[500016] Regime switch detected! 0 -> 1. Snapshotting anchor model.
update 250/390 | step=512000 | SPS=1305
update 260/390 | step=532480 | SPS=1302
update 270/390 | step=552960 | SPS=1302
update 280/390 | step=573440 | SPS=1301
update 290/390 | step=593920 | SPS=1300
[600016] Regime switch detected! 1 -> 0. Snapshotting anchor model.
update 300/390 | step=614400 | SPS=1298
update 310/390 | step=634880 | SPS=1294
update 320/390 | step=655360 | SPS=1294
update 330/390 | step=675840 | SPS=1295
update 340/390 | step=696320 | SPS=1293
[700016] Regime switch detected! 0 -> 1. Snapshotting anchor model.
update 350/390 | step=716800 | SPS=1294
update 360/390 | step=737280 | SPS=1295
update 370/390 | step=757760 | SPS=1296
update 380/390 | step=778240 | SPS=1295
update 390/390 | step=798720 | SPS=1295
Episode 49/60 | reward=3.2821 | avg10=3.2597 | avg_success_rate=0.9100 | steps=38 | time=619.6s
update 10/390 | step=20480 | SPS=1266
update 20/390 | step=40960 | SPS=1283
update 30/390 | step=61440 | SPS=1271
update 40/390 | step=81920 | SPS=1248
[100016] Regime switch detected! 0 -> 1. Snapshotting anchor model.
update 50/390 | step=102400 | SPS=1252
update 60/390 | step=122880 | SPS=1245
update 70/390 | step=143360 | SPS=1245
update 80/390 | step=163840 | SPS=1251
update 90/390 | step=184320 | SPS=1255
[200016] Regime switch detected! 1 -> 0. Snapshotting anchor model.
update 100/390 | step=204800 | SPS=1254
update 110/390 | step=225280 | SPS=1252
update 120/390 | step=245760 | SPS=1256
update 130/390 | step=266240 | SPS=1262
update 140/390 | step=286720 | SPS=1264
[300016] Regime switch detected! 0 -> 1. Snapshotting anchor model.
update 150/390 | step=307200 | SPS=1270
update 160/390 | step=327680 | SPS=1273
update 170/390 | step=348160 | SPS=1274
update 180/390 | step=368640 | SPS=1276
update 190/390 | step=389120 | SPS=1275
[400016] Regime switch detected! 1 -> 0. Snapshotting anchor model.
update 200/390 | step=409600 | SPS=1277
update 210/390 | step=430080 | SPS=1279
update 220/390 | step=450560 | SPS=1280
update 230/390 | step=471040 | SPS=1282
update 240/390 | step=491520 | SPS=1281
[500016] Regime switch detected! 0 -> 1. Snapshotting anchor model.
update 250/390 | step=512000 | SPS=1279
update 260/390 | step=532480 | SPS=1280
update 270/390 | step=552960 | SPS=1280
update 280/390 | step=573440 | SPS=1282
update 290/390 | step=593920 | SPS=1284
[600016] Regime switch detected! 1 -> 0. Snapshotting anchor model.
update 300/390 | step=614400 | SPS=1286
update 310/390 | step=634880 | SPS=1287
update 320/390 | step=655360 | SPS=1287
update 330/390 | step=675840 | SPS=1286
update 340/390 | step=696320 | SPS=1287
[700016] Regime switch detected! 0 -> 1. Snapshotting anchor model.
update 350/390 | step=716800 | SPS=1288
update 360/390 | step=737280 | SPS=1289
update 370/390 | step=757760 | SPS=1288
update 380/390 | step=778240 | SPS=1287
update 390/390 | step=798720 | SPS=1286
Episode 50/60 | reward=-1.4508 | avg10=2.4038 | avg_success_rate=0.5800 | steps=38 | time=624.2s
  [brain ckpt] runs/calib8x8_brain_neuromod_trainable_long_seed7_20260702-044135/episode_50/brain_ep50.pt
update 10/390 | step=20480 | SPS=1265
update 20/390 | step=40960 | SPS=1274
update 30/390 | step=61440 | SPS=1261
update 40/390 | step=81920 | SPS=1241
[100016] Regime switch detected! 0 -> 1. Snapshotting anchor model.
update 50/390 | step=102400 | SPS=1233
update 60/390 | step=122880 | SPS=1233
update 70/390 | step=143360 | SPS=1239
update 80/390 | step=163840 | SPS=1248
update 90/390 | step=184320 | SPS=1251
[200016] Regime switch detected! 1 -> 0. Snapshotting anchor model.
update 100/390 | step=204800 | SPS=1260
update 110/390 | step=225280 | SPS=1271
update 120/390 | step=245760 | SPS=1272
update 130/390 | step=266240 | SPS=1270
update 140/390 | step=286720 | SPS=1268
[300016] Regime switch detected! 0 -> 1. Snapshotting anchor model.
update 150/390 | step=307200 | SPS=1270
update 160/390 | step=327680 | SPS=1268
update 170/390 | step=348160 | SPS=1268
update 180/390 | step=368640 | SPS=1265
update 190/390 | step=389120 | SPS=1262
[400016] Regime switch detected! 1 -> 0. Snapshotting anchor model.
update 200/390 | step=409600 | SPS=1259
update 210/390 | step=430080 | SPS=1262
update 220/390 | step=450560 | SPS=1261
update 230/390 | step=471040 | SPS=1260
update 240/390 | step=491520 | SPS=1264
[500016] Regime switch detected! 0 -> 1. Snapshotting anchor model.
update 250/390 | step=512000 | SPS=1267
update 260/390 | step=532480 | SPS=1269
update 270/390 | step=552960 | SPS=1271
update 280/390 | step=573440 | SPS=1274
update 290/390 | step=593920 | SPS=1274
[600016] Regime switch detected! 1 -> 0. Snapshotting anchor model.
update 300/390 | step=614400 | SPS=1276
update 310/390 | step=634880 | SPS=1278
update 320/390 | step=655360 | SPS=1276
update 330/390 | step=675840 | SPS=1273
update 340/390 | step=696320 | SPS=1272
[700016] Regime switch detected! 0 -> 1. Snapshotting anchor model.
update 350/390 | step=716800 | SPS=1272
update 360/390 | step=737280 | SPS=1274
update 370/390 | step=757760 | SPS=1273
update 380/390 | step=778240 | SPS=1271
update 390/390 | step=798720 | SPS=1269
Episode 51/60 | reward=4.8554 | avg10=2.6818 | avg_success_rate=0.9100 | steps=38 | time=632.4s
update 10/390 | step=20480 | SPS=1255
update 20/390 | step=40960 | SPS=1256
update 30/390 | step=61440 | SPS=1240
update 40/390 | step=81920 | SPS=1227
[100016] Regime switch detected! 0 -> 1. Snapshotting anchor model.
update 50/390 | step=102400 | SPS=1242
update 60/390 | step=122880 | SPS=1255
update 70/390 | step=143360 | SPS=1262
update 80/390 | step=163840 | SPS=1255
update 90/390 | step=184320 | SPS=1254
[200016] Regime switch detected! 1 -> 0. Snapshotting anchor model.
update 100/390 | step=204800 | SPS=1245
update 110/390 | step=225280 | SPS=1247
update 120/390 | step=245760 | SPS=1253
update 130/390 | step=266240 | SPS=1257
update 140/390 | step=286720 | SPS=1259
[300016] Regime switch detected! 0 -> 1. Snapshotting anchor model.
update 150/390 | step=307200 | SPS=1257
update 160/390 | step=327680 | SPS=1259
update 170/390 | step=348160 | SPS=1259
update 180/390 | step=368640 | SPS=1261
update 190/390 | step=389120 | SPS=1257
[400016] Regime switch detected! 1 -> 0. Snapshotting anchor model.
update 200/390 | step=409600 | SPS=1254
update 210/390 | step=430080 | SPS=1257
update 220/390 | step=450560 | SPS=1259
update 230/390 | step=471040 | SPS=1261
update 240/390 | step=491520 | SPS=1264
[500016] Regime switch detected! 0 -> 1. Snapshotting anchor model.
update 250/390 | step=512000 | SPS=1261
update 260/390 | step=532480 | SPS=1258
update 270/390 | step=552960 | SPS=1257
update 280/390 | step=573440 | SPS=1259
update 290/390 | step=593920 | SPS=1260
[600016] Regime switch detected! 1 -> 0. Snapshotting anchor model.
update 300/390 | step=614400 | SPS=1258
update 310/390 | step=634880 | SPS=1257
update 320/390 | step=655360 | SPS=1258
update 330/390 | step=675840 | SPS=1258
update 340/390 | step=696320 | SPS=1260
[700016] Regime switch detected! 0 -> 1. Snapshotting anchor model.
update 350/390 | step=716800 | SPS=1262
update 360/390 | step=737280 | SPS=1263
update 370/390 | step=757760 | SPS=1262
update 380/390 | step=778240 | SPS=1263
update 390/390 | step=798720 | SPS=1261
Episode 52/60 | reward=5.6943 | avg10=3.0253 | avg_success_rate=0.7800 | steps=38 | time=636.1s
update 10/390 | step=20480 | SPS=1323
update 20/390 | step=40960 | SPS=1285
update 30/390 | step=61440 | SPS=1273
update 40/390 | step=81920 | SPS=1270
[100016] Regime switch detected! 0 -> 1. Snapshotting anchor model.
update 50/390 | step=102400 | SPS=1284
update 60/390 | step=122880 | SPS=1290
update 70/390 | step=143360 | SPS=1294
update 80/390 | step=163840 | SPS=1301
update 90/390 | step=184320 | SPS=1296
[200016] Regime switch detected! 1 -> 0. Snapshotting anchor model.
update 100/390 | step=204800 | SPS=1295
update 110/390 | step=225280 | SPS=1302
update 120/390 | step=245760 | SPS=1302
update 130/390 | step=266240 | SPS=1304
update 140/390 | step=286720 | SPS=1307
[300016] Regime switch detected! 0 -> 1. Snapshotting anchor model.
update 150/390 | step=307200 | SPS=1309
update 160/390 | step=327680 | SPS=1308
update 170/390 | step=348160 | SPS=1309
update 180/390 | step=368640 | SPS=1308
update 190/390 | step=389120 | SPS=1304
[400016] Regime switch detected! 1 -> 0. Snapshotting anchor model.
update 200/390 | step=409600 | SPS=1304
update 210/390 | step=430080 | SPS=1298
update 220/390 | step=450560 | SPS=1298
update 230/390 | step=471040 | SPS=1294
update 240/390 | step=491520 | SPS=1292
[500016] Regime switch detected! 0 -> 1. Snapshotting anchor model.
update 250/390 | step=512000 | SPS=1292
update 260/390 | step=532480 | SPS=1293
update 270/390 | step=552960 | SPS=1294
update 280/390 | step=573440 | SPS=1292
update 290/390 | step=593920 | SPS=1288
[600016] Regime switch detected! 1 -> 0. Snapshotting anchor model.
update 300/390 | step=614400 | SPS=1284
update 310/390 | step=634880 | SPS=1282
update 320/390 | step=655360 | SPS=1281
update 330/390 | step=675840 | SPS=1281
update 340/390 | step=696320 | SPS=1282
[700016] Regime switch detected! 0 -> 1. Snapshotting anchor model.
update 350/390 | step=716800 | SPS=1282
update 360/390 | step=737280 | SPS=1280
update 370/390 | step=757760 | SPS=1277
update 380/390 | step=778240 | SPS=1274
update 390/390 | step=798720 | SPS=1276
Episode 53/60 | reward=3.5983 | avg10=3.1450 | avg_success_rate=0.7100 | steps=38 | time=628.9s
update 10/390 | step=20480 | SPS=1302
update 20/390 | step=40960 | SPS=1270
update 30/390 | step=61440 | SPS=1255
update 40/390 | step=81920 | SPS=1238
[100016] Regime switch detected! 0 -> 1. Snapshotting anchor model.
update 50/390 | step=102400 | SPS=1241
update 60/390 | step=122880 | SPS=1242
update 70/390 | step=143360 | SPS=1237
update 80/390 | step=163840 | SPS=1233
update 90/390 | step=184320 | SPS=1235
[200016] Regime switch detected! 1 -> 0. Snapshotting anchor model.
update 100/390 | step=204800 | SPS=1248
update 110/390 | step=225280 | SPS=1250
update 120/390 | step=245760 | SPS=1246
update 130/390 | step=266240 | SPS=1245
update 140/390 | step=286720 | SPS=1244
[300016] Regime switch detected! 0 -> 1. Snapshotting anchor model.
update 150/390 | step=307200 | SPS=1249
update 160/390 | step=327680 | SPS=1254
update 170/390 | step=348160 | SPS=1259
update 180/390 | step=368640 | SPS=1264
update 190/390 | step=389120 | SPS=1268
[400016] Regime switch detected! 1 -> 0. Snapshotting anchor model.
update 200/390 | step=409600 | SPS=1270
update 210/390 | step=430080 | SPS=1273
update 220/390 | step=450560 | SPS=1275
update 230/390 | step=471040 | SPS=1277
update 240/390 | step=491520 | SPS=1281
[500016] Regime switch detected! 0 -> 1. Snapshotting anchor model.
update 250/390 | step=512000 | SPS=1282
update 260/390 | step=532480 | SPS=1284
update 270/390 | step=552960 | SPS=1284
update 280/390 | step=573440 | SPS=1285
update 290/390 | step=593920 | SPS=1282
[600016] Regime switch detected! 1 -> 0. Snapshotting anchor model.
update 300/390 | step=614400 | SPS=1284
update 310/390 | step=634880 | SPS=1283
update 320/390 | step=655360 | SPS=1284
update 330/390 | step=675840 | SPS=1285
update 340/390 | step=696320 | SPS=1286
[700016] Regime switch detected! 0 -> 1. Snapshotting anchor model.
update 350/390 | step=716800 | SPS=1286
update 360/390 | step=737280 | SPS=1287
update 370/390 | step=757760 | SPS=1288
update 380/390 | step=778240 | SPS=1286
update 390/390 | step=798720 | SPS=1286
Episode 54/60 | reward=2.6070 | avg10=3.0170 | avg_success_rate=0.6600 | steps=38 | time=623.8s
update 10/390 | step=20480 | SPS=1260
update 20/390 | step=40960 | SPS=1253
update 30/390 | step=61440 | SPS=1262
update 40/390 | step=81920 | SPS=1244
[100016] Regime switch detected! 0 -> 1. Snapshotting anchor model.
update 50/390 | step=102400 | SPS=1254
update 60/390 | step=122880 | SPS=1262
update 70/390 | step=143360 | SPS=1269
update 80/390 | step=163840 | SPS=1269
update 90/390 | step=184320 | SPS=1274
[200016] Regime switch detected! 1 -> 0. Snapshotting anchor model.
update 100/390 | step=204800 | SPS=1279
update 110/390 | step=225280 | SPS=1276
update 120/390 | step=245760 | SPS=1281
update 130/390 | step=266240 | SPS=1284
update 140/390 | step=286720 | SPS=1289
[300016] Regime switch detected! 0 -> 1. Snapshotting anchor model.
update 150/390 | step=307200 | SPS=1291
update 160/390 | step=327680 | SPS=1290
update 170/390 | step=348160 | SPS=1288
update 180/390 | step=368640 | SPS=1291
update 190/390 | step=389120 | SPS=1293
[400016] Regime switch detected! 1 -> 0. Snapshotting anchor model.
update 200/390 | step=409600 | SPS=1292
update 210/390 | step=430080 | SPS=1291
update 220/390 | step=450560 | SPS=1288
update 230/390 | step=471040 | SPS=1289
update 240/390 | step=491520 | SPS=1289
[500016] Regime switch detected! 0 -> 1. Snapshotting anchor model.
update 250/390 | step=512000 | SPS=1289
update 260/390 | step=532480 | SPS=1288
update 270/390 | step=552960 | SPS=1289
update 280/390 | step=573440 | SPS=1289
update 290/390 | step=593920 | SPS=1290
[600016] Regime switch detected! 1 -> 0. Snapshotting anchor model.
update 300/390 | step=614400 | SPS=1287
update 310/390 | step=634880 | SPS=1286
update 320/390 | step=655360 | SPS=1282
update 330/390 | step=675840 | SPS=1282
update 340/390 | step=696320 | SPS=1283
[700016] Regime switch detected! 0 -> 1. Snapshotting anchor model.
update 350/390 | step=716800 | SPS=1284
update 360/390 | step=737280 | SPS=1286
update 370/390 | step=757760 | SPS=1287
update 380/390 | step=778240 | SPS=1287
update 390/390 | step=798720 | SPS=1286
Episode 55/60 | reward=3.9507 | avg10=3.0053 | avg_success_rate=0.4200 | steps=38 | time=623.9s
  [brain ckpt] runs/calib8x8_brain_neuromod_trainable_long_seed7_20260702-044135/episode_55/brain_ep55.pt
update 10/390 | step=20480 | SPS=1310
update 20/390 | step=40960 | SPS=1259
update 30/390 | step=61440 | SPS=1236
update 40/390 | step=81920 | SPS=1236
[100016] Regime switch detected! 0 -> 1. Snapshotting anchor model.
update 50/390 | step=102400 | SPS=1236
update 60/390 | step=122880 | SPS=1239
update 70/390 | step=143360 | SPS=1237
update 80/390 | step=163840 | SPS=1233
update 90/390 | step=184320 | SPS=1234
[200016] Regime switch detected! 1 -> 0. Snapshotting anchor model.
update 100/390 | step=204800 | SPS=1234
update 110/390 | step=225280 | SPS=1242
update 120/390 | step=245760 | SPS=1244
update 130/390 | step=266240 | SPS=1242
update 140/390 | step=286720 | SPS=1237
[300016] Regime switch detected! 0 -> 1. Snapshotting anchor model.
update 150/390 | step=307200 | SPS=1235
update 160/390 | step=327680 | SPS=1241
update 170/390 | step=348160 | SPS=1241
update 180/390 | step=368640 | SPS=1247
update 190/390 | step=389120 | SPS=1249
[400016] Regime switch detected! 1 -> 0. Snapshotting anchor model.
update 200/390 | step=409600 | SPS=1247
update 210/390 | step=430080 | SPS=1245
update 220/390 | step=450560 | SPS=1242
update 230/390 | step=471040 | SPS=1243
update 240/390 | step=491520 | SPS=1243
[500016] Regime switch detected! 0 -> 1. Snapshotting anchor model.
update 250/390 | step=512000 | SPS=1242
update 260/390 | step=532480 | SPS=1242
update 270/390 | step=552960 | SPS=1246
update 280/390 | step=573440 | SPS=1249
update 290/390 | step=593920 | SPS=1250
[600016] Regime switch detected! 1 -> 0. Snapshotting anchor model.
update 300/390 | step=614400 | SPS=1253
update 310/390 | step=634880 | SPS=1255
update 320/390 | step=655360 | SPS=1258
update 330/390 | step=675840 | SPS=1258
update 340/390 | step=696320 | SPS=1259
[700016] Regime switch detected! 0 -> 1. Snapshotting anchor model.
update 350/390 | step=716800 | SPS=1259
update 360/390 | step=737280 | SPS=1260
update 370/390 | step=757760 | SPS=1260
update 380/390 | step=778240 | SPS=1261
update 390/390 | step=798720 | SPS=1260
Episode 56/60 | reward=6.7364 | avg10=3.1645 | avg_success_rate=0.9800 | steps=38 | time=636.8s
update 10/390 | step=20480 | SPS=1320
update 20/390 | step=40960 | SPS=1271
update 30/390 | step=61440 | SPS=1277
update 40/390 | step=81920 | SPS=1287
[100016] Regime switch detected! 0 -> 1. Snapshotting anchor model.
update 50/390 | step=102400 | SPS=1300
update 60/390 | step=122880 | SPS=1303
update 70/390 | step=143360 | SPS=1300
update 80/390 | step=163840 | SPS=1292
update 90/390 | step=184320 | SPS=1295
[200016] Regime switch detected! 1 -> 0. Snapshotting anchor model.
update 100/390 | step=204800 | SPS=1298
update 110/390 | step=225280 | SPS=1297
update 120/390 | step=245760 | SPS=1300
update 130/390 | step=266240 | SPS=1299
update 140/390 | step=286720 | SPS=1298
[300016] Regime switch detected! 0 -> 1. Snapshotting anchor model.
update 150/390 | step=307200 | SPS=1297
update 160/390 | step=327680 | SPS=1298
update 170/390 | step=348160 | SPS=1297
update 180/390 | step=368640 | SPS=1297
update 190/390 | step=389120 | SPS=1294
[400016] Regime switch detected! 1 -> 0. Snapshotting anchor model.
update 200/390 | step=409600 | SPS=1294
update 210/390 | step=430080 | SPS=1294
update 220/390 | step=450560 | SPS=1293
update 230/390 | step=471040 | SPS=1292
update 240/390 | step=491520 | SPS=1290
[500016] Regime switch detected! 0 -> 1. Snapshotting anchor model.
update 250/390 | step=512000 | SPS=1287
update 260/390 | step=532480 | SPS=1285
update 270/390 | step=552960 | SPS=1285
update 280/390 | step=573440 | SPS=1287
update 290/390 | step=593920 | SPS=1289
[600016] Regime switch detected! 1 -> 0. Snapshotting anchor model.
update 300/390 | step=614400 | SPS=1287
update 310/390 | step=634880 | SPS=1285
update 320/390 | step=655360 | SPS=1284
update 330/390 | step=675840 | SPS=1285
update 340/390 | step=696320 | SPS=1287
[700016] Regime switch detected! 0 -> 1. Snapshotting anchor model.
update 350/390 | step=716800 | SPS=1286
update 360/390 | step=737280 | SPS=1288
update 370/390 | step=757760 | SPS=1288
update 380/390 | step=778240 | SPS=1289
update 390/390 | step=798720 | SPS=1289
Episode 57/60 | reward=9.2454 | avg10=3.8606 | avg_success_rate=0.8200 | steps=38 | time=622.4s
update 10/390 | step=20480 | SPS=1312
update 20/390 | step=40960 | SPS=1293
update 30/390 | step=61440 | SPS=1282
update 40/390 | step=81920 | SPS=1265
[100016] Regime switch detected! 0 -> 1. Snapshotting anchor model.
update 50/390 | step=102400 | SPS=1265
update 60/390 | step=122880 | SPS=1278
update 70/390 | step=143360 | SPS=1278
update 80/390 | step=163840 | SPS=1282
update 90/390 | step=184320 | SPS=1273
[200016] Regime switch detected! 1 -> 0. Snapshotting anchor model.
update 100/390 | step=204800 | SPS=1265
update 110/390 | step=225280 | SPS=1268
update 120/390 | step=245760 | SPS=1273
update 130/390 | step=266240 | SPS=1279
update 140/390 | step=286720 | SPS=1283
[300016] Regime switch detected! 0 -> 1. Snapshotting anchor model.
update 150/390 | step=307200 | SPS=1286
update 160/390 | step=327680 | SPS=1288
update 170/390 | step=348160 | SPS=1290
update 180/390 | step=368640 | SPS=1286
update 190/390 | step=389120 | SPS=1285
[400016] Regime switch detected! 1 -> 0. Snapshotting anchor model.
update 200/390 | step=409600 | SPS=1287
update 210/390 | step=430080 | SPS=1283
update 220/390 | step=450560 | SPS=1280
update 230/390 | step=471040 | SPS=1282
update 240/390 | step=491520 | SPS=1284
[500016] Regime switch detected! 0 -> 1. Snapshotting anchor model.
update 250/390 | step=512000 | SPS=1286
update 260/390 | step=532480 | SPS=1289
update 270/390 | step=552960 | SPS=1287
update 280/390 | step=573440 | SPS=1283
update 290/390 | step=593920 | SPS=1285
[600016] Regime switch detected! 1 -> 0. Snapshotting anchor model.
update 300/390 | step=614400 | SPS=1286
update 310/390 | step=634880 | SPS=1287
update 320/390 | step=655360 | SPS=1288
update 330/390 | step=675840 | SPS=1289
update 340/390 | step=696320 | SPS=1288
[700016] Regime switch detected! 0 -> 1. Snapshotting anchor model.
update 350/390 | step=716800 | SPS=1289
update 360/390 | step=737280 | SPS=1289
update 370/390 | step=757760 | SPS=1287
update 380/390 | step=778240 | SPS=1284
update 390/390 | step=798720 | SPS=1283
Episode 58/60 | reward=4.5339 | avg10=4.3053 | avg_success_rate=0.8700 | steps=38 | time=625.7s
update 10/390 | step=20480 | SPS=1283
update 20/390 | step=40960 | SPS=1248
update 30/390 | step=61440 | SPS=1236
update 40/390 | step=81920 | SPS=1219
[100016] Regime switch detected! 0 -> 1. Snapshotting anchor model.
update 50/390 | step=102400 | SPS=1214
update 60/390 | step=122880 | SPS=1225
update 70/390 | step=143360 | SPS=1230
update 80/390 | step=163840 | SPS=1230
update 90/390 | step=184320 | SPS=1229
[200016] Regime switch detected! 1 -> 0. Snapshotting anchor model.
update 100/390 | step=204800 | SPS=1229
update 110/390 | step=225280 | SPS=1235
update 120/390 | step=245760 | SPS=1235
update 130/390 | step=266240 | SPS=1238
update 140/390 | step=286720 | SPS=1245
[300016] Regime switch detected! 0 -> 1. Snapshotting anchor model.
update 150/390 | step=307200 | SPS=1246
update 160/390 | step=327680 | SPS=1249
update 170/390 | step=348160 | SPS=1255
update 180/390 | step=368640 | SPS=1259
update 190/390 | step=389120 | SPS=1261
[400016] Regime switch detected! 1 -> 0. Snapshotting anchor model.
update 200/390 | step=409600 | SPS=1265
update 210/390 | step=430080 | SPS=1267
update 220/390 | step=450560 | SPS=1269
update 230/390 | step=471040 | SPS=1272
update 240/390 | step=491520 | SPS=1275
[500016] Regime switch detected! 0 -> 1. Snapshotting anchor model.
update 250/390 | step=512000 | SPS=1278
update 260/390 | step=532480 | SPS=1275
update 270/390 | step=552960 | SPS=1272
update 280/390 | step=573440 | SPS=1270
update 290/390 | step=593920 | SPS=1268
[600016] Regime switch detected! 1 -> 0. Snapshotting anchor model.
update 300/390 | step=614400 | SPS=1266
update 310/390 | step=634880 | SPS=1263
update 320/390 | step=655360 | SPS=1261
update 330/390 | step=675840 | SPS=1259
update 340/390 | step=696320 | SPS=1257
[700016] Regime switch detected! 0 -> 1. Snapshotting anchor model.
update 350/390 | step=716800 | SPS=1256
update 360/390 | step=737280 | SPS=1255
update 370/390 | step=757760 | SPS=1253
update 380/390 | step=778240 | SPS=1251
update 390/390 | step=798720 | SPS=1250
Episode 59/60 | reward=5.2919 | avg10=4.5062 | avg_success_rate=0.7800 | steps=38 | time=642.0s
update 10/390 | step=20480 | SPS=1311
update 20/390 | step=40960 | SPS=1274
update 30/390 | step=61440 | SPS=1267
update 40/390 | step=81920 | SPS=1245
[100016] Regime switch detected! 0 -> 1. Snapshotting anchor model.
update 50/390 | step=102400 | SPS=1237
update 60/390 | step=122880 | SPS=1232
update 70/390 | step=143360 | SPS=1225
update 80/390 | step=163840 | SPS=1227
update 90/390 | step=184320 | SPS=1226
[200016] Regime switch detected! 1 -> 0. Snapshotting anchor model.
update 100/390 | step=204800 | SPS=1219
update 110/390 | step=225280 | SPS=1216
update 120/390 | step=245760 | SPS=1217
update 130/390 | step=266240 | SPS=1215
update 140/390 | step=286720 | SPS=1215
[300016] Regime switch detected! 0 -> 1. Snapshotting anchor model.
update 150/390 | step=307200 | SPS=1213
update 160/390 | step=327680 | SPS=1213
update 170/390 | step=348160 | SPS=1214
update 180/390 | step=368640 | SPS=1220
update 190/390 | step=389120 | SPS=1225
[400016] Regime switch detected! 1 -> 0. Snapshotting anchor model.
update 200/390 | step=409600 | SPS=1229
update 210/390 | step=430080 | SPS=1233
update 220/390 | step=450560 | SPS=1238
update 230/390 | step=471040 | SPS=1241
update 240/390 | step=491520 | SPS=1244
[500016] Regime switch detected! 0 -> 1. Snapshotting anchor model.
update 250/390 | step=512000 | SPS=1247
update 260/390 | step=532480 | SPS=1250
update 270/390 | step=552960 | SPS=1253
update 280/390 | step=573440 | SPS=1255
update 290/390 | step=593920 | SPS=1255
[600016] Regime switch detected! 1 -> 0. Snapshotting anchor model.
update 300/390 | step=614400 | SPS=1254
update 310/390 | step=634880 | SPS=1252
update 320/390 | step=655360 | SPS=1250
update 330/390 | step=675840 | SPS=1250
update 340/390 | step=696320 | SPS=1248
[700016] Regime switch detected! 0 -> 1. Snapshotting anchor model.
update 350/390 | step=716800 | SPS=1247
update 360/390 | step=737280 | SPS=1246
update 370/390 | step=757760 | SPS=1244
update 380/390 | step=778240 | SPS=1243
update 390/390 | step=798720 | SPS=1244
Episode 60/60 | reward=2.3184 | avg10=4.8832 | avg_success_rate=0.8400 | steps=38 | time=644.8s
  [brain ckpt] runs/calib8x8_brain_neuromod_trainable_long_seed7_20260702-044135/episode_60/brain_ep60.pt
Saved Brain model to: runs/calib8x8_brain_neuromod_trainable_long_seed7_20260702-044135/brain_model.pt

Brain training complete. Total RL episodes: 60
