Saved configuration to: runs/calib8x8_brain_neuromod_trainable_long_seed4_20260702-040916/config.txt
Training Brain on cuda for 60 RL episodes
  Inner: 800000 timesteps, regime switch every 100000 steps
  Parallel Envs: 1
  Brain vectorization: sync
  Decision interval: 10 inner updates

--- Starting Meta-RL PPO Training (Target: 60) ---
update 10/390 | step=20480 | SPS=1312
update 20/390 | step=40960 | SPS=1322
update 30/390 | step=61440 | SPS=1334
update 40/390 | step=81920 | SPS=1374
[100016] Regime switch detected! 0 -> 1. Snapshotting anchor model.
update 50/390 | step=102400 | SPS=1401
update 60/390 | step=122880 | SPS=1419
update 70/390 | step=143360 | SPS=1425
update 80/390 | step=163840 | SPS=1412
update 90/390 | step=184320 | SPS=1406
[200016] Regime switch detected! 1 -> 0. Snapshotting anchor model.
update 100/390 | step=204800 | SPS=1415
update 110/390 | step=225280 | SPS=1410
update 120/390 | step=245760 | SPS=1398
update 130/390 | step=266240 | SPS=1396
update 140/390 | step=286720 | SPS=1403
[300016] Regime switch detected! 0 -> 1. Snapshotting anchor model.
update 150/390 | step=307200 | SPS=1409
update 160/390 | step=327680 | SPS=1413
update 170/390 | step=348160 | SPS=1419
update 180/390 | step=368640 | SPS=1424
update 190/390 | step=389120 | SPS=1429
[400016] Regime switch detected! 1 -> 0. Snapshotting anchor model.
update 200/390 | step=409600 | SPS=1432
update 210/390 | step=430080 | SPS=1436
update 220/390 | step=450560 | SPS=1439
update 230/390 | step=471040 | SPS=1441
update 240/390 | step=491520 | SPS=1443
[500016] Regime switch detected! 0 -> 1. Snapshotting anchor model.
update 250/390 | step=512000 | SPS=1446
update 260/390 | step=532480 | SPS=1448
update 270/390 | step=552960 | SPS=1450
update 280/390 | step=573440 | SPS=1452
update 290/390 | step=593920 | SPS=1453
[600016] Regime switch detected! 1 -> 0. Snapshotting anchor model.
update 300/390 | step=614400 | SPS=1455
update 310/390 | step=634880 | SPS=1456
update 320/390 | step=655360 | SPS=1458
update 330/390 | step=675840 | SPS=1459
update 340/390 | step=696320 | SPS=1460
[700016] Regime switch detected! 0 -> 1. Snapshotting anchor model.
update 350/390 | step=716800 | SPS=1461
update 360/390 | step=737280 | SPS=1462
update 370/390 | step=757760 | SPS=1462
update 380/390 | step=778240 | SPS=1463
update 390/390 | step=798720 | SPS=1461
Episode 1/60 | reward=4.2378 | avg10=4.2378 | avg_success_rate=0.9900 | steps=38 | time=549.3s
update 10/390 | step=20480 | SPS=1366
update 20/390 | step=40960 | SPS=1353
update 30/390 | step=61440 | SPS=1331
update 40/390 | step=81920 | SPS=1325
[100016] Regime switch detected! 0 -> 1. Snapshotting anchor model.
update 50/390 | step=102400 | SPS=1322
update 60/390 | step=122880 | SPS=1320
update 70/390 | step=143360 | SPS=1320
update 80/390 | step=163840 | SPS=1319
update 90/390 | step=184320 | SPS=1326
[200016] Regime switch detected! 1 -> 0. Snapshotting anchor model.
update 100/390 | step=204800 | SPS=1343
update 110/390 | step=225280 | SPS=1356
update 120/390 | step=245760 | SPS=1352
update 130/390 | step=266240 | SPS=1364
update 140/390 | step=286720 | SPS=1373
[300016] Regime switch detected! 0 -> 1. Snapshotting anchor model.
update 150/390 | step=307200 | SPS=1374
update 160/390 | step=327680 | SPS=1373
update 170/390 | step=348160 | SPS=1370
update 180/390 | step=368640 | SPS=1366
update 190/390 | step=389120 | SPS=1363
[400016] Regime switch detected! 1 -> 0. Snapshotting anchor model.
update 200/390 | step=409600 | SPS=1359
update 210/390 | step=430080 | SPS=1357
update 220/390 | step=450560 | SPS=1355
update 230/390 | step=471040 | SPS=1352
update 240/390 | step=491520 | SPS=1350
[500016] Regime switch detected! 0 -> 1. Snapshotting anchor model.
update 250/390 | step=512000 | SPS=1348
update 260/390 | step=532480 | SPS=1345
update 270/390 | step=552960 | SPS=1343
update 280/390 | step=573440 | SPS=1341
update 290/390 | step=593920 | SPS=1340
[600016] Regime switch detected! 1 -> 0. Snapshotting anchor model.
update 300/390 | step=614400 | SPS=1339
update 310/390 | step=634880 | SPS=1337
update 320/390 | step=655360 | SPS=1336
update 330/390 | step=675840 | SPS=1335
update 340/390 | step=696320 | SPS=1336
[700016] Regime switch detected! 0 -> 1. Snapshotting anchor model.
update 350/390 | step=716800 | SPS=1341
update 360/390 | step=737280 | SPS=1345
update 370/390 | step=757760 | SPS=1349
update 380/390 | step=778240 | SPS=1353
update 390/390 | step=798720 | SPS=1356
Episode 2/60 | reward=2.5641 | avg10=3.4009 | avg_success_rate=0.8300 | steps=38 | time=591.8s
update 10/390 | step=20480 | SPS=1373
update 20/390 | step=40960 | SPS=1361
update 30/390 | step=61440 | SPS=1341
update 40/390 | step=81920 | SPS=1337
[100016] Regime switch detected! 0 -> 1. Snapshotting anchor model.
update 50/390 | step=102400 | SPS=1330
update 60/390 | step=122880 | SPS=1332
update 70/390 | step=143360 | SPS=1342
update 80/390 | step=163840 | SPS=1363
update 90/390 | step=184320 | SPS=1371
[200016] Regime switch detected! 1 -> 0. Snapshotting anchor model.
update 100/390 | step=204800 | SPS=1365
update 110/390 | step=225280 | SPS=1360
update 120/390 | step=245760 | SPS=1354
update 130/390 | step=266240 | SPS=1352
update 140/390 | step=286720 | SPS=1355
[300016] Regime switch detected! 0 -> 1. Snapshotting anchor model.
update 150/390 | step=307200 | SPS=1353
update 160/390 | step=327680 | SPS=1348
update 170/390 | step=348160 | SPS=1346
update 180/390 | step=368640 | SPS=1343
update 190/390 | step=389120 | SPS=1341
[400016] Regime switch detected! 1 -> 0. Snapshotting anchor model.
update 200/390 | step=409600 | SPS=1345
update 210/390 | step=430080 | SPS=1352
update 220/390 | step=450560 | SPS=1358
update 230/390 | step=471040 | SPS=1360
update 240/390 | step=491520 | SPS=1366
[500016] Regime switch detected! 0 -> 1. Snapshotting anchor model.
update 250/390 | step=512000 | SPS=1371
update 260/390 | step=532480 | SPS=1375
update 270/390 | step=552960 | SPS=1380
update 280/390 | step=573440 | SPS=1384
update 290/390 | step=593920 | SPS=1387
[600016] Regime switch detected! 1 -> 0. Snapshotting anchor model.
update 300/390 | step=614400 | SPS=1387
update 310/390 | step=634880 | SPS=1384
update 320/390 | step=655360 | SPS=1382
update 330/390 | step=675840 | SPS=1381
update 340/390 | step=696320 | SPS=1384
[700016] Regime switch detected! 0 -> 1. Snapshotting anchor model.
update 350/390 | step=716800 | SPS=1383
update 360/390 | step=737280 | SPS=1381
update 370/390 | step=757760 | SPS=1378
update 380/390 | step=778240 | SPS=1376
update 390/390 | step=798720 | SPS=1374
Episode 3/60 | reward=2.5459 | avg10=3.1159 | avg_success_rate=0.8800 | steps=38 | time=584.2s
update 10/390 | step=20480 | SPS=1378
update 20/390 | step=40960 | SPS=1347
update 30/390 | step=61440 | SPS=1332
update 40/390 | step=81920 | SPS=1333
[100016] Regime switch detected! 0 -> 1. Snapshotting anchor model.
update 50/390 | step=102400 | SPS=1360
update 60/390 | step=122880 | SPS=1386
update 70/390 | step=143360 | SPS=1392
update 80/390 | step=163840 | SPS=1392
update 90/390 | step=184320 | SPS=1381
[200016] Regime switch detected! 1 -> 0. Snapshotting anchor model.
update 100/390 | step=204800 | SPS=1373
update 110/390 | step=225280 | SPS=1368
update 120/390 | step=245760 | SPS=1359
update 130/390 | step=266240 | SPS=1356
update 140/390 | step=286720 | SPS=1355
[300016] Regime switch detected! 0 -> 1. Snapshotting anchor model.
update 150/390 | step=307200 | SPS=1344
update 160/390 | step=327680 | SPS=1333
update 170/390 | step=348160 | SPS=1326
update 180/390 | step=368640 | SPS=1318
update 190/390 | step=389120 | SPS=1320
[400016] Regime switch detected! 1 -> 0. Snapshotting anchor model.
update 200/390 | step=409600 | SPS=1321
update 210/390 | step=430080 | SPS=1322
update 220/390 | step=450560 | SPS=1322
update 230/390 | step=471040 | SPS=1322
update 240/390 | step=491520 | SPS=1319
[500016] Regime switch detected! 0 -> 1. Snapshotting anchor model.
update 250/390 | step=512000 | SPS=1315
update 260/390 | step=532480 | SPS=1310
update 270/390 | step=552960 | SPS=1307
update 280/390 | step=573440 | SPS=1302
update 290/390 | step=593920 | SPS=1299
[600016] Regime switch detected! 1 -> 0. Snapshotting anchor model.
update 300/390 | step=614400 | SPS=1298
update 310/390 | step=634880 | SPS=1295
update 320/390 | step=655360 | SPS=1294
update 330/390 | step=675840 | SPS=1295
update 340/390 | step=696320 | SPS=1294
[700016] Regime switch detected! 0 -> 1. Snapshotting anchor model.
update 350/390 | step=716800 | SPS=1294
update 360/390 | step=737280 | SPS=1292
update 370/390 | step=757760 | SPS=1293
update 380/390 | step=778240 | SPS=1294
update 390/390 | step=798720 | SPS=1294
Episode 4/60 | reward=3.4838 | avg10=3.2079 | avg_success_rate=0.8000 | steps=38 | time=619.9s
update 10/390 | step=20480 | SPS=1395
update 20/390 | step=40960 | SPS=1329
update 30/390 | step=61440 | SPS=1279
update 40/390 | step=81920 | SPS=1270
[100016] Regime switch detected! 0 -> 1. Snapshotting anchor model.
update 50/390 | step=102400 | SPS=1277
update 60/390 | step=122880 | SPS=1290
update 70/390 | step=143360 | SPS=1294
update 80/390 | step=163840 | SPS=1290
update 90/390 | step=184320 | SPS=1284
[200016] Regime switch detected! 1 -> 0. Snapshotting anchor model.
update 100/390 | step=204800 | SPS=1289
update 110/390 | step=225280 | SPS=1289
update 120/390 | step=245760 | SPS=1279
update 130/390 | step=266240 | SPS=1275
update 140/390 | step=286720 | SPS=1277
[300016] Regime switch detected! 0 -> 1. Snapshotting anchor model.
update 150/390 | step=307200 | SPS=1276
update 160/390 | step=327680 | SPS=1271
update 170/390 | step=348160 | SPS=1268
update 180/390 | step=368640 | SPS=1267
update 190/390 | step=389120 | SPS=1264
[400016] Regime switch detected! 1 -> 0. Snapshotting anchor model.
update 200/390 | step=409600 | SPS=1263
update 210/390 | step=430080 | SPS=1262
update 220/390 | step=450560 | SPS=1263
update 230/390 | step=471040 | SPS=1265
update 240/390 | step=491520 | SPS=1269
[500016] Regime switch detected! 0 -> 1. Snapshotting anchor model.
update 250/390 | step=512000 | SPS=1271
update 260/390 | step=532480 | SPS=1269
update 270/390 | step=552960 | SPS=1269
update 280/390 | step=573440 | SPS=1266
update 290/390 | step=593920 | SPS=1268
[600016] Regime switch detected! 1 -> 0. Snapshotting anchor model.
update 300/390 | step=614400 | SPS=1271
update 310/390 | step=634880 | SPS=1274
update 320/390 | step=655360 | SPS=1273
update 330/390 | step=675840 | SPS=1276
update 340/390 | step=696320 | SPS=1276
[700016] Regime switch detected! 0 -> 1. Snapshotting anchor model.
update 350/390 | step=716800 | SPS=1275
update 360/390 | step=737280 | SPS=1273
update 370/390 | step=757760 | SPS=1272
update 380/390 | step=778240 | SPS=1274
update 390/390 | step=798720 | SPS=1275
Episode 5/60 | reward=2.5592 | avg10=3.0781 | avg_success_rate=0.7300 | steps=38 | time=629.3s
  [brain ckpt] runs/calib8x8_brain_neuromod_trainable_long_seed4_20260702-040916/episode_5/brain_ep5.pt
update 10/390 | step=20480 | SPS=1264
update 20/390 | step=40960 | SPS=1240
update 30/390 | step=61440 | SPS=1238
update 40/390 | step=81920 | SPS=1249
[100016] Regime switch detected! 0 -> 1. Snapshotting anchor model.
update 50/390 | step=102400 | SPS=1259
update 60/390 | step=122880 | SPS=1276
update 70/390 | step=143360 | SPS=1288
update 80/390 | step=163840 | SPS=1293
update 90/390 | step=184320 | SPS=1295
[200016] Regime switch detected! 1 -> 0. Snapshotting anchor model.
update 100/390 | step=204800 | SPS=1299
update 110/390 | step=225280 | SPS=1303
update 120/390 | step=245760 | SPS=1303
update 130/390 | step=266240 | SPS=1307
update 140/390 | step=286720 | SPS=1307
[300016] Regime switch detected! 0 -> 1. Snapshotting anchor model.
update 150/390 | step=307200 | SPS=1308
update 160/390 | step=327680 | SPS=1307
update 170/390 | step=348160 | SPS=1306
update 180/390 | step=368640 | SPS=1299
update 190/390 | step=389120 | SPS=1296
[400016] Regime switch detected! 1 -> 0. Snapshotting anchor model.
update 200/390 | step=409600 | SPS=1298
update 210/390 | step=430080 | SPS=1301
update 220/390 | step=450560 | SPS=1303
update 230/390 | step=471040 | SPS=1300
update 240/390 | step=491520 | SPS=1297
[500016] Regime switch detected! 0 -> 1. Snapshotting anchor model.
update 250/390 | step=512000 | SPS=1296
update 260/390 | step=532480 | SPS=1295
update 270/390 | step=552960 | SPS=1298
update 280/390 | step=573440 | SPS=1299
update 290/390 | step=593920 | SPS=1299
[600016] Regime switch detected! 1 -> 0. Snapshotting anchor model.
update 300/390 | step=614400 | SPS=1301
update 310/390 | step=634880 | SPS=1299
update 320/390 | step=655360 | SPS=1300
update 330/390 | step=675840 | SPS=1300
update 340/390 | step=696320 | SPS=1296
[700016] Regime switch detected! 0 -> 1. Snapshotting anchor model.
update 350/390 | step=716800 | SPS=1296
update 360/390 | step=737280 | SPS=1295
update 370/390 | step=757760 | SPS=1294
update 380/390 | step=778240 | SPS=1294
update 390/390 | step=798720 | SPS=1293
Episode 6/60 | reward=3.0577 | avg10=3.0747 | avg_success_rate=0.6700 | steps=38 | time=620.5s
update 10/390 | step=20480 | SPS=1372
update 20/390 | step=40960 | SPS=1355
update 30/390 | step=61440 | SPS=1325
update 40/390 | step=81920 | SPS=1336
[100016] Regime switch detected! 0 -> 1. Snapshotting anchor model.
update 50/390 | step=102400 | SPS=1329
update 60/390 | step=122880 | SPS=1321
update 70/390 | step=143360 | SPS=1322
update 80/390 | step=163840 | SPS=1305
update 90/390 | step=184320 | SPS=1306
[200016] Regime switch detected! 1 -> 0. Snapshotting anchor model.
update 100/390 | step=204800 | SPS=1309
update 110/390 | step=225280 | SPS=1312
update 120/390 | step=245760 | SPS=1312
update 130/390 | step=266240 | SPS=1306
update 140/390 | step=286720 | SPS=1300
[300016] Regime switch detected! 0 -> 1. Snapshotting anchor model.
update 150/390 | step=307200 | SPS=1300
update 160/390 | step=327680 | SPS=1292
update 170/390 | step=348160 | SPS=1292
update 180/390 | step=368640 | SPS=1295
update 190/390 | step=389120 | SPS=1298
[400016] Regime switch detected! 1 -> 0. Snapshotting anchor model.
update 200/390 | step=409600 | SPS=1296
update 210/390 | step=430080 | SPS=1293
update 220/390 | step=450560 | SPS=1295
update 230/390 | step=471040 | SPS=1296
update 240/390 | step=491520 | SPS=1295
[500016] Regime switch detected! 0 -> 1. Snapshotting anchor model.
update 250/390 | step=512000 | SPS=1297
update 260/390 | step=532480 | SPS=1296
update 270/390 | step=552960 | SPS=1294
update 280/390 | step=573440 | SPS=1295
update 290/390 | step=593920 | SPS=1297
[600016] Regime switch detected! 1 -> 0. Snapshotting anchor model.
update 300/390 | step=614400 | SPS=1299
update 310/390 | step=634880 | SPS=1300
update 320/390 | step=655360 | SPS=1301
update 330/390 | step=675840 | SPS=1300
update 340/390 | step=696320 | SPS=1298
[700016] Regime switch detected! 0 -> 1. Snapshotting anchor model.
update 350/390 | step=716800 | SPS=1298
update 360/390 | step=737280 | SPS=1296
update 370/390 | step=757760 | SPS=1293
update 380/390 | step=778240 | SPS=1293
update 390/390 | step=798720 | SPS=1293
Episode 7/60 | reward=2.8502 | avg10=3.0427 | avg_success_rate=0.9100 | steps=38 | time=620.3s
update 10/390 | step=20480 | SPS=1257
update 20/390 | step=40960 | SPS=1235
update 30/390 | step=61440 | SPS=1219
update 40/390 | step=81920 | SPS=1241
[100016] Regime switch detected! 0 -> 1. Snapshotting anchor model.
update 50/390 | step=102400 | SPS=1244
update 60/390 | step=122880 | SPS=1254
update 70/390 | step=143360 | SPS=1268
update 80/390 | step=163840 | SPS=1280
update 90/390 | step=184320 | SPS=1284
[200016] Regime switch detected! 1 -> 0. Snapshotting anchor model.
update 100/390 | step=204800 | SPS=1285
update 110/390 | step=225280 | SPS=1289
update 120/390 | step=245760 | SPS=1285
update 130/390 | step=266240 | SPS=1286
update 140/390 | step=286720 | SPS=1291
[300016] Regime switch detected! 0 -> 1. Snapshotting anchor model.
update 150/390 | step=307200 | SPS=1295
update 160/390 | step=327680 | SPS=1289
update 170/390 | step=348160 | SPS=1289
update 180/390 | step=368640 | SPS=1284
update 190/390 | step=389120 | SPS=1282
[400016] Regime switch detected! 1 -> 0. Snapshotting anchor model.
update 200/390 | step=409600 | SPS=1279
update 210/390 | step=430080 | SPS=1279
update 220/390 | step=450560 | SPS=1282
update 230/390 | step=471040 | SPS=1284
update 240/390 | step=491520 | SPS=1286
[500016] Regime switch detected! 0 -> 1. Snapshotting anchor model.
update 250/390 | step=512000 | SPS=1283
update 260/390 | step=532480 | SPS=1284
update 270/390 | step=552960 | SPS=1286
update 280/390 | step=573440 | SPS=1284
update 290/390 | step=593920 | SPS=1287
[600016] Regime switch detected! 1 -> 0. Snapshotting anchor model.
update 300/390 | step=614400 | SPS=1288
update 310/390 | step=634880 | SPS=1284
update 320/390 | step=655360 | SPS=1284
update 330/390 | step=675840 | SPS=1284
update 340/390 | step=696320 | SPS=1281
[700016] Regime switch detected! 0 -> 1. Snapshotting anchor model.
update 350/390 | step=716800 | SPS=1282
update 360/390 | step=737280 | SPS=1283
update 370/390 | step=757760 | SPS=1281
update 380/390 | step=778240 | SPS=1280
update 390/390 | step=798720 | SPS=1278
Episode 8/60 | reward=1.7535 | avg10=2.8815 | avg_success_rate=0.9100 | steps=38 | time=628.0s
update 10/390 | step=20480 | SPS=1282
update 20/390 | step=40960 | SPS=1252
update 30/390 | step=61440 | SPS=1227
update 40/390 | step=81920 | SPS=1230
[100016] Regime switch detected! 0 -> 1. Snapshotting anchor model.
update 50/390 | step=102400 | SPS=1252
update 60/390 | step=122880 | SPS=1265
update 70/390 | step=143360 | SPS=1274
update 80/390 | step=163840 | SPS=1265
update 90/390 | step=184320 | SPS=1259
[200016] Regime switch detected! 1 -> 0. Snapshotting anchor model.
update 100/390 | step=204800 | SPS=1265
update 110/390 | step=225280 | SPS=1272
update 120/390 | step=245760 | SPS=1275
update 130/390 | step=266240 | SPS=1278
update 140/390 | step=286720 | SPS=1274
[300016] Regime switch detected! 0 -> 1. Snapshotting anchor model.
update 150/390 | step=307200 | SPS=1277
update 160/390 | step=327680 | SPS=1277
update 170/390 | step=348160 | SPS=1277
update 180/390 | step=368640 | SPS=1274
update 190/390 | step=389120 | SPS=1271
[400016] Regime switch detected! 1 -> 0. Snapshotting anchor model.
update 200/390 | step=409600 | SPS=1271
update 210/390 | step=430080 | SPS=1269
update 220/390 | step=450560 | SPS=1272
update 230/390 | step=471040 | SPS=1272
update 240/390 | step=491520 | SPS=1272
[500016] Regime switch detected! 0 -> 1. Snapshotting anchor model.
update 250/390 | step=512000 | SPS=1270
update 260/390 | step=532480 | SPS=1271
update 270/390 | step=552960 | SPS=1271
update 280/390 | step=573440 | SPS=1273
update 290/390 | step=593920 | SPS=1274
[600016] Regime switch detected! 1 -> 0. Snapshotting anchor model.
update 300/390 | step=614400 | SPS=1274
update 310/390 | step=634880 | SPS=1271
update 320/390 | step=655360 | SPS=1274
update 330/390 | step=675840 | SPS=1276
update 340/390 | step=696320 | SPS=1275
[700016] Regime switch detected! 0 -> 1. Snapshotting anchor model.
update 350/390 | step=716800 | SPS=1274
update 360/390 | step=737280 | SPS=1273
update 370/390 | step=757760 | SPS=1273
update 380/390 | step=778240 | SPS=1272
update 390/390 | step=798720 | SPS=1270
Episode 9/60 | reward=4.1498 | avg10=3.0224 | avg_success_rate=0.8900 | steps=38 | time=631.6s
update 10/390 | step=20480 | SPS=1254
update 20/390 | step=40960 | SPS=1249
update 30/390 | step=61440 | SPS=1228
update 40/390 | step=81920 | SPS=1247
[100016] Regime switch detected! 0 -> 1. Snapshotting anchor model.
update 50/390 | step=102400 | SPS=1253
update 60/390 | step=122880 | SPS=1260
update 70/390 | step=143360 | SPS=1270
update 80/390 | step=163840 | SPS=1278
update 90/390 | step=184320 | SPS=1278
[200016] Regime switch detected! 1 -> 0. Snapshotting anchor model.
update 100/390 | step=204800 | SPS=1278
update 110/390 | step=225280 | SPS=1271
update 120/390 | step=245760 | SPS=1268
update 130/390 | step=266240 | SPS=1272
update 140/390 | step=286720 | SPS=1277
[300016] Regime switch detected! 0 -> 1. Snapshotting anchor model.
update 150/390 | step=307200 | SPS=1279
update 160/390 | step=327680 | SPS=1276
update 170/390 | step=348160 | SPS=1277
update 180/390 | step=368640 | SPS=1281
update 190/390 | step=389120 | SPS=1277
[400016] Regime switch detected! 1 -> 0. Snapshotting anchor model.
update 200/390 | step=409600 | SPS=1276
update 210/390 | step=430080 | SPS=1277
update 220/390 | step=450560 | SPS=1276
update 230/390 | step=471040 | SPS=1275
update 240/390 | step=491520 | SPS=1277
[500016] Regime switch detected! 0 -> 1. Snapshotting anchor model.
update 250/390 | step=512000 | SPS=1277
update 260/390 | step=532480 | SPS=1277
update 270/390 | step=552960 | SPS=1277
update 280/390 | step=573440 | SPS=1280
update 290/390 | step=593920 | SPS=1281
[600016] Regime switch detected! 1 -> 0. Snapshotting anchor model.
update 300/390 | step=614400 | SPS=1282
update 310/390 | step=634880 | SPS=1282
update 320/390 | step=655360 | SPS=1280
update 330/390 | step=675840 | SPS=1277
update 340/390 | step=696320 | SPS=1277
[700016] Regime switch detected! 0 -> 1. Snapshotting anchor model.
update 350/390 | step=716800 | SPS=1278
update 360/390 | step=737280 | SPS=1274
update 370/390 | step=757760 | SPS=1275
update 380/390 | step=778240 | SPS=1275
update 390/390 | step=798720 | SPS=1276
Episode 10/60 | reward=3.9156 | avg10=3.1118 | avg_success_rate=0.8000 | steps=38 | time=628.6s
  [brain ckpt] runs/calib8x8_brain_neuromod_trainable_long_seed4_20260702-040916/episode_10/brain_ep10.pt
update 10/390 | step=20480 | SPS=1291
update 20/390 | step=40960 | SPS=1257
update 30/390 | step=61440 | SPS=1240
update 40/390 | step=81920 | SPS=1252
[100016] Regime switch detected! 0 -> 1. Snapshotting anchor model.
update 50/390 | step=102400 | SPS=1260
update 60/390 | step=122880 | SPS=1265
update 70/390 | step=143360 | SPS=1273
update 80/390 | step=163840 | SPS=1268
update 90/390 | step=184320 | SPS=1268
[200016] Regime switch detected! 1 -> 0. Snapshotting anchor model.
update 100/390 | step=204800 | SPS=1263
update 110/390 | step=225280 | SPS=1257
update 120/390 | step=245760 | SPS=1253
update 130/390 | step=266240 | SPS=1254
update 140/390 | step=286720 | SPS=1250
[300016] Regime switch detected! 0 -> 1. Snapshotting anchor model.
update 150/390 | step=307200 | SPS=1245
update 160/390 | step=327680 | SPS=1242
update 170/390 | step=348160 | SPS=1241
update 180/390 | step=368640 | SPS=1241
update 190/390 | step=389120 | SPS=1240
[400016] Regime switch detected! 1 -> 0. Snapshotting anchor model.
update 200/390 | step=409600 | SPS=1238
update 210/390 | step=430080 | SPS=1238
update 220/390 | step=450560 | SPS=1237
update 230/390 | step=471040 | SPS=1235
update 240/390 | step=491520 | SPS=1235
[500016] Regime switch detected! 0 -> 1. Snapshotting anchor model.
update 250/390 | step=512000 | SPS=1233
update 260/390 | step=532480 | SPS=1232
update 270/390 | step=552960 | SPS=1230
update 280/390 | step=573440 | SPS=1232
update 290/390 | step=593920 | SPS=1235
[600016] Regime switch detected! 1 -> 0. Snapshotting anchor model.
update 300/390 | step=614400 | SPS=1235
update 310/390 | step=634880 | SPS=1234
update 320/390 | step=655360 | SPS=1237
update 330/390 | step=675840 | SPS=1240
update 340/390 | step=696320 | SPS=1242
[700016] Regime switch detected! 0 -> 1. Snapshotting anchor model.
update 350/390 | step=716800 | SPS=1245
update 360/390 | step=737280 | SPS=1247
update 370/390 | step=757760 | SPS=1249
update 380/390 | step=778240 | SPS=1250
update 390/390 | step=798720 | SPS=1250
Episode 11/60 | reward=4.0111 | avg10=3.0891 | avg_success_rate=0.7800 | steps=38 | time=641.8s
update 10/390 | step=20480 | SPS=1372
update 20/390 | step=40960 | SPS=1332
update 30/390 | step=61440 | SPS=1309
update 40/390 | step=81920 | SPS=1284
[100016] Regime switch detected! 0 -> 1. Snapshotting anchor model.
update 50/390 | step=102400 | SPS=1266
update 60/390 | step=122880 | SPS=1257
update 70/390 | step=143360 | SPS=1252
update 80/390 | step=163840 | SPS=1249
update 90/390 | step=184320 | SPS=1247
[200016] Regime switch detected! 1 -> 0. Snapshotting anchor model.
update 100/390 | step=204800 | SPS=1250
update 110/390 | step=225280 | SPS=1248
update 120/390 | step=245760 | SPS=1248
update 130/390 | step=266240 | SPS=1246
update 140/390 | step=286720 | SPS=1248
[300016] Regime switch detected! 0 -> 1. Snapshotting anchor model.
update 150/390 | step=307200 | SPS=1251
update 160/390 | step=327680 | SPS=1255
update 170/390 | step=348160 | SPS=1257
update 180/390 | step=368640 | SPS=1256
update 190/390 | step=389120 | SPS=1256
[400016] Regime switch detected! 1 -> 0. Snapshotting anchor model.
update 200/390 | step=409600 | SPS=1259
update 210/390 | step=430080 | SPS=1263
update 220/390 | step=450560 | SPS=1265
update 230/390 | step=471040 | SPS=1268
update 240/390 | step=491520 | SPS=1269
[500016] Regime switch detected! 0 -> 1. Snapshotting anchor model.
update 250/390 | step=512000 | SPS=1270
update 260/390 | step=532480 | SPS=1274
update 270/390 | step=552960 | SPS=1276
update 280/390 | step=573440 | SPS=1278
update 290/390 | step=593920 | SPS=1280
[600016] Regime switch detected! 1 -> 0. Snapshotting anchor model.
update 300/390 | step=614400 | SPS=1281
update 310/390 | step=634880 | SPS=1283
update 320/390 | step=655360 | SPS=1283
update 330/390 | step=675840 | SPS=1284
update 340/390 | step=696320 | SPS=1285
[700016] Regime switch detected! 0 -> 1. Snapshotting anchor model.
update 350/390 | step=716800 | SPS=1285
update 360/390 | step=737280 | SPS=1286
update 370/390 | step=757760 | SPS=1287
update 380/390 | step=778240 | SPS=1287
update 390/390 | step=798720 | SPS=1286
Episode 12/60 | reward=3.4383 | avg10=3.1765 | avg_success_rate=0.1900 | steps=38 | time=623.9s
update 10/390 | step=20480 | SPS=1405
update 20/390 | step=40960 | SPS=1379
update 30/390 | step=61440 | SPS=1362
update 40/390 | step=81920 | SPS=1361
[100016] Regime switch detected! 0 -> 1. Snapshotting anchor model.
update 50/390 | step=102400 | SPS=1355
update 60/390 | step=122880 | SPS=1333
update 70/390 | step=143360 | SPS=1313
update 80/390 | step=163840 | SPS=1300
update 90/390 | step=184320 | SPS=1297
[200016] Regime switch detected! 1 -> 0. Snapshotting anchor model.
update 100/390 | step=204800 | SPS=1287
update 110/390 | step=225280 | SPS=1281
update 120/390 | step=245760 | SPS=1278
update 130/390 | step=266240 | SPS=1281
update 140/390 | step=286720 | SPS=1280
[300016] Regime switch detected! 0 -> 1. Snapshotting anchor model.
update 150/390 | step=307200 | SPS=1273
update 160/390 | step=327680 | SPS=1274
update 170/390 | step=348160 | SPS=1278
update 180/390 | step=368640 | SPS=1277
update 190/390 | step=389120 | SPS=1277
[400016] Regime switch detected! 1 -> 0. Snapshotting anchor model.
update 200/390 | step=409600 | SPS=1279
update 210/390 | step=430080 | SPS=1282
update 220/390 | step=450560 | SPS=1279
update 230/390 | step=471040 | SPS=1275
update 240/390 | step=491520 | SPS=1279
[500016] Regime switch detected! 0 -> 1. Snapshotting anchor model.
update 250/390 | step=512000 | SPS=1281
update 260/390 | step=532480 | SPS=1281
update 270/390 | step=552960 | SPS=1280
update 280/390 | step=573440 | SPS=1279
update 290/390 | step=593920 | SPS=1279
[600016] Regime switch detected! 1 -> 0. Snapshotting anchor model.
update 300/390 | step=614400 | SPS=1278
update 310/390 | step=634880 | SPS=1275
update 320/390 | step=655360 | SPS=1274
update 330/390 | step=675840 | SPS=1274
update 340/390 | step=696320 | SPS=1273
[700016] Regime switch detected! 0 -> 1. Snapshotting anchor model.
update 350/390 | step=716800 | SPS=1272
update 360/390 | step=737280 | SPS=1273
update 370/390 | step=757760 | SPS=1275
update 380/390 | step=778240 | SPS=1277
update 390/390 | step=798720 | SPS=1278
Episode 13/60 | reward=2.9564 | avg10=3.2176 | avg_success_rate=0.7300 | steps=38 | time=627.6s
update 10/390 | step=20480 | SPS=1311
update 20/390 | step=40960 | SPS=1325
update 30/390 | step=61440 | SPS=1343
update 40/390 | step=81920 | SPS=1342
[100016] Regime switch detected! 0 -> 1. Snapshotting anchor model.
update 50/390 | step=102400 | SPS=1313
update 60/390 | step=122880 | SPS=1310
update 70/390 | step=143360 | SPS=1297
update 80/390 | step=163840 | SPS=1298
update 90/390 | step=184320 | SPS=1301
[200016] Regime switch detected! 1 -> 0. Snapshotting anchor model.
update 100/390 | step=204800 | SPS=1306
update 110/390 | step=225280 | SPS=1306
update 120/390 | step=245760 | SPS=1306
update 130/390 | step=266240 | SPS=1302
update 140/390 | step=286720 | SPS=1301
[300016] Regime switch detected! 0 -> 1. Snapshotting anchor model.
update 150/390 | step=307200 | SPS=1301
update 160/390 | step=327680 | SPS=1296
update 170/390 | step=348160 | SPS=1291
update 180/390 | step=368640 | SPS=1286
update 190/390 | step=389120 | SPS=1286
[400016] Regime switch detected! 1 -> 0. Snapshotting anchor model.
update 200/390 | step=409600 | SPS=1286
update 210/390 | step=430080 | SPS=1287
update 220/390 | step=450560 | SPS=1289
update 230/390 | step=471040 | SPS=1290
update 240/390 | step=491520 | SPS=1290
[500016] Regime switch detected! 0 -> 1. Snapshotting anchor model.
update 250/390 | step=512000 | SPS=1289
update 260/390 | step=532480 | SPS=1286
update 270/390 | step=552960 | SPS=1283
update 280/390 | step=573440 | SPS=1282
update 290/390 | step=593920 | SPS=1281
[600016] Regime switch detected! 1 -> 0. Snapshotting anchor model.
update 300/390 | step=614400 | SPS=1281
update 310/390 | step=634880 | SPS=1279
update 320/390 | step=655360 | SPS=1276
update 330/390 | step=675840 | SPS=1274
update 340/390 | step=696320 | SPS=1275
[700016] Regime switch detected! 0 -> 1. Snapshotting anchor model.
update 350/390 | step=716800 | SPS=1273
update 360/390 | step=737280 | SPS=1273
update 370/390 | step=757760 | SPS=1276
update 380/390 | step=778240 | SPS=1278
update 390/390 | step=798720 | SPS=1278
Episode 14/60 | reward=5.1436 | avg10=3.3835 | avg_success_rate=0.9500 | steps=38 | time=627.6s
update 10/390 | step=20480 | SPS=1278
update 20/390 | step=40960 | SPS=1287
update 30/390 | step=61440 | SPS=1302
update 40/390 | step=81920 | SPS=1308
[100016] Regime switch detected! 0 -> 1. Snapshotting anchor model.
update 50/390 | step=102400 | SPS=1304
update 60/390 | step=122880 | SPS=1292
update 70/390 | step=143360 | SPS=1275
update 80/390 | step=163840 | SPS=1269
update 90/390 | step=184320 | SPS=1260
[200016] Regime switch detected! 1 -> 0. Snapshotting anchor model.
update 100/390 | step=204800 | SPS=1255
update 110/390 | step=225280 | SPS=1252
update 120/390 | step=245760 | SPS=1256
update 130/390 | step=266240 | SPS=1262
update 140/390 | step=286720 | SPS=1264
[300016] Regime switch detected! 0 -> 1. Snapshotting anchor model.
update 150/390 | step=307200 | SPS=1263
update 160/390 | step=327680 | SPS=1264
update 170/390 | step=348160 | SPS=1263
update 180/390 | step=368640 | SPS=1263
update 190/390 | step=389120 | SPS=1259
[400016] Regime switch detected! 1 -> 0. Snapshotting anchor model.
update 200/390 | step=409600 | SPS=1262
update 210/390 | step=430080 | SPS=1265
update 220/390 | step=450560 | SPS=1265
update 230/390 | step=471040 | SPS=1265
update 240/390 | step=491520 | SPS=1268
[500016] Regime switch detected! 0 -> 1. Snapshotting anchor model.
update 250/390 | step=512000 | SPS=1270
update 260/390 | step=532480 | SPS=1271
update 270/390 | step=552960 | SPS=1272
update 280/390 | step=573440 | SPS=1273
update 290/390 | step=593920 | SPS=1272
[600016] Regime switch detected! 1 -> 0. Snapshotting anchor model.
update 300/390 | step=614400 | SPS=1272
update 310/390 | step=634880 | SPS=1270
update 320/390 | step=655360 | SPS=1269
update 330/390 | step=675840 | SPS=1271
update 340/390 | step=696320 | SPS=1272
[700016] Regime switch detected! 0 -> 1. Snapshotting anchor model.
update 350/390 | step=716800 | SPS=1272
update 360/390 | step=737280 | SPS=1269
update 370/390 | step=757760 | SPS=1269
update 380/390 | step=778240 | SPS=1267
update 390/390 | step=798720 | SPS=1265
Episode 15/60 | reward=3.5473 | avg10=3.4823 | avg_success_rate=0.8100 | steps=38 | time=634.2s
  [brain ckpt] runs/calib8x8_brain_neuromod_trainable_long_seed4_20260702-040916/episode_15/brain_ep15.pt
update 10/390 | step=20480 | SPS=1245
update 20/390 | step=40960 | SPS=1240
update 30/390 | step=61440 | SPS=1247
update 40/390 | step=81920 | SPS=1259
[100016] Regime switch detected! 0 -> 1. Snapshotting anchor model.
update 50/390 | step=102400 | SPS=1267
update 60/390 | step=122880 | SPS=1282
update 70/390 | step=143360 | SPS=1288
update 80/390 | step=163840 | SPS=1296
update 90/390 | step=184320 | SPS=1298
[200016] Regime switch detected! 1 -> 0. Snapshotting anchor model.
update 100/390 | step=204800 | SPS=1302
update 110/390 | step=225280 | SPS=1301
update 120/390 | step=245760 | SPS=1296
update 130/390 | step=266240 | SPS=1289
update 140/390 | step=286720 | SPS=1292
[300016] Regime switch detected! 0 -> 1. Snapshotting anchor model.
update 150/390 | step=307200 | SPS=1296
update 160/390 | step=327680 | SPS=1294
update 170/390 | step=348160 | SPS=1291
update 180/390 | step=368640 | SPS=1291
update 190/390 | step=389120 | SPS=1291
[400016] Regime switch detected! 1 -> 0. Snapshotting anchor model.
update 200/390 | step=409600 | SPS=1292
update 210/390 | step=430080 | SPS=1293
update 220/390 | step=450560 | SPS=1295
update 230/390 | step=471040 | SPS=1293
update 240/390 | step=491520 | SPS=1292
[500016] Regime switch detected! 0 -> 1. Snapshotting anchor model.
update 250/390 | step=512000 | SPS=1288
update 260/390 | step=532480 | SPS=1288
update 270/390 | step=552960 | SPS=1286
update 280/390 | step=573440 | SPS=1283
update 290/390 | step=593920 | SPS=1283
[600016] Regime switch detected! 1 -> 0. Snapshotting anchor model.
update 300/390 | step=614400 | SPS=1280
update 310/390 | step=634880 | SPS=1277
update 320/390 | step=655360 | SPS=1277
update 330/390 | step=675840 | SPS=1279
update 340/390 | step=696320 | SPS=1281
[700016] Regime switch detected! 0 -> 1. Snapshotting anchor model.
update 350/390 | step=716800 | SPS=1282
update 360/390 | step=737280 | SPS=1280
update 370/390 | step=757760 | SPS=1279
update 380/390 | step=778240 | SPS=1277
update 390/390 | step=798720 | SPS=1278
Episode 16/60 | reward=3.6460 | avg10=3.5412 | avg_success_rate=0.7700 | steps=38 | time=627.7s
update 10/390 | step=20480 | SPS=1262
update 20/390 | step=40960 | SPS=1267
update 30/390 | step=61440 | SPS=1277
update 40/390 | step=81920 | SPS=1269
[100016] Regime switch detected! 0 -> 1. Snapshotting anchor model.
update 50/390 | step=102400 | SPS=1282
update 60/390 | step=122880 | SPS=1268
update 70/390 | step=143360 | SPS=1256
update 80/390 | step=163840 | SPS=1268
update 90/390 | step=184320 | SPS=1271
[200016] Regime switch detected! 1 -> 0. Snapshotting anchor model.
update 100/390 | step=204800 | SPS=1280
update 110/390 | step=225280 | SPS=1287
update 120/390 | step=245760 | SPS=1289
update 130/390 | step=266240 | SPS=1288
update 140/390 | step=286720 | SPS=1285
[300016] Regime switch detected! 0 -> 1. Snapshotting anchor model.
update 150/390 | step=307200 | SPS=1283
update 160/390 | step=327680 | SPS=1286
update 170/390 | step=348160 | SPS=1282
update 180/390 | step=368640 | SPS=1276
update 190/390 | step=389120 | SPS=1273
[400016] Regime switch detected! 1 -> 0. Snapshotting anchor model.
update 200/390 | step=409600 | SPS=1271
update 210/390 | step=430080 | SPS=1267
update 220/390 | step=450560 | SPS=1264
update 230/390 | step=471040 | SPS=1261
update 240/390 | step=491520 | SPS=1261
[500016] Regime switch detected! 0 -> 1. Snapshotting anchor model.
update 250/390 | step=512000 | SPS=1261
update 260/390 | step=532480 | SPS=1263
update 270/390 | step=552960 | SPS=1266
update 280/390 | step=573440 | SPS=1268
update 290/390 | step=593920 | SPS=1270
[600016] Regime switch detected! 1 -> 0. Snapshotting anchor model.
update 300/390 | step=614400 | SPS=1270
update 310/390 | step=634880 | SPS=1269
update 320/390 | step=655360 | SPS=1270
update 330/390 | step=675840 | SPS=1272
update 340/390 | step=696320 | SPS=1273
[700016] Regime switch detected! 0 -> 1. Snapshotting anchor model.
update 350/390 | step=716800 | SPS=1275
update 360/390 | step=737280 | SPS=1272
update 370/390 | step=757760 | SPS=1273
update 380/390 | step=778240 | SPS=1271
update 390/390 | step=798720 | SPS=1270
Episode 17/60 | reward=3.6530 | avg10=3.6215 | avg_success_rate=0.9900 | steps=38 | time=631.9s
update 10/390 | step=20480 | SPS=1285
update 20/390 | step=40960 | SPS=1283
update 30/390 | step=61440 | SPS=1276
update 40/390 | step=81920 | SPS=1296
[100016] Regime switch detected! 0 -> 1. Snapshotting anchor model.
update 50/390 | step=102400 | SPS=1303
update 60/390 | step=122880 | SPS=1311
update 70/390 | step=143360 | SPS=1309
update 80/390 | step=163840 | SPS=1305
update 90/390 | step=184320 | SPS=1293
[200016] Regime switch detected! 1 -> 0. Snapshotting anchor model.
update 100/390 | step=204800 | SPS=1289
update 110/390 | step=225280 | SPS=1281
update 120/390 | step=245760 | SPS=1277
update 130/390 | step=266240 | SPS=1272
update 140/390 | step=286720 | SPS=1267
[300016] Regime switch detected! 0 -> 1. Snapshotting anchor model.
update 150/390 | step=307200 | SPS=1265
update 160/390 | step=327680 | SPS=1268
update 170/390 | step=348160 | SPS=1271
update 180/390 | step=368640 | SPS=1270
update 190/390 | step=389120 | SPS=1267
[400016] Regime switch detected! 1 -> 0. Snapshotting anchor model.
update 200/390 | step=409600 | SPS=1267
update 210/390 | step=430080 | SPS=1268
update 220/390 | step=450560 | SPS=1271
update 230/390 | step=471040 | SPS=1272
update 240/390 | step=491520 | SPS=1274
[500016] Regime switch detected! 0 -> 1. Snapshotting anchor model.
update 250/390 | step=512000 | SPS=1274
update 260/390 | step=532480 | SPS=1270
update 270/390 | step=552960 | SPS=1268
update 280/390 | step=573440 | SPS=1270
update 290/390 | step=593920 | SPS=1270
[600016] Regime switch detected! 1 -> 0. Snapshotting anchor model.
update 300/390 | step=614400 | SPS=1269
update 310/390 | step=634880 | SPS=1266
update 320/390 | step=655360 | SPS=1264
update 330/390 | step=675840 | SPS=1262
update 340/390 | step=696320 | SPS=1259
[700016] Regime switch detected! 0 -> 1. Snapshotting anchor model.
update 350/390 | step=716800 | SPS=1258
update 360/390 | step=737280 | SPS=1257
update 370/390 | step=757760 | SPS=1257
update 380/390 | step=778240 | SPS=1258
update 390/390 | step=798720 | SPS=1260
Episode 18/60 | reward=1.6266 | avg10=3.6088 | avg_success_rate=0.4200 | steps=38 | time=636.9s
update 10/390 | step=20480 | SPS=1279
update 20/390 | step=40960 | SPS=1274
update 30/390 | step=61440 | SPS=1284
update 40/390 | step=81920 | SPS=1263
[100016] Regime switch detected! 0 -> 1. Snapshotting anchor model.
update 50/390 | step=102400 | SPS=1253
update 60/390 | step=122880 | SPS=1263
update 70/390 | step=143360 | SPS=1271
update 80/390 | step=163840 | SPS=1262
update 90/390 | step=184320 | SPS=1260
[200016] Regime switch detected! 1 -> 0. Snapshotting anchor model.
update 100/390 | step=204800 | SPS=1261
update 110/390 | step=225280 | SPS=1268
update 120/390 | step=245760 | SPS=1268
update 130/390 | step=266240 | SPS=1272
update 140/390 | step=286720 | SPS=1272
[300016] Regime switch detected! 0 -> 1. Snapshotting anchor model.
update 150/390 | step=307200 | SPS=1268
update 160/390 | step=327680 | SPS=1266
update 170/390 | step=348160 | SPS=1268
update 180/390 | step=368640 | SPS=1271
update 190/390 | step=389120 | SPS=1275
[400016] Regime switch detected! 1 -> 0. Snapshotting anchor model.
update 200/390 | step=409600 | SPS=1278
update 210/390 | step=430080 | SPS=1278
update 220/390 | step=450560 | SPS=1280
update 230/390 | step=471040 | SPS=1283
update 240/390 | step=491520 | SPS=1282
[500016] Regime switch detected! 0 -> 1. Snapshotting anchor model.
update 250/390 | step=512000 | SPS=1282
update 260/390 | step=532480 | SPS=1280
update 270/390 | step=552960 | SPS=1281
update 280/390 | step=573440 | SPS=1284
update 290/390 | step=593920 | SPS=1283
[600016] Regime switch detected! 1 -> 0. Snapshotting anchor model.
update 300/390 | step=614400 | SPS=1279
update 310/390 | step=634880 | SPS=1276
update 320/390 | step=655360 | SPS=1275
update 330/390 | step=675840 | SPS=1274
update 340/390 | step=696320 | SPS=1274
[700016] Regime switch detected! 0 -> 1. Snapshotting anchor model.
update 350/390 | step=716800 | SPS=1275
update 360/390 | step=737280 | SPS=1277
update 370/390 | step=757760 | SPS=1277
update 380/390 | step=778240 | SPS=1278
update 390/390 | step=798720 | SPS=1279
Episode 19/60 | reward=2.6819 | avg10=3.4620 | avg_success_rate=0.8300 | steps=38 | time=627.2s
update 10/390 | step=20480 | SPS=1298
update 20/390 | step=40960 | SPS=1279
update 30/390 | step=61440 | SPS=1275
update 40/390 | step=81920 | SPS=1277
[100016] Regime switch detected! 0 -> 1. Snapshotting anchor model.
update 50/390 | step=102400 | SPS=1271
update 60/390 | step=122880 | SPS=1270
update 70/390 | step=143360 | SPS=1271
update 80/390 | step=163840 | SPS=1268
update 90/390 | step=184320 | SPS=1274
[200016] Regime switch detected! 1 -> 0. Snapshotting anchor model.
update 100/390 | step=204800 | SPS=1280
update 110/390 | step=225280 | SPS=1285
update 120/390 | step=245760 | SPS=1289
update 130/390 | step=266240 | SPS=1292
update 140/390 | step=286720 | SPS=1284
[300016] Regime switch detected! 0 -> 1. Snapshotting anchor model.
update 150/390 | step=307200 | SPS=1282
update 160/390 | step=327680 | SPS=1283
update 170/390 | step=348160 | SPS=1280
update 180/390 | step=368640 | SPS=1277
update 190/390 | step=389120 | SPS=1277
[400016] Regime switch detected! 1 -> 0. Snapshotting anchor model.
update 200/390 | step=409600 | SPS=1278
update 210/390 | step=430080 | SPS=1276
update 220/390 | step=450560 | SPS=1274
update 230/390 | step=471040 | SPS=1269
update 240/390 | step=491520 | SPS=1272
[500016] Regime switch detected! 0 -> 1. Snapshotting anchor model.
update 250/390 | step=512000 | SPS=1275
update 260/390 | step=532480 | SPS=1277
update 270/390 | step=552960 | SPS=1280
update 280/390 | step=573440 | SPS=1281
update 290/390 | step=593920 | SPS=1282
[600016] Regime switch detected! 1 -> 0. Snapshotting anchor model.
update 300/390 | step=614400 | SPS=1284
update 310/390 | step=634880 | SPS=1284
update 320/390 | step=655360 | SPS=1285
update 330/390 | step=675840 | SPS=1286
update 340/390 | step=696320 | SPS=1288
[700016] Regime switch detected! 0 -> 1. Snapshotting anchor model.
update 350/390 | step=716800 | SPS=1287
update 360/390 | step=737280 | SPS=1286
update 370/390 | step=757760 | SPS=1285
update 380/390 | step=778240 | SPS=1285
update 390/390 | step=798720 | SPS=1284
Episode 20/60 | reward=2.6497 | avg10=3.3354 | avg_success_rate=0.8500 | steps=38 | time=625.0s
  [brain ckpt] runs/calib8x8_brain_neuromod_trainable_long_seed4_20260702-040916/episode_20/brain_ep20.pt
update 10/390 | step=20480 | SPS=1257
update 20/390 | step=40960 | SPS=1251
update 30/390 | step=61440 | SPS=1269
update 40/390 | step=81920 | SPS=1285
[100016] Regime switch detected! 0 -> 1. Snapshotting anchor model.
update 50/390 | step=102400 | SPS=1300
update 60/390 | step=122880 | SPS=1300
update 70/390 | step=143360 | SPS=1293
update 80/390 | step=163840 | SPS=1296
update 90/390 | step=184320 | SPS=1300
[200016] Regime switch detected! 1 -> 0. Snapshotting anchor model.
update 100/390 | step=204800 | SPS=1299
update 110/390 | step=225280 | SPS=1292
update 120/390 | step=245760 | SPS=1291
update 130/390 | step=266240 | SPS=1283
update 140/390 | step=286720 | SPS=1284
[300016] Regime switch detected! 0 -> 1. Snapshotting anchor model.
update 150/390 | step=307200 | SPS=1288
update 160/390 | step=327680 | SPS=1289
update 170/390 | step=348160 | SPS=1288
update 180/390 | step=368640 | SPS=1290
update 190/390 | step=389120 | SPS=1289
[400016] Regime switch detected! 1 -> 0. Snapshotting anchor model.
update 200/390 | step=409600 | SPS=1284
update 210/390 | step=430080 | SPS=1283
update 220/390 | step=450560 | SPS=1282
update 230/390 | step=471040 | SPS=1280
update 240/390 | step=491520 | SPS=1277
[500016] Regime switch detected! 0 -> 1. Snapshotting anchor model.
update 250/390 | step=512000 | SPS=1277
update 260/390 | step=532480 | SPS=1278
update 270/390 | step=552960 | SPS=1280
update 280/390 | step=573440 | SPS=1281
update 290/390 | step=593920 | SPS=1280
[600016] Regime switch detected! 1 -> 0. Snapshotting anchor model.
update 300/390 | step=614400 | SPS=1281
update 310/390 | step=634880 | SPS=1282
update 320/390 | step=655360 | SPS=1284
update 330/390 | step=675840 | SPS=1284
update 340/390 | step=696320 | SPS=1285
[700016] Regime switch detected! 0 -> 1. Snapshotting anchor model.
update 350/390 | step=716800 | SPS=1287
update 360/390 | step=737280 | SPS=1285
update 370/390 | step=757760 | SPS=1284
update 380/390 | step=778240 | SPS=1281
update 390/390 | step=798720 | SPS=1280
Episode 21/60 | reward=3.3119 | avg10=3.2655 | avg_success_rate=0.9200 | steps=38 | time=626.8s
update 10/390 | step=20480 | SPS=1325
update 20/390 | step=40960 | SPS=1303
update 30/390 | step=61440 | SPS=1305
update 40/390 | step=81920 | SPS=1313
[100016] Regime switch detected! 0 -> 1. Snapshotting anchor model.
update 50/390 | step=102400 | SPS=1320
update 60/390 | step=122880 | SPS=1326
update 70/390 | step=143360 | SPS=1326
update 80/390 | step=163840 | SPS=1332
update 90/390 | step=184320 | SPS=1327
[200016] Regime switch detected! 1 -> 0. Snapshotting anchor model.
update 100/390 | step=204800 | SPS=1320
update 110/390 | step=225280 | SPS=1308
update 120/390 | step=245760 | SPS=1300
update 130/390 | step=266240 | SPS=1298
update 140/390 | step=286720 | SPS=1290
[300016] Regime switch detected! 0 -> 1. Snapshotting anchor model.
update 150/390 | step=307200 | SPS=1292
update 160/390 | step=327680 | SPS=1291
update 170/390 | step=348160 | SPS=1285
update 180/390 | step=368640 | SPS=1287
update 190/390 | step=389120 | SPS=1288
[400016] Regime switch detected! 1 -> 0. Snapshotting anchor model.
update 200/390 | step=409600 | SPS=1289
update 210/390 | step=430080 | SPS=1292
update 220/390 | step=450560 | SPS=1287
update 230/390 | step=471040 | SPS=1288
update 240/390 | step=491520 | SPS=1287
[500016] Regime switch detected! 0 -> 1. Snapshotting anchor model.
update 250/390 | step=512000 | SPS=1287
update 260/390 | step=532480 | SPS=1288
update 270/390 | step=552960 | SPS=1287
update 280/390 | step=573440 | SPS=1286
update 290/390 | step=593920 | SPS=1288
[600016] Regime switch detected! 1 -> 0. Snapshotting anchor model.
update 300/390 | step=614400 | SPS=1287
update 310/390 | step=634880 | SPS=1287
update 320/390 | step=655360 | SPS=1289
update 330/390 | step=675840 | SPS=1289
update 340/390 | step=696320 | SPS=1287
[700016] Regime switch detected! 0 -> 1. Snapshotting anchor model.
update 350/390 | step=716800 | SPS=1286
update 360/390 | step=737280 | SPS=1285
update 370/390 | step=757760 | SPS=1284
update 380/390 | step=778240 | SPS=1285
update 390/390 | step=798720 | SPS=1287
Episode 22/60 | reward=4.1863 | avg10=3.3403 | avg_success_rate=0.9200 | steps=38 | time=623.5s
update 10/390 | step=20480 | SPS=1250
update 20/390 | step=40960 | SPS=1228
update 30/390 | step=61440 | SPS=1227
update 40/390 | step=81920 | SPS=1233
[100016] Regime switch detected! 0 -> 1. Snapshotting anchor model.
update 50/390 | step=102400 | SPS=1234
update 60/390 | step=122880 | SPS=1245
update 70/390 | step=143360 | SPS=1244
update 80/390 | step=163840 | SPS=1254
update 90/390 | step=184320 | SPS=1261
[200016] Regime switch detected! 1 -> 0. Snapshotting anchor model.
update 100/390 | step=204800 | SPS=1266
update 110/390 | step=225280 | SPS=1272
update 120/390 | step=245760 | SPS=1273
update 130/390 | step=266240 | SPS=1278
update 140/390 | step=286720 | SPS=1274
[300016] Regime switch detected! 0 -> 1. Snapshotting anchor model.
update 150/390 | step=307200 | SPS=1274
update 160/390 | step=327680 | SPS=1271
update 170/390 | step=348160 | SPS=1267
update 180/390 | step=368640 | SPS=1267
update 190/390 | step=389120 | SPS=1263
[400016] Regime switch detected! 1 -> 0. Snapshotting anchor model.
update 200/390 | step=409600 | SPS=1263
update 210/390 | step=430080 | SPS=1261
update 220/390 | step=450560 | SPS=1263
update 230/390 | step=471040 | SPS=1261
update 240/390 | step=491520 | SPS=1259
[500016] Regime switch detected! 0 -> 1. Snapshotting anchor model.
update 250/390 | step=512000 | SPS=1256
update 260/390 | step=532480 | SPS=1254
update 270/390 | step=552960 | SPS=1253
update 280/390 | step=573440 | SPS=1252
update 290/390 | step=593920 | SPS=1250
[600016] Regime switch detected! 1 -> 0. Snapshotting anchor model.
update 300/390 | step=614400 | SPS=1253
update 310/390 | step=634880 | SPS=1253
update 320/390 | step=655360 | SPS=1251
update 330/390 | step=675840 | SPS=1253
update 340/390 | step=696320 | SPS=1256
[700016] Regime switch detected! 0 -> 1. Snapshotting anchor model.
update 350/390 | step=716800 | SPS=1258
update 360/390 | step=737280 | SPS=1259
update 370/390 | step=757760 | SPS=1259
update 380/390 | step=778240 | SPS=1257
update 390/390 | step=798720 | SPS=1256
Episode 23/60 | reward=4.0965 | avg10=3.4543 | avg_success_rate=0.8600 | steps=38 | time=638.6s
update 10/390 | step=20480 | SPS=1270
update 20/390 | step=40960 | SPS=1266
update 30/390 | step=61440 | SPS=1240
update 40/390 | step=81920 | SPS=1247
[100016] Regime switch detected! 0 -> 1. Snapshotting anchor model.
update 50/390 | step=102400 | SPS=1254
update 60/390 | step=122880 | SPS=1261
update 70/390 | step=143360 | SPS=1272
update 80/390 | step=163840 | SPS=1273
update 90/390 | step=184320 | SPS=1278
[200016] Regime switch detected! 1 -> 0. Snapshotting anchor model.
update 100/390 | step=204800 | SPS=1282
update 110/390 | step=225280 | SPS=1287
update 120/390 | step=245760 | SPS=1291
update 130/390 | step=266240 | SPS=1287
update 140/390 | step=286720 | SPS=1288
[300016] Regime switch detected! 0 -> 1. Snapshotting anchor model.
update 150/390 | step=307200 | SPS=1279
update 160/390 | step=327680 | SPS=1274
update 170/390 | step=348160 | SPS=1270
update 180/390 | step=368640 | SPS=1269
update 190/390 | step=389120 | SPS=1266
[400016] Regime switch detected! 1 -> 0. Snapshotting anchor model.
update 200/390 | step=409600 | SPS=1266
update 210/390 | step=430080 | SPS=1266
update 220/390 | step=450560 | SPS=1270
update 230/390 | step=471040 | SPS=1268
update 240/390 | step=491520 | SPS=1266
[500016] Regime switch detected! 0 -> 1. Snapshotting anchor model.
update 250/390 | step=512000 | SPS=1265
update 260/390 | step=532480 | SPS=1267
update 270/390 | step=552960 | SPS=1269
update 280/390 | step=573440 | SPS=1272
update 290/390 | step=593920 | SPS=1274
[600016] Regime switch detected! 1 -> 0. Snapshotting anchor model.
update 300/390 | step=614400 | SPS=1273
update 310/390 | step=634880 | SPS=1272
update 320/390 | step=655360 | SPS=1270
update 330/390 | step=675840 | SPS=1272
update 340/390 | step=696320 | SPS=1271
[700016] Regime switch detected! 0 -> 1. Snapshotting anchor model.
update 350/390 | step=716800 | SPS=1272
update 360/390 | step=737280 | SPS=1272
update 370/390 | step=757760 | SPS=1272
update 380/390 | step=778240 | SPS=1272
update 390/390 | step=798720 | SPS=1272
Episode 24/60 | reward=5.1522 | avg10=3.4552 | avg_success_rate=0.8900 | steps=38 | time=631.1s
update 10/390 | step=20480 | SPS=1290
update 20/390 | step=40960 | SPS=1262
update 30/390 | step=61440 | SPS=1279
update 40/390 | step=81920 | SPS=1285
[100016] Regime switch detected! 0 -> 1. Snapshotting anchor model.
update 50/390 | step=102400 | SPS=1299
update 60/390 | step=122880 | SPS=1310
update 70/390 | step=143360 | SPS=1303
update 80/390 | step=163840 | SPS=1295
update 90/390 | step=184320 | SPS=1281
[200016] Regime switch detected! 1 -> 0. Snapshotting anchor model.
update 100/390 | step=204800 | SPS=1283
update 110/390 | step=225280 | SPS=1281
update 120/390 | step=245760 | SPS=1286
update 130/390 | step=266240 | SPS=1288
update 140/390 | step=286720 | SPS=1291
[300016] Regime switch detected! 0 -> 1. Snapshotting anchor model.
update 150/390 | step=307200 | SPS=1291
update 160/390 | step=327680 | SPS=1284
update 170/390 | step=348160 | SPS=1277
update 180/390 | step=368640 | SPS=1270
update 190/390 | step=389120 | SPS=1266
[400016] Regime switch detected! 1 -> 0. Snapshotting anchor model.
update 200/390 | step=409600 | SPS=1270
update 210/390 | step=430080 | SPS=1270
update 220/390 | step=450560 | SPS=1273
update 230/390 | step=471040 | SPS=1275
update 240/390 | step=491520 | SPS=1276
[500016] Regime switch detected! 0 -> 1. Snapshotting anchor model.
update 250/390 | step=512000 | SPS=1280
update 260/390 | step=532480 | SPS=1282
update 270/390 | step=552960 | SPS=1284
update 280/390 | step=573440 | SPS=1285
update 290/390 | step=593920 | SPS=1286
[600016] Regime switch detected! 1 -> 0. Snapshotting anchor model.
update 300/390 | step=614400 | SPS=1287
update 310/390 | step=634880 | SPS=1287
update 320/390 | step=655360 | SPS=1288
update 330/390 | step=675840 | SPS=1287
update 340/390 | step=696320 | SPS=1286
[700016] Regime switch detected! 0 -> 1. Snapshotting anchor model.
update 350/390 | step=716800 | SPS=1284
update 360/390 | step=737280 | SPS=1283
update 370/390 | step=757760 | SPS=1283
update 380/390 | step=778240 | SPS=1284
update 390/390 | step=798720 | SPS=1285
Episode 25/60 | reward=3.6557 | avg10=3.4660 | avg_success_rate=0.7400 | steps=38 | time=624.2s
  [brain ckpt] runs/calib8x8_brain_neuromod_trainable_long_seed4_20260702-040916/episode_25/brain_ep25.pt
update 10/390 | step=20480 | SPS=1330
update 20/390 | step=40960 | SPS=1323
update 30/390 | step=61440 | SPS=1290
update 40/390 | step=81920 | SPS=1289
[100016] Regime switch detected! 0 -> 1. Snapshotting anchor model.
update 50/390 | step=102400 | SPS=1295
update 60/390 | step=122880 | SPS=1308
update 70/390 | step=143360 | SPS=1312
update 80/390 | step=163840 | SPS=1315
update 90/390 | step=184320 | SPS=1316
[200016] Regime switch detected! 1 -> 0. Snapshotting anchor model.
update 100/390 | step=204800 | SPS=1315
update 110/390 | step=225280 | SPS=1312
update 120/390 | step=245760 | SPS=1310
update 130/390 | step=266240 | SPS=1301
update 140/390 | step=286720 | SPS=1295
[300016] Regime switch detected! 0 -> 1. Snapshotting anchor model.
update 150/390 | step=307200 | SPS=1291
update 160/390 | step=327680 | SPS=1291
update 170/390 | step=348160 | SPS=1287
update 180/390 | step=368640 | SPS=1284
update 190/390 | step=389120 | SPS=1280
[400016] Regime switch detected! 1 -> 0. Snapshotting anchor model.
update 200/390 | step=409600 | SPS=1279
update 210/390 | step=430080 | SPS=1280
update 220/390 | step=450560 | SPS=1283
update 230/390 | step=471040 | SPS=1286
update 240/390 | step=491520 | SPS=1283
[500016] Regime switch detected! 0 -> 1. Snapshotting anchor model.
update 250/390 | step=512000 | SPS=1283
update 260/390 | step=532480 | SPS=1285
update 270/390 | step=552960 | SPS=1285
update 280/390 | step=573440 | SPS=1283
update 290/390 | step=593920 | SPS=1284
[600016] Regime switch detected! 1 -> 0. Snapshotting anchor model.
update 300/390 | step=614400 | SPS=1284
update 310/390 | step=634880 | SPS=1286
update 320/390 | step=655360 | SPS=1288
update 330/390 | step=675840 | SPS=1288
update 340/390 | step=696320 | SPS=1286
[700016] Regime switch detected! 0 -> 1. Snapshotting anchor model.
update 350/390 | step=716800 | SPS=1286
update 360/390 | step=737280 | SPS=1286
update 370/390 | step=757760 | SPS=1286
update 380/390 | step=778240 | SPS=1286
update 390/390 | step=798720 | SPS=1285
Episode 26/60 | reward=1.7332 | avg10=3.2747 | avg_success_rate=0.5100 | steps=38 | time=624.6s
update 10/390 | step=20480 | SPS=1245
update 20/390 | step=40960 | SPS=1224
update 30/390 | step=61440 | SPS=1221
update 40/390 | step=81920 | SPS=1224
[100016] Regime switch detected! 0 -> 1. Snapshotting anchor model.
update 50/390 | step=102400 | SPS=1215
update 60/390 | step=122880 | SPS=1222
update 70/390 | step=143360 | SPS=1224
update 80/390 | step=163840 | SPS=1221
update 90/390 | step=184320 | SPS=1216
[200016] Regime switch detected! 1 -> 0. Snapshotting anchor model.
update 100/390 | step=204800 | SPS=1224
update 110/390 | step=225280 | SPS=1224
update 120/390 | step=245760 | SPS=1222
update 130/390 | step=266240 | SPS=1228
update 140/390 | step=286720 | SPS=1234
[300016] Regime switch detected! 0 -> 1. Snapshotting anchor model.
update 150/390 | step=307200 | SPS=1240
update 160/390 | step=327680 | SPS=1244
update 170/390 | step=348160 | SPS=1249
update 180/390 | step=368640 | SPS=1253
update 190/390 | step=389120 | SPS=1256
[400016] Regime switch detected! 1 -> 0. Snapshotting anchor model.
update 200/390 | step=409600 | SPS=1260
update 210/390 | step=430080 | SPS=1260
update 220/390 | step=450560 | SPS=1262
update 230/390 | step=471040 | SPS=1263
update 240/390 | step=491520 | SPS=1265
[500016] Regime switch detected! 0 -> 1. Snapshotting anchor model.
update 250/390 | step=512000 | SPS=1264
update 260/390 | step=532480 | SPS=1262
update 270/390 | step=552960 | SPS=1260
update 280/390 | step=573440 | SPS=1259
update 290/390 | step=593920 | SPS=1260
[600016] Regime switch detected! 1 -> 0. Snapshotting anchor model.
update 300/390 | step=614400 | SPS=1261
update 310/390 | step=634880 | SPS=1259
update 320/390 | step=655360 | SPS=1257
update 330/390 | step=675840 | SPS=1256
update 340/390 | step=696320 | SPS=1257
[700016] Regime switch detected! 0 -> 1. Snapshotting anchor model.
update 350/390 | step=716800 | SPS=1259
update 360/390 | step=737280 | SPS=1260
update 370/390 | step=757760 | SPS=1262
update 380/390 | step=778240 | SPS=1263
update 390/390 | step=798720 | SPS=1263
Episode 27/60 | reward=5.1972 | avg10=3.4291 | avg_success_rate=0.9000 | steps=38 | time=635.2s
update 10/390 | step=20480 | SPS=1245
update 20/390 | step=40960 | SPS=1244
update 30/390 | step=61440 | SPS=1219
update 40/390 | step=81920 | SPS=1222
[100016] Regime switch detected! 0 -> 1. Snapshotting anchor model.
update 50/390 | step=102400 | SPS=1224
update 60/390 | step=122880 | SPS=1232
update 70/390 | step=143360 | SPS=1240
update 80/390 | step=163840 | SPS=1252
update 90/390 | step=184320 | SPS=1258
[200016] Regime switch detected! 1 -> 0. Snapshotting anchor model.
update 100/390 | step=204800 | SPS=1266
update 110/390 | step=225280 | SPS=1269
update 120/390 | step=245760 | SPS=1273
update 130/390 | step=266240 | SPS=1276
update 140/390 | step=286720 | SPS=1279
[300016] Regime switch detected! 0 -> 1. Snapshotting anchor model.
update 150/390 | step=307200 | SPS=1281
update 160/390 | step=327680 | SPS=1280
update 170/390 | step=348160 | SPS=1277
update 180/390 | step=368640 | SPS=1272
update 190/390 | step=389120 | SPS=1266
[400016] Regime switch detected! 1 -> 0. Snapshotting anchor model.
update 200/390 | step=409600 | SPS=1264
update 210/390 | step=430080 | SPS=1263
update 220/390 | step=450560 | SPS=1261
update 230/390 | step=471040 | SPS=1264
update 240/390 | step=491520 | SPS=1267
[500016] Regime switch detected! 0 -> 1. Snapshotting anchor model.
update 250/390 | step=512000 | SPS=1269
update 260/390 | step=532480 | SPS=1273
update 270/390 | step=552960 | SPS=1274
update 280/390 | step=573440 | SPS=1275
update 290/390 | step=593920 | SPS=1275
[600016] Regime switch detected! 1 -> 0. Snapshotting anchor model.
update 300/390 | step=614400 | SPS=1276
update 310/390 | step=634880 | SPS=1277
update 320/390 | step=655360 | SPS=1277
update 330/390 | step=675840 | SPS=1278
update 340/390 | step=696320 | SPS=1277
[700016] Regime switch detected! 0 -> 1. Snapshotting anchor model.
update 350/390 | step=716800 | SPS=1278
update 360/390 | step=737280 | SPS=1275
update 370/390 | step=757760 | SPS=1273
update 380/390 | step=778240 | SPS=1272
update 390/390 | step=798720 | SPS=1271
Episode 28/60 | reward=4.9101 | avg10=3.7575 | avg_success_rate=0.9100 | steps=38 | time=631.2s
update 10/390 | step=20480 | SPS=1256
update 20/390 | step=40960 | SPS=1244
update 30/390 | step=61440 | SPS=1227
update 40/390 | step=81920 | SPS=1254
[100016] Regime switch detected! 0 -> 1. Snapshotting anchor model.
update 50/390 | step=102400 | SPS=1258
update 60/390 | step=122880 | SPS=1267
update 70/390 | step=143360 | SPS=1266
update 80/390 | step=163840 | SPS=1261
update 90/390 | step=184320 | SPS=1257
[200016] Regime switch detected! 1 -> 0. Snapshotting anchor model.
update 100/390 | step=204800 | SPS=1253
update 110/390 | step=225280 | SPS=1255
update 120/390 | step=245760 | SPS=1259
update 130/390 | step=266240 | SPS=1261
update 140/390 | step=286720 | SPS=1260
[300016] Regime switch detected! 0 -> 1. Snapshotting anchor model.
update 150/390 | step=307200 | SPS=1265
update 160/390 | step=327680 | SPS=1265
update 170/390 | step=348160 | SPS=1262
update 180/390 | step=368640 | SPS=1258
update 190/390 | step=389120 | SPS=1255
[400016] Regime switch detected! 1 -> 0. Snapshotting anchor model.
update 200/390 | step=409600 | SPS=1253
update 210/390 | step=430080 | SPS=1251
update 220/390 | step=450560 | SPS=1249
update 230/390 | step=471040 | SPS=1248
update 240/390 | step=491520 | SPS=1247
[500016] Regime switch detected! 0 -> 1. Snapshotting anchor model.
update 250/390 | step=512000 | SPS=1245
update 260/390 | step=532480 | SPS=1243
update 270/390 | step=552960 | SPS=1245
update 280/390 | step=573440 | SPS=1246
update 290/390 | step=593920 | SPS=1246
[600016] Regime switch detected! 1 -> 0. Snapshotting anchor model.
update 300/390 | step=614400 | SPS=1245
update 310/390 | step=634880 | SPS=1246
update 320/390 | step=655360 | SPS=1244
update 330/390 | step=675840 | SPS=1244
update 340/390 | step=696320 | SPS=1247
[700016] Regime switch detected! 0 -> 1. Snapshotting anchor model.
update 350/390 | step=716800 | SPS=1247
update 360/390 | step=737280 | SPS=1246
update 370/390 | step=757760 | SPS=1248
update 380/390 | step=778240 | SPS=1250
update 390/390 | step=798720 | SPS=1252
Episode 29/60 | reward=5.2662 | avg10=4.0159 | avg_success_rate=0.9300 | steps=38 | time=640.9s
update 10/390 | step=20480 | SPS=1250
update 20/390 | step=40960 | SPS=1236
update 30/390 | step=61440 | SPS=1214
update 40/390 | step=81920 | SPS=1223
[100016] Regime switch detected! 0 -> 1. Snapshotting anchor model.
update 50/390 | step=102400 | SPS=1224
update 60/390 | step=122880 | SPS=1231
update 70/390 | step=143360 | SPS=1244
update 80/390 | step=163840 | SPS=1252
update 90/390 | step=184320 | SPS=1249
[200016] Regime switch detected! 1 -> 0. Snapshotting anchor model.
update 100/390 | step=204800 | SPS=1245
update 110/390 | step=225280 | SPS=1244
update 120/390 | step=245760 | SPS=1240
update 130/390 | step=266240 | SPS=1239
update 140/390 | step=286720 | SPS=1241
[300016] Regime switch detected! 0 -> 1. Snapshotting anchor model.
update 150/390 | step=307200 | SPS=1246
update 160/390 | step=327680 | SPS=1245
update 170/390 | step=348160 | SPS=1242
update 180/390 | step=368640 | SPS=1240
update 190/390 | step=389120 | SPS=1239
[400016] Regime switch detected! 1 -> 0. Snapshotting anchor model.
update 200/390 | step=409600 | SPS=1237
update 210/390 | step=430080 | SPS=1236
update 220/390 | step=450560 | SPS=1235
update 230/390 | step=471040 | SPS=1235
update 240/390 | step=491520 | SPS=1235
[500016] Regime switch detected! 0 -> 1. Snapshotting anchor model.
update 250/390 | step=512000 | SPS=1234
update 260/390 | step=532480 | SPS=1235
update 270/390 | step=552960 | SPS=1238
update 280/390 | step=573440 | SPS=1239
update 290/390 | step=593920 | SPS=1237
[600016] Regime switch detected! 1 -> 0. Snapshotting anchor model.
update 300/390 | step=614400 | SPS=1236
update 310/390 | step=634880 | SPS=1236
update 320/390 | step=655360 | SPS=1237
update 330/390 | step=675840 | SPS=1238
update 340/390 | step=696320 | SPS=1240
[700016] Regime switch detected! 0 -> 1. Snapshotting anchor model.
update 350/390 | step=716800 | SPS=1242
update 360/390 | step=737280 | SPS=1244
update 370/390 | step=757760 | SPS=1245
update 380/390 | step=778240 | SPS=1246
update 390/390 | step=798720 | SPS=1245
Episode 30/60 | reward=4.9859 | avg10=4.2495 | avg_success_rate=0.7900 | steps=38 | time=644.2s
  [brain ckpt] runs/calib8x8_brain_neuromod_trainable_long_seed4_20260702-040916/episode_30/brain_ep30.pt
update 10/390 | step=20480 | SPS=1259
update 20/390 | step=40960 | SPS=1260
update 30/390 | step=61440 | SPS=1263
update 40/390 | step=81920 | SPS=1265
[100016] Regime switch detected! 0 -> 1. Snapshotting anchor model.
update 50/390 | step=102400 | SPS=1284
update 60/390 | step=122880 | SPS=1272
update 70/390 | step=143360 | SPS=1259
update 80/390 | step=163840 | SPS=1251
update 90/390 | step=184320 | SPS=1248
[200016] Regime switch detected! 1 -> 0. Snapshotting anchor model.
update 100/390 | step=204800 | SPS=1250
update 110/390 | step=225280 | SPS=1254
update 120/390 | step=245760 | SPS=1260
update 130/390 | step=266240 | SPS=1264
update 140/390 | step=286720 | SPS=1270
[300016] Regime switch detected! 0 -> 1. Snapshotting anchor model.
update 150/390 | step=307200 | SPS=1266
update 160/390 | step=327680 | SPS=1262
update 170/390 | step=348160 | SPS=1266
update 180/390 | step=368640 | SPS=1265
update 190/390 | step=389120 | SPS=1264
[400016] Regime switch detected! 1 -> 0. Snapshotting anchor model.
update 200/390 | step=409600 | SPS=1264
update 210/390 | step=430080 | SPS=1266
update 220/390 | step=450560 | SPS=1269
update 230/390 | step=471040 | SPS=1266
update 240/390 | step=491520 | SPS=1264
[500016] Regime switch detected! 0 -> 1. Snapshotting anchor model.
update 250/390 | step=512000 | SPS=1267
update 260/390 | step=532480 | SPS=1267
update 270/390 | step=552960 | SPS=1269
update 280/390 | step=573440 | SPS=1271
update 290/390 | step=593920 | SPS=1273
[600016] Regime switch detected! 1 -> 0. Snapshotting anchor model.
update 300/390 | step=614400 | SPS=1276
update 310/390 | step=634880 | SPS=1278
update 320/390 | step=655360 | SPS=1278
update 330/390 | step=675840 | SPS=1277
update 340/390 | step=696320 | SPS=1279
[700016] Regime switch detected! 0 -> 1. Snapshotting anchor model.
update 350/390 | step=716800 | SPS=1281
update 360/390 | step=737280 | SPS=1282
update 370/390 | step=757760 | SPS=1282
update 380/390 | step=778240 | SPS=1284
update 390/390 | step=798720 | SPS=1283
Episode 31/60 | reward=2.2472 | avg10=4.1430 | avg_success_rate=0.5400 | steps=38 | time=625.2s
update 10/390 | step=20480 | SPS=1247
update 20/390 | step=40960 | SPS=1258
update 30/390 | step=61440 | SPS=1273
update 40/390 | step=81920 | SPS=1263
[100016] Regime switch detected! 0 -> 1. Snapshotting anchor model.
update 50/390 | step=102400 | SPS=1254
update 60/390 | step=122880 | SPS=1252
update 70/390 | step=143360 | SPS=1247
update 80/390 | step=163840 | SPS=1240
update 90/390 | step=184320 | SPS=1238
[200016] Regime switch detected! 1 -> 0. Snapshotting anchor model.
update 100/390 | step=204800 | SPS=1237
update 110/390 | step=225280 | SPS=1234
update 120/390 | step=245760 | SPS=1230
update 130/390 | step=266240 | SPS=1228
update 140/390 | step=286720 | SPS=1235
[300016] Regime switch detected! 0 -> 1. Snapshotting anchor model.
update 150/390 | step=307200 | SPS=1240
update 160/390 | step=327680 | SPS=1245
update 170/390 | step=348160 | SPS=1249
update 180/390 | step=368640 | SPS=1250
update 190/390 | step=389120 | SPS=1252
[400016] Regime switch detected! 1 -> 0. Snapshotting anchor model.
update 200/390 | step=409600 | SPS=1252
update 210/390 | step=430080 | SPS=1250
update 220/390 | step=450560 | SPS=1250
update 230/390 | step=471040 | SPS=1253
update 240/390 | step=491520 | SPS=1256
[500016] Regime switch detected! 0 -> 1. Snapshotting anchor model.
update 250/390 | step=512000 | SPS=1259
update 260/390 | step=532480 | SPS=1260
update 270/390 | step=552960 | SPS=1258
update 280/390 | step=573440 | SPS=1256
update 290/390 | step=593920 | SPS=1259
[600016] Regime switch detected! 1 -> 0. Snapshotting anchor model.
update 300/390 | step=614400 | SPS=1258
update 310/390 | step=634880 | SPS=1257
update 320/390 | step=655360 | SPS=1255
update 330/390 | step=675840 | SPS=1255
update 340/390 | step=696320 | SPS=1254
[700016] Regime switch detected! 0 -> 1. Snapshotting anchor model.
update 350/390 | step=716800 | SPS=1254
update 360/390 | step=737280 | SPS=1255
update 370/390 | step=757760 | SPS=1255
update 380/390 | step=778240 | SPS=1257
update 390/390 | step=798720 | SPS=1259
Episode 32/60 | reward=4.6968 | avg10=4.1941 | avg_success_rate=0.6700 | steps=38 | time=637.4s
update 10/390 | step=20480 | SPS=1437
update 20/390 | step=40960 | SPS=1354
update 30/390 | step=61440 | SPS=1331
update 40/390 | step=81920 | SPS=1319
[100016] Regime switch detected! 0 -> 1. Snapshotting anchor model.
update 50/390 | step=102400 | SPS=1312
update 60/390 | step=122880 | SPS=1310
update 70/390 | step=143360 | SPS=1314
update 80/390 | step=163840 | SPS=1304
update 90/390 | step=184320 | SPS=1306
[200016] Regime switch detected! 1 -> 0. Snapshotting anchor model.
update 100/390 | step=204800 | SPS=1306
update 110/390 | step=225280 | SPS=1305
update 120/390 | step=245760 | SPS=1301
update 130/390 | step=266240 | SPS=1303
update 140/390 | step=286720 | SPS=1307
[300016] Regime switch detected! 0 -> 1. Snapshotting anchor model.
update 150/390 | step=307200 | SPS=1308
update 160/390 | step=327680 | SPS=1309
update 170/390 | step=348160 | SPS=1306
update 180/390 | step=368640 | SPS=1303
update 190/390 | step=389120 | SPS=1299
[400016] Regime switch detected! 1 -> 0. Snapshotting anchor model.
update 200/390 | step=409600 | SPS=1296
update 210/390 | step=430080 | SPS=1291
update 220/390 | step=450560 | SPS=1287
update 230/390 | step=471040 | SPS=1283
update 240/390 | step=491520 | SPS=1283
[500016] Regime switch detected! 0 -> 1. Snapshotting anchor model.
update 250/390 | step=512000 | SPS=1283
update 260/390 | step=532480 | SPS=1285
update 270/390 | step=552960 | SPS=1282
update 280/390 | step=573440 | SPS=1279
update 290/390 | step=593920 | SPS=1278
[600016] Regime switch detected! 1 -> 0. Snapshotting anchor model.
update 300/390 | step=614400 | SPS=1280
update 310/390 | step=634880 | SPS=1282
update 320/390 | step=655360 | SPS=1284
update 330/390 | step=675840 | SPS=1285
update 340/390 | step=696320 | SPS=1285
[700016] Regime switch detected! 0 -> 1. Snapshotting anchor model.
update 350/390 | step=716800 | SPS=1287
update 360/390 | step=737280 | SPS=1288
update 370/390 | step=757760 | SPS=1289
update 380/390 | step=778240 | SPS=1290
update 390/390 | step=798720 | SPS=1292
Episode 33/60 | reward=-0.2408 | avg10=3.7604 | avg_success_rate=0.4900 | steps=38 | time=621.2s
update 10/390 | step=20480 | SPS=1285
update 20/390 | step=40960 | SPS=1279
update 30/390 | step=61440 | SPS=1256
update 40/390 | step=81920 | SPS=1248
[100016] Regime switch detected! 0 -> 1. Snapshotting anchor model.
update 50/390 | step=102400 | SPS=1243
update 60/390 | step=122880 | SPS=1258
update 70/390 | step=143360 | SPS=1263
update 80/390 | step=163840 | SPS=1266
update 90/390 | step=184320 | SPS=1267
[200016] Regime switch detected! 1 -> 0. Snapshotting anchor model.
update 100/390 | step=204800 | SPS=1272
update 110/390 | step=225280 | SPS=1274
update 120/390 | step=245760 | SPS=1274
update 130/390 | step=266240 | SPS=1270
update 140/390 | step=286720 | SPS=1270
[300016] Regime switch detected! 0 -> 1. Snapshotting anchor model.
update 150/390 | step=307200 | SPS=1270
update 160/390 | step=327680 | SPS=1273
update 170/390 | step=348160 | SPS=1274
update 180/390 | step=368640 | SPS=1269
update 190/390 | step=389120 | SPS=1267
[400016] Regime switch detected! 1 -> 0. Snapshotting anchor model.
update 200/390 | step=409600 | SPS=1270
update 210/390 | step=430080 | SPS=1272
update 220/390 | step=450560 | SPS=1274
update 230/390 | step=471040 | SPS=1275
update 240/390 | step=491520 | SPS=1275
[500016] Regime switch detected! 0 -> 1. Snapshotting anchor model.
update 250/390 | step=512000 | SPS=1275
update 260/390 | step=532480 | SPS=1275
update 270/390 | step=552960 | SPS=1273
update 280/390 | step=573440 | SPS=1274
update 290/390 | step=593920 | SPS=1277
[600016] Regime switch detected! 1 -> 0. Snapshotting anchor model.
update 300/390 | step=614400 | SPS=1278
update 310/390 | step=634880 | SPS=1280
update 320/390 | step=655360 | SPS=1281
update 330/390 | step=675840 | SPS=1277
update 340/390 | step=696320 | SPS=1277
[700016] Regime switch detected! 0 -> 1. Snapshotting anchor model.
update 350/390 | step=716800 | SPS=1279
update 360/390 | step=737280 | SPS=1280
update 370/390 | step=757760 | SPS=1278
update 380/390 | step=778240 | SPS=1279
update 390/390 | step=798720 | SPS=1280
Episode 34/60 | reward=5.2365 | avg10=3.7688 | avg_success_rate=0.7900 | steps=38 | time=626.9s
update 10/390 | step=20480 | SPS=1267
update 20/390 | step=40960 | SPS=1284
update 30/390 | step=61440 | SPS=1292
update 40/390 | step=81920 | SPS=1309
[100016] Regime switch detected! 0 -> 1. Snapshotting anchor model.
update 50/390 | step=102400 | SPS=1304
update 60/390 | step=122880 | SPS=1289
update 70/390 | step=143360 | SPS=1290
update 80/390 | step=163840 | SPS=1291
update 90/390 | step=184320 | SPS=1284
[200016] Regime switch detected! 1 -> 0. Snapshotting anchor model.
update 100/390 | step=204800 | SPS=1280
update 110/390 | step=225280 | SPS=1274
update 120/390 | step=245760 | SPS=1273
update 130/390 | step=266240 | SPS=1278
update 140/390 | step=286720 | SPS=1277
[300016] Regime switch detected! 0 -> 1. Snapshotting anchor model.
update 150/390 | step=307200 | SPS=1273
update 160/390 | step=327680 | SPS=1277
update 170/390 | step=348160 | SPS=1279
update 180/390 | step=368640 | SPS=1281
update 190/390 | step=389120 | SPS=1280
[400016] Regime switch detected! 1 -> 0. Snapshotting anchor model.
update 200/390 | step=409600 | SPS=1278
update 210/390 | step=430080 | SPS=1275
update 220/390 | step=450560 | SPS=1273
update 230/390 | step=471040 | SPS=1270
update 240/390 | step=491520 | SPS=1268
[500016] Regime switch detected! 0 -> 1. Snapshotting anchor model.
update 250/390 | step=512000 | SPS=1266
update 260/390 | step=532480 | SPS=1267
update 270/390 | step=552960 | SPS=1270
update 280/390 | step=573440 | SPS=1271
update 290/390 | step=593920 | SPS=1274
[600016] Regime switch detected! 1 -> 0. Snapshotting anchor model.
update 300/390 | step=614400 | SPS=1276
update 310/390 | step=634880 | SPS=1277
update 320/390 | step=655360 | SPS=1277
update 330/390 | step=675840 | SPS=1276
update 340/390 | step=696320 | SPS=1277
[700016] Regime switch detected! 0 -> 1. Snapshotting anchor model.
update 350/390 | step=716800 | SPS=1278
update 360/390 | step=737280 | SPS=1281
update 370/390 | step=757760 | SPS=1283
update 380/390 | step=778240 | SPS=1284
update 390/390 | step=798720 | SPS=1285
Episode 35/60 | reward=5.1170 | avg10=3.9149 | avg_success_rate=0.9500 | steps=38 | time=624.4s
  [brain ckpt] runs/calib8x8_brain_neuromod_trainable_long_seed4_20260702-040916/episode_35/brain_ep35.pt
update 10/390 | step=20480 | SPS=1243
update 20/390 | step=40960 | SPS=1254
update 30/390 | step=61440 | SPS=1275
update 40/390 | step=81920 | SPS=1271
[100016] Regime switch detected! 0 -> 1. Snapshotting anchor model.
update 50/390 | step=102400 | SPS=1268
update 60/390 | step=122880 | SPS=1266
update 70/390 | step=143360 | SPS=1256
update 80/390 | step=163840 | SPS=1253
update 90/390 | step=184320 | SPS=1254
[200016] Regime switch detected! 1 -> 0. Snapshotting anchor model.
update 100/390 | step=204800 | SPS=1249
update 110/390 | step=225280 | SPS=1245
update 120/390 | step=245760 | SPS=1245
update 130/390 | step=266240 | SPS=1245
update 140/390 | step=286720 | SPS=1247
[300016] Regime switch detected! 0 -> 1. Snapshotting anchor model.
update 150/390 | step=307200 | SPS=1248
update 160/390 | step=327680 | SPS=1254
update 170/390 | step=348160 | SPS=1256
update 180/390 | step=368640 | SPS=1254
update 190/390 | step=389120 | SPS=1253
[400016] Regime switch detected! 1 -> 0. Snapshotting anchor model.
update 200/390 | step=409600 | SPS=1252
update 210/390 | step=430080 | SPS=1253
update 220/390 | step=450560 | SPS=1251
update 230/390 | step=471040 | SPS=1253
update 240/390 | step=491520 | SPS=1252
[500016] Regime switch detected! 0 -> 1. Snapshotting anchor model.
update 250/390 | step=512000 | SPS=1250
update 260/390 | step=532480 | SPS=1248
update 270/390 | step=552960 | SPS=1245
update 280/390 | step=573440 | SPS=1244
update 290/390 | step=593920 | SPS=1243
[600016] Regime switch detected! 1 -> 0. Snapshotting anchor model.
update 300/390 | step=614400 | SPS=1241
update 310/390 | step=634880 | SPS=1240
update 320/390 | step=655360 | SPS=1240
update 330/390 | step=675840 | SPS=1238
update 340/390 | step=696320 | SPS=1238
[700016] Regime switch detected! 0 -> 1. Snapshotting anchor model.
update 350/390 | step=716800 | SPS=1237
update 360/390 | step=737280 | SPS=1238
update 370/390 | step=757760 | SPS=1240
update 380/390 | step=778240 | SPS=1243
update 390/390 | step=798720 | SPS=1245
Episode 36/60 | reward=1.1999 | avg10=3.8616 | avg_success_rate=0.8500 | steps=38 | time=644.5s
update 10/390 | step=20480 | SPS=1274
update 20/390 | step=40960 | SPS=1290
update 30/390 | step=61440 | SPS=1260
update 40/390 | step=81920 | SPS=1286
[100016] Regime switch detected! 0 -> 1. Snapshotting anchor model.
update 50/390 | step=102400 | SPS=1278
update 60/390 | step=122880 | SPS=1265
update 70/390 | step=143360 | SPS=1261
update 80/390 | step=163840 | SPS=1249
update 90/390 | step=184320 | SPS=1241
[200016] Regime switch detected! 1 -> 0. Snapshotting anchor model.
update 100/390 | step=204800 | SPS=1241
update 110/390 | step=225280 | SPS=1248
update 120/390 | step=245760 | SPS=1251
update 130/390 | step=266240 | SPS=1250
update 140/390 | step=286720 | SPS=1253
[300016] Regime switch detected! 0 -> 1. Snapshotting anchor model.
update 150/390 | step=307200 | SPS=1258
update 160/390 | step=327680 | SPS=1261
update 170/390 | step=348160 | SPS=1265
update 180/390 | step=368640 | SPS=1265
update 190/390 | step=389120 | SPS=1266
[400016] Regime switch detected! 1 -> 0. Snapshotting anchor model.
update 200/390 | step=409600 | SPS=1266
update 210/390 | step=430080 | SPS=1265
update 220/390 | step=450560 | SPS=1267
update 230/390 | step=471040 | SPS=1269
update 240/390 | step=491520 | SPS=1272
[500016] Regime switch detected! 0 -> 1. Snapshotting anchor model.
update 250/390 | step=512000 | SPS=1274
update 260/390 | step=532480 | SPS=1274
update 270/390 | step=552960 | SPS=1273
update 280/390 | step=573440 | SPS=1273
update 290/390 | step=593920 | SPS=1270
[600016] Regime switch detected! 1 -> 0. Snapshotting anchor model.
update 300/390 | step=614400 | SPS=1268
update 310/390 | step=634880 | SPS=1268
update 320/390 | step=655360 | SPS=1266
update 330/390 | step=675840 | SPS=1265
update 340/390 | step=696320 | SPS=1263
[700016] Regime switch detected! 0 -> 1. Snapshotting anchor model.
update 350/390 | step=716800 | SPS=1263
update 360/390 | step=737280 | SPS=1262
update 370/390 | step=757760 | SPS=1261
update 380/390 | step=778240 | SPS=1260
update 390/390 | step=798720 | SPS=1259
Episode 37/60 | reward=4.1824 | avg10=3.7601 | avg_success_rate=0.9600 | steps=38 | time=637.3s
update 10/390 | step=20480 | SPS=1269
update 20/390 | step=40960 | SPS=1289
update 30/390 | step=61440 | SPS=1260
update 40/390 | step=81920 | SPS=1269
[100016] Regime switch detected! 0 -> 1. Snapshotting anchor model.
update 50/390 | step=102400 | SPS=1287
update 60/390 | step=122880 | SPS=1283
update 70/390 | step=143360 | SPS=1274
update 80/390 | step=163840 | SPS=1279
update 90/390 | step=184320 | SPS=1276
[200016] Regime switch detected! 1 -> 0. Snapshotting anchor model.
update 100/390 | step=204800 | SPS=1270
update 110/390 | step=225280 | SPS=1277
update 120/390 | step=245760 | SPS=1281
update 130/390 | step=266240 | SPS=1282
update 140/390 | step=286720 | SPS=1284
[300016] Regime switch detected! 0 -> 1. Snapshotting anchor model.
update 150/390 | step=307200 | SPS=1281
update 160/390 | step=327680 | SPS=1279
update 170/390 | step=348160 | SPS=1278
update 180/390 | step=368640 | SPS=1277
update 190/390 | step=389120 | SPS=1276
[400016] Regime switch detected! 1 -> 0. Snapshotting anchor model.
update 200/390 | step=409600 | SPS=1277
update 210/390 | step=430080 | SPS=1279
update 220/390 | step=450560 | SPS=1280
update 230/390 | step=471040 | SPS=1280
update 240/390 | step=491520 | SPS=1276
[500016] Regime switch detected! 0 -> 1. Snapshotting anchor model.
update 250/390 | step=512000 | SPS=1272
update 260/390 | step=532480 | SPS=1270
update 270/390 | step=552960 | SPS=1268
update 280/390 | step=573440 | SPS=1265
update 290/390 | step=593920 | SPS=1268
[600016] Regime switch detected! 1 -> 0. Snapshotting anchor model.
update 300/390 | step=614400 | SPS=1269
update 310/390 | step=634880 | SPS=1270
update 320/390 | step=655360 | SPS=1272
update 330/390 | step=675840 | SPS=1271
update 340/390 | step=696320 | SPS=1272
[700016] Regime switch detected! 0 -> 1. Snapshotting anchor model.
update 350/390 | step=716800 | SPS=1271
update 360/390 | step=737280 | SPS=1270
update 370/390 | step=757760 | SPS=1269
update 380/390 | step=778240 | SPS=1268
update 390/390 | step=798720 | SPS=1267
Episode 38/60 | reward=5.4996 | avg10=3.8191 | avg_success_rate=0.8300 | steps=38 | time=633.4s
update 10/390 | step=20480 | SPS=1264
update 20/390 | step=40960 | SPS=1273
update 30/390 | step=61440 | SPS=1272
update 40/390 | step=81920 | SPS=1255
[100016] Regime switch detected! 0 -> 1. Snapshotting anchor model.
update 50/390 | step=102400 | SPS=1270
update 60/390 | step=122880 | SPS=1263
update 70/390 | step=143360 | SPS=1253
update 80/390 | step=163840 | SPS=1244
update 90/390 | step=184320 | SPS=1249
[200016] Regime switch detected! 1 -> 0. Snapshotting anchor model.
update 100/390 | step=204800 | SPS=1245
update 110/390 | step=225280 | SPS=1245
update 120/390 | step=245760 | SPS=1251
update 130/390 | step=266240 | SPS=1257
update 140/390 | step=286720 | SPS=1257
[300016] Regime switch detected! 0 -> 1. Snapshotting anchor model.
update 150/390 | step=307200 | SPS=1259
update 160/390 | step=327680 | SPS=1264
update 170/390 | step=348160 | SPS=1268
update 180/390 | step=368640 | SPS=1268
update 190/390 | step=389120 | SPS=1267
[400016] Regime switch detected! 1 -> 0. Snapshotting anchor model.
update 200/390 | step=409600 | SPS=1271
update 210/390 | step=430080 | SPS=1272
update 220/390 | step=450560 | SPS=1269
update 230/390 | step=471040 | SPS=1267
update 240/390 | step=491520 | SPS=1265
[500016] Regime switch detected! 0 -> 1. Snapshotting anchor model.
update 250/390 | step=512000 | SPS=1267
update 260/390 | step=532480 | SPS=1271
update 270/390 | step=552960 | SPS=1273
update 280/390 | step=573440 | SPS=1274
update 290/390 | step=593920 | SPS=1276
[600016] Regime switch detected! 1 -> 0. Snapshotting anchor model.
update 300/390 | step=614400 | SPS=1278
update 310/390 | step=634880 | SPS=1281
update 320/390 | step=655360 | SPS=1283
update 330/390 | step=675840 | SPS=1283
update 340/390 | step=696320 | SPS=1285
[700016] Regime switch detected! 0 -> 1. Snapshotting anchor model.
update 350/390 | step=716800 | SPS=1288
update 360/390 | step=737280 | SPS=1287
update 370/390 | step=757760 | SPS=1288
update 380/390 | step=778240 | SPS=1286
update 390/390 | step=798720 | SPS=1284
Episode 39/60 | reward=3.3984 | avg10=3.6323 | avg_success_rate=0.8700 | steps=38 | time=624.7s
update 10/390 | step=20480 | SPS=1272
update 20/390 | step=40960 | SPS=1275
update 30/390 | step=61440 | SPS=1252
update 40/390 | step=81920 | SPS=1251
[100016] Regime switch detected! 0 -> 1. Snapshotting anchor model.
update 50/390 | step=102400 | SPS=1274
update 60/390 | step=122880 | SPS=1287
update 70/390 | step=143360 | SPS=1291
update 80/390 | step=163840 | SPS=1295
update 90/390 | step=184320 | SPS=1293
[200016] Regime switch detected! 1 -> 0. Snapshotting anchor model.
update 100/390 | step=204800 | SPS=1297
update 110/390 | step=225280 | SPS=1301
update 120/390 | step=245760 | SPS=1306
update 130/390 | step=266240 | SPS=1310
update 140/390 | step=286720 | SPS=1310
[300016] Regime switch detected! 0 -> 1. Snapshotting anchor model.
update 150/390 | step=307200 | SPS=1312
update 160/390 | step=327680 | SPS=1314
update 170/390 | step=348160 | SPS=1312
update 180/390 | step=368640 | SPS=1310
update 190/390 | step=389120 | SPS=1306
[400016] Regime switch detected! 1 -> 0. Snapshotting anchor model.
update 200/390 | step=409600 | SPS=1300
update 210/390 | step=430080 | SPS=1301
update 220/390 | step=450560 | SPS=1299
update 230/390 | step=471040 | SPS=1300
update 240/390 | step=491520 | SPS=1297
[500016] Regime switch detected! 0 -> 1. Snapshotting anchor model.
update 250/390 | step=512000 | SPS=1297
update 260/390 | step=532480 | SPS=1299
update 270/390 | step=552960 | SPS=1300
update 280/390 | step=573440 | SPS=1298
update 290/390 | step=593920 | SPS=1297
[600016] Regime switch detected! 1 -> 0. Snapshotting anchor model.
update 300/390 | step=614400 | SPS=1298
update 310/390 | step=634880 | SPS=1294
update 320/390 | step=655360 | SPS=1295
update 330/390 | step=675840 | SPS=1296
update 340/390 | step=696320 | SPS=1296
[700016] Regime switch detected! 0 -> 1. Snapshotting anchor model.
update 350/390 | step=716800 | SPS=1299
update 360/390 | step=737280 | SPS=1300
update 370/390 | step=757760 | SPS=1300
update 380/390 | step=778240 | SPS=1299
update 390/390 | step=798720 | SPS=1296
Episode 40/60 | reward=4.4500 | avg10=3.5787 | avg_success_rate=0.9700 | steps=38 | time=619.4s
  [brain ckpt] runs/calib8x8_brain_neuromod_trainable_long_seed4_20260702-040916/episode_40/brain_ep40.pt
update 10/390 | step=20480 | SPS=1355
update 20/390 | step=40960 | SPS=1291
update 30/390 | step=61440 | SPS=1270
update 40/390 | step=81920 | SPS=1276
[100016] Regime switch detected! 0 -> 1. Snapshotting anchor model.
update 50/390 | step=102400 | SPS=1271
update 60/390 | step=122880 | SPS=1260
update 70/390 | step=143360 | SPS=1254
update 80/390 | step=163840 | SPS=1256
update 90/390 | step=184320 | SPS=1255
[200016] Regime switch detected! 1 -> 0. Snapshotting anchor model.
update 100/390 | step=204800 | SPS=1257
update 110/390 | step=225280 | SPS=1263
update 120/390 | step=245760 | SPS=1270
update 130/390 | step=266240 | SPS=1275
update 140/390 | step=286720 | SPS=1279
[300016] Regime switch detected! 0 -> 1. Snapshotting anchor model.
update 150/390 | step=307200 | SPS=1284
update 160/390 | step=327680 | SPS=1288
update 170/390 | step=348160 | SPS=1291
update 180/390 | step=368640 | SPS=1291
update 190/390 | step=389120 | SPS=1288
[400016] Regime switch detected! 1 -> 0. Snapshotting anchor model.
update 200/390 | step=409600 | SPS=1288
update 210/390 | step=430080 | SPS=1288
update 220/390 | step=450560 | SPS=1286
update 230/390 | step=471040 | SPS=1283
update 240/390 | step=491520 | SPS=1279
[500016] Regime switch detected! 0 -> 1. Snapshotting anchor model.
update 250/390 | step=512000 | SPS=1279
update 260/390 | step=532480 | SPS=1280
update 270/390 | step=552960 | SPS=1282
update 280/390 | step=573440 | SPS=1284
update 290/390 | step=593920 | SPS=1285
[600016] Regime switch detected! 1 -> 0. Snapshotting anchor model.
update 300/390 | step=614400 | SPS=1286
update 310/390 | step=634880 | SPS=1283
update 320/390 | step=655360 | SPS=1281
update 330/390 | step=675840 | SPS=1279
update 340/390 | step=696320 | SPS=1277
[700016] Regime switch detected! 0 -> 1. Snapshotting anchor model.
update 350/390 | step=716800 | SPS=1277
update 360/390 | step=737280 | SPS=1276
update 370/390 | step=757760 | SPS=1277
update 380/390 | step=778240 | SPS=1277
update 390/390 | step=798720 | SPS=1278
Episode 41/60 | reward=1.9554 | avg10=3.5495 | avg_success_rate=0.9300 | steps=38 | time=627.7s
update 10/390 | step=20480 | SPS=1315
update 20/390 | step=40960 | SPS=1317
update 30/390 | step=61440 | SPS=1313
update 40/390 | step=81920 | SPS=1314
[100016] Regime switch detected! 0 -> 1. Snapshotting anchor model.
update 50/390 | step=102400 | SPS=1320
update 60/390 | step=122880 | SPS=1322
update 70/390 | step=143360 | SPS=1320
update 80/390 | step=163840 | SPS=1321
update 90/390 | step=184320 | SPS=1321
[200016] Regime switch detected! 1 -> 0. Snapshotting anchor model.
update 100/390 | step=204800 | SPS=1320
update 110/390 | step=225280 | SPS=1319
update 120/390 | step=245760 | SPS=1316
update 130/390 | step=266240 | SPS=1310
update 140/390 | step=286720 | SPS=1306
[300016] Regime switch detected! 0 -> 1. Snapshotting anchor model.
update 150/390 | step=307200 | SPS=1303
update 160/390 | step=327680 | SPS=1301
update 170/390 | step=348160 | SPS=1296
update 180/390 | step=368640 | SPS=1291
update 190/390 | step=389120 | SPS=1287
[400016] Regime switch detected! 1 -> 0. Snapshotting anchor model.
update 200/390 | step=409600 | SPS=1288
update 210/390 | step=430080 | SPS=1290
update 220/390 | step=450560 | SPS=1292
update 230/390 | step=471040 | SPS=1294
update 240/390 | step=491520 | SPS=1296
[500016] Regime switch detected! 0 -> 1. Snapshotting anchor model.
update 250/390 | step=512000 | SPS=1299
update 260/390 | step=532480 | SPS=1299
update 270/390 | step=552960 | SPS=1301
update 280/390 | step=573440 | SPS=1300
update 290/390 | step=593920 | SPS=1298
[600016] Regime switch detected! 1 -> 0. Snapshotting anchor model.
update 300/390 | step=614400 | SPS=1296
update 310/390 | step=634880 | SPS=1292
update 320/390 | step=655360 | SPS=1290
update 330/390 | step=675840 | SPS=1292
update 340/390 | step=696320 | SPS=1292
[700016] Regime switch detected! 0 -> 1. Snapshotting anchor model.
update 350/390 | step=716800 | SPS=1289
update 360/390 | step=737280 | SPS=1290
update 370/390 | step=757760 | SPS=1290
update 380/390 | step=778240 | SPS=1291
update 390/390 | step=798720 | SPS=1292
Episode 42/60 | reward=0.3815 | avg10=3.1180 | avg_success_rate=0.7900 | steps=38 | time=621.1s
update 10/390 | step=20480 | SPS=1275
update 20/390 | step=40960 | SPS=1287
update 30/390 | step=61440 | SPS=1258
update 40/390 | step=81920 | SPS=1247
[100016] Regime switch detected! 0 -> 1. Snapshotting anchor model.
update 50/390 | step=102400 | SPS=1246
update 60/390 | step=122880 | SPS=1242
update 70/390 | step=143360 | SPS=1244
update 80/390 | step=163840 | SPS=1249
update 90/390 | step=184320 | SPS=1252
[200016] Regime switch detected! 1 -> 0. Snapshotting anchor model.
update 100/390 | step=204800 | SPS=1258
update 110/390 | step=225280 | SPS=1260
update 120/390 | step=245760 | SPS=1265
update 130/390 | step=266240 | SPS=1269
update 140/390 | step=286720 | SPS=1267
[300016] Regime switch detected! 0 -> 1. Snapshotting anchor model.
update 150/390 | step=307200 | SPS=1268
update 160/390 | step=327680 | SPS=1266
update 170/390 | step=348160 | SPS=1265
update 180/390 | step=368640 | SPS=1263
update 190/390 | step=389120 | SPS=1258
[400016] Regime switch detected! 1 -> 0. Snapshotting anchor model.
update 200/390 | step=409600 | SPS=1259
update 210/390 | step=430080 | SPS=1262
update 220/390 | step=450560 | SPS=1264
update 230/390 | step=471040 | SPS=1267
update 240/390 | step=491520 | SPS=1267
[500016] Regime switch detected! 0 -> 1. Snapshotting anchor model.
update 250/390 | step=512000 | SPS=1264
update 260/390 | step=532480 | SPS=1267
update 270/390 | step=552960 | SPS=1269
update 280/390 | step=573440 | SPS=1271
update 290/390 | step=593920 | SPS=1274
[600016] Regime switch detected! 1 -> 0. Snapshotting anchor model.
update 300/390 | step=614400 | SPS=1275
update 310/390 | step=634880 | SPS=1273
update 320/390 | step=655360 | SPS=1270
update 330/390 | step=675840 | SPS=1268
update 340/390 | step=696320 | SPS=1268
[700016] Regime switch detected! 0 -> 1. Snapshotting anchor model.
update 350/390 | step=716800 | SPS=1267
update 360/390 | step=737280 | SPS=1268
update 370/390 | step=757760 | SPS=1270
update 380/390 | step=778240 | SPS=1272
update 390/390 | step=798720 | SPS=1273
Episode 43/60 | reward=2.0830 | avg10=3.3504 | avg_success_rate=0.8900 | steps=38 | time=630.1s
update 10/390 | step=20480 | SPS=1281
update 20/390 | step=40960 | SPS=1252
update 30/390 | step=61440 | SPS=1229
update 40/390 | step=81920 | SPS=1229
[100016] Regime switch detected! 0 -> 1. Snapshotting anchor model.
update 50/390 | step=102400 | SPS=1231
update 60/390 | step=122880 | SPS=1231
update 70/390 | step=143360 | SPS=1228
update 80/390 | step=163840 | SPS=1226
update 90/390 | step=184320 | SPS=1225
[200016] Regime switch detected! 1 -> 0. Snapshotting anchor model.
update 100/390 | step=204800 | SPS=1223
update 110/390 | step=225280 | SPS=1222
update 120/390 | step=245760 | SPS=1223
update 130/390 | step=266240 | SPS=1228
update 140/390 | step=286720 | SPS=1231
[300016] Regime switch detected! 0 -> 1. Snapshotting anchor model.
update 150/390 | step=307200 | SPS=1231
update 160/390 | step=327680 | SPS=1235
update 170/390 | step=348160 | SPS=1239
update 180/390 | step=368640 | SPS=1239
update 190/390 | step=389120 | SPS=1236
[400016] Regime switch detected! 1 -> 0. Snapshotting anchor model.
update 200/390 | step=409600 | SPS=1237
update 210/390 | step=430080 | SPS=1240
update 220/390 | step=450560 | SPS=1242
update 230/390 | step=471040 | SPS=1245
update 240/390 | step=491520 | SPS=1246
[500016] Regime switch detected! 0 -> 1. Snapshotting anchor model.
update 250/390 | step=512000 | SPS=1248
update 260/390 | step=532480 | SPS=1250
update 270/390 | step=552960 | SPS=1253
update 280/390 | step=573440 | SPS=1252
update 290/390 | step=593920 | SPS=1254
[600016] Regime switch detected! 1 -> 0. Snapshotting anchor model.
update 300/390 | step=614400 | SPS=1257
update 310/390 | step=634880 | SPS=1257
update 320/390 | step=655360 | SPS=1255
update 330/390 | step=675840 | SPS=1256
update 340/390 | step=696320 | SPS=1259
[700016] Regime switch detected! 0 -> 1. Snapshotting anchor model.
update 350/390 | step=716800 | SPS=1258
update 360/390 | step=737280 | SPS=1256
update 370/390 | step=757760 | SPS=1254
update 380/390 | step=778240 | SPS=1254
update 390/390 | step=798720 | SPS=1254
Episode 44/60 | reward=3.4278 | avg10=3.1695 | avg_success_rate=0.9100 | steps=38 | time=639.8s
update 10/390 | step=20480 | SPS=1284
update 20/390 | step=40960 | SPS=1251
update 30/390 | step=61440 | SPS=1234
update 40/390 | step=81920 | SPS=1258
[100016] Regime switch detected! 0 -> 1. Snapshotting anchor model.
update 50/390 | step=102400 | SPS=1271
update 60/390 | step=122880 | SPS=1278
update 70/390 | step=143360 | SPS=1267
update 80/390 | step=163840 | SPS=1264
update 90/390 | step=184320 | SPS=1266
[200016] Regime switch detected! 1 -> 0. Snapshotting anchor model.
update 100/390 | step=204800 | SPS=1272
update 110/390 | step=225280 | SPS=1278
update 120/390 | step=245760 | SPS=1281
update 130/390 | step=266240 | SPS=1282
update 140/390 | step=286720 | SPS=1285
[300016] Regime switch detected! 0 -> 1. Snapshotting anchor model.
update 150/390 | step=307200 | SPS=1284
update 160/390 | step=327680 | SPS=1279
update 170/390 | step=348160 | SPS=1277
update 180/390 | step=368640 | SPS=1279
update 190/390 | step=389120 | SPS=1280
[400016] Regime switch detected! 1 -> 0. Snapshotting anchor model.
update 200/390 | step=409600 | SPS=1277
update 210/390 | step=430080 | SPS=1276
update 220/390 | step=450560 | SPS=1278
update 230/390 | step=471040 | SPS=1279
update 240/390 | step=491520 | SPS=1281
[500016] Regime switch detected! 0 -> 1. Snapshotting anchor model.
update 250/390 | step=512000 | SPS=1283
update 260/390 | step=532480 | SPS=1284
update 270/390 | step=552960 | SPS=1286
update 280/390 | step=573440 | SPS=1284
update 290/390 | step=593920 | SPS=1281
[600016] Regime switch detected! 1 -> 0. Snapshotting anchor model.
update 300/390 | step=614400 | SPS=1282
update 310/390 | step=634880 | SPS=1280
update 320/390 | step=655360 | SPS=1281
update 330/390 | step=675840 | SPS=1282
update 340/390 | step=696320 | SPS=1283
[700016] Regime switch detected! 0 -> 1. Snapshotting anchor model.
update 350/390 | step=716800 | SPS=1285
update 360/390 | step=737280 | SPS=1285
update 370/390 | step=757760 | SPS=1285
update 380/390 | step=778240 | SPS=1286
update 390/390 | step=798720 | SPS=1287
Episode 45/60 | reward=4.3761 | avg10=3.0954 | avg_success_rate=0.6300 | steps=38 | time=623.6s
  [brain ckpt] runs/calib8x8_brain_neuromod_trainable_long_seed4_20260702-040916/episode_45/brain_ep45.pt
update 10/390 | step=20480 | SPS=1274
update 20/390 | step=40960 | SPS=1250
update 30/390 | step=61440 | SPS=1230
update 40/390 | step=81920 | SPS=1234
[100016] Regime switch detected! 0 -> 1. Snapshotting anchor model.
update 50/390 | step=102400 | SPS=1248
update 60/390 | step=122880 | SPS=1245
update 70/390 | step=143360 | SPS=1255
update 80/390 | step=163840 | SPS=1261
update 90/390 | step=184320 | SPS=1258
[200016] Regime switch detected! 1 -> 0. Snapshotting anchor model.
update 100/390 | step=204800 | SPS=1256
update 110/390 | step=225280 | SPS=1263
update 120/390 | step=245760 | SPS=1262
update 130/390 | step=266240 | SPS=1265
update 140/390 | step=286720 | SPS=1267
[300016] Regime switch detected! 0 -> 1. Snapshotting anchor model.
update 150/390 | step=307200 | SPS=1271
update 160/390 | step=327680 | SPS=1271
update 170/390 | step=348160 | SPS=1276
update 180/390 | step=368640 | SPS=1276
update 190/390 | step=389120 | SPS=1277
[400016] Regime switch detected! 1 -> 0. Snapshotting anchor model.
update 200/390 | step=409600 | SPS=1280
update 210/390 | step=430080 | SPS=1278
update 220/390 | step=450560 | SPS=1276
update 230/390 | step=471040 | SPS=1271
update 240/390 | step=491520 | SPS=1272
[500016] Regime switch detected! 0 -> 1. Snapshotting anchor model.
update 250/390 | step=512000 | SPS=1272
update 260/390 | step=532480 | SPS=1269
update 270/390 | step=552960 | SPS=1265
update 280/390 | step=573440 | SPS=1263
update 290/390 | step=593920 | SPS=1264
[600016] Regime switch detected! 1 -> 0. Snapshotting anchor model.
update 300/390 | step=614400 | SPS=1264
update 310/390 | step=634880 | SPS=1263
update 320/390 | step=655360 | SPS=1266
update 330/390 | step=675840 | SPS=1268
update 340/390 | step=696320 | SPS=1271
[700016] Regime switch detected! 0 -> 1. Snapshotting anchor model.
update 350/390 | step=716800 | SPS=1273
update 360/390 | step=737280 | SPS=1274
update 370/390 | step=757760 | SPS=1275
update 380/390 | step=778240 | SPS=1276
update 390/390 | step=798720 | SPS=1276
Episode 46/60 | reward=3.5244 | avg10=3.3279 | avg_success_rate=0.9500 | steps=38 | time=628.9s
update 10/390 | step=20480 | SPS=1256
update 20/390 | step=40960 | SPS=1282
update 30/390 | step=61440 | SPS=1252
update 40/390 | step=81920 | SPS=1247
[100016] Regime switch detected! 0 -> 1. Snapshotting anchor model.
update 50/390 | step=102400 | SPS=1263
update 60/390 | step=122880 | SPS=1272
update 70/390 | step=143360 | SPS=1265
update 80/390 | step=163840 | SPS=1258
update 90/390 | step=184320 | SPS=1263
[200016] Regime switch detected! 1 -> 0. Snapshotting anchor model.
update 100/390 | step=204800 | SPS=1259
update 110/390 | step=225280 | SPS=1254
update 120/390 | step=245760 | SPS=1257
update 130/390 | step=266240 | SPS=1262
update 140/390 | step=286720 | SPS=1259
[300016] Regime switch detected! 0 -> 1. Snapshotting anchor model.
update 150/390 | step=307200 | SPS=1256
update 160/390 | step=327680 | SPS=1253
update 170/390 | step=348160 | SPS=1253
update 180/390 | step=368640 | SPS=1251
update 190/390 | step=389120 | SPS=1248
[400016] Regime switch detected! 1 -> 0. Snapshotting anchor model.
update 200/390 | step=409600 | SPS=1250
update 210/390 | step=430080 | SPS=1254
update 220/390 | step=450560 | SPS=1258
update 230/390 | step=471040 | SPS=1261
update 240/390 | step=491520 | SPS=1264
[500016] Regime switch detected! 0 -> 1. Snapshotting anchor model.
update 250/390 | step=512000 | SPS=1267
update 260/390 | step=532480 | SPS=1267
update 270/390 | step=552960 | SPS=1265
update 280/390 | step=573440 | SPS=1262
update 290/390 | step=593920 | SPS=1261
[600016] Regime switch detected! 1 -> 0. Snapshotting anchor model.
update 300/390 | step=614400 | SPS=1261
update 310/390 | step=634880 | SPS=1261
update 320/390 | step=655360 | SPS=1260
update 330/390 | step=675840 | SPS=1259
update 340/390 | step=696320 | SPS=1261
[700016] Regime switch detected! 0 -> 1. Snapshotting anchor model.
update 350/390 | step=716800 | SPS=1263
update 360/390 | step=737280 | SPS=1264
update 370/390 | step=757760 | SPS=1265
update 380/390 | step=778240 | SPS=1267
update 390/390 | step=798720 | SPS=1265
Episode 47/60 | reward=3.4723 | avg10=3.2568 | avg_success_rate=0.8700 | steps=38 | time=634.0s
update 10/390 | step=20480 | SPS=1259
update 20/390 | step=40960 | SPS=1245
update 30/390 | step=61440 | SPS=1238
update 40/390 | step=81920 | SPS=1236
[100016] Regime switch detected! 0 -> 1. Snapshotting anchor model.
update 50/390 | step=102400 | SPS=1239
update 60/390 | step=122880 | SPS=1239
update 70/390 | step=143360 | SPS=1231
update 80/390 | step=163840 | SPS=1237
update 90/390 | step=184320 | SPS=1247
[200016] Regime switch detected! 1 -> 0. Snapshotting anchor model.
update 100/390 | step=204800 | SPS=1253
update 110/390 | step=225280 | SPS=1258
update 120/390 | step=245760 | SPS=1259
update 130/390 | step=266240 | SPS=1253
update 140/390 | step=286720 | SPS=1249
[300016] Regime switch detected! 0 -> 1. Snapshotting anchor model.
update 150/390 | step=307200 | SPS=1248
update 160/390 | step=327680 | SPS=1245
update 170/390 | step=348160 | SPS=1248
update 180/390 | step=368640 | SPS=1250
update 190/390 | step=389120 | SPS=1248
[400016] Regime switch detected! 1 -> 0. Snapshotting anchor model.
update 200/390 | step=409600 | SPS=1249
update 210/390 | step=430080 | SPS=1251
update 220/390 | step=450560 | SPS=1247
update 230/390 | step=471040 | SPS=1249
update 240/390 | step=491520 | SPS=1251
[500016] Regime switch detected! 0 -> 1. Snapshotting anchor model.
update 250/390 | step=512000 | SPS=1254
update 260/390 | step=532480 | SPS=1257
update 270/390 | step=552960 | SPS=1259
update 280/390 | step=573440 | SPS=1262
update 290/390 | step=593920 | SPS=1263
[600016] Regime switch detected! 1 -> 0. Snapshotting anchor model.
update 300/390 | step=614400 | SPS=1264
update 310/390 | step=634880 | SPS=1266
update 320/390 | step=655360 | SPS=1267
update 330/390 | step=675840 | SPS=1269
update 340/390 | step=696320 | SPS=1269
[700016] Regime switch detected! 0 -> 1. Snapshotting anchor model.
update 350/390 | step=716800 | SPS=1271
update 360/390 | step=737280 | SPS=1272
update 370/390 | step=757760 | SPS=1274
update 380/390 | step=778240 | SPS=1276
update 390/390 | step=798720 | SPS=1277
Episode 48/60 | reward=4.5862 | avg10=3.1655 | avg_success_rate=0.9500 | steps=38 | time=628.2s
update 10/390 | step=20480 | SPS=1288
update 20/390 | step=40960 | SPS=1275
update 30/390 | step=61440 | SPS=1282
update 40/390 | step=81920 | SPS=1276
[100016] Regime switch detected! 0 -> 1. Snapshotting anchor model.
update 50/390 | step=102400 | SPS=1285
update 60/390 | step=122880 | SPS=1285
update 70/390 | step=143360 | SPS=1288
update 80/390 | step=163840 | SPS=1278
update 90/390 | step=184320 | SPS=1280
[200016] Regime switch detected! 1 -> 0. Snapshotting anchor model.
update 100/390 | step=204800 | SPS=1284
update 110/390 | step=225280 | SPS=1280
update 120/390 | step=245760 | SPS=1277
update 130/390 | step=266240 | SPS=1271
update 140/390 | step=286720 | SPS=1264
[300016] Regime switch detected! 0 -> 1. Snapshotting anchor model.
update 150/390 | step=307200 | SPS=1265
update 160/390 | step=327680 | SPS=1269
update 170/390 | step=348160 | SPS=1273
update 180/390 | step=368640 | SPS=1270
update 190/390 | step=389120 | SPS=1266
[400016] Regime switch detected! 1 -> 0. Snapshotting anchor model.
update 200/390 | step=409600 | SPS=1264
update 210/390 | step=430080 | SPS=1266
update 220/390 | step=450560 | SPS=1265
update 230/390 | step=471040 | SPS=1264
update 240/390 | step=491520 | SPS=1266
[500016] Regime switch detected! 0 -> 1. Snapshotting anchor model.
update 250/390 | step=512000 | SPS=1263
update 260/390 | step=532480 | SPS=1264
update 270/390 | step=552960 | SPS=1263
update 280/390 | step=573440 | SPS=1261
update 290/390 | step=593920 | SPS=1261
[600016] Regime switch detected! 1 -> 0. Snapshotting anchor model.
update 300/390 | step=614400 | SPS=1264
update 310/390 | step=634880 | SPS=1266
update 320/390 | step=655360 | SPS=1267
update 330/390 | step=675840 | SPS=1269
update 340/390 | step=696320 | SPS=1271
[700016] Regime switch detected! 0 -> 1. Snapshotting anchor model.
update 350/390 | step=716800 | SPS=1272
update 360/390 | step=737280 | SPS=1270
update 370/390 | step=757760 | SPS=1270
update 380/390 | step=778240 | SPS=1268
update 390/390 | step=798720 | SPS=1266
Episode 49/60 | reward=1.8245 | avg10=3.0081 | avg_success_rate=0.7800 | steps=38 | time=633.8s
update 10/390 | step=20480 | SPS=1308
update 20/390 | step=40960 | SPS=1286
update 30/390 | step=61440 | SPS=1263
update 40/390 | step=81920 | SPS=1268
[100016] Regime switch detected! 0 -> 1. Snapshotting anchor model.
update 50/390 | step=102400 | SPS=1278
update 60/390 | step=122880 | SPS=1280
update 70/390 | step=143360 | SPS=1280
update 80/390 | step=163840 | SPS=1273
update 90/390 | step=184320 | SPS=1274
[200016] Regime switch detected! 1 -> 0. Snapshotting anchor model.
update 100/390 | step=204800 | SPS=1267
update 110/390 | step=225280 | SPS=1261
update 120/390 | step=245760 | SPS=1260
update 130/390 | step=266240 | SPS=1254
update 140/390 | step=286720 | SPS=1255
[300016] Regime switch detected! 0 -> 1. Snapshotting anchor model.
update 150/390 | step=307200 | SPS=1252
update 160/390 | step=327680 | SPS=1249
update 170/390 | step=348160 | SPS=1249
update 180/390 | step=368640 | SPS=1251
update 190/390 | step=389120 | SPS=1254
[400016] Regime switch detected! 1 -> 0. Snapshotting anchor model.
update 200/390 | step=409600 | SPS=1255
update 210/390 | step=430080 | SPS=1257
update 220/390 | step=450560 | SPS=1257
update 230/390 | step=471040 | SPS=1259
update 240/390 | step=491520 | SPS=1262
[500016] Regime switch detected! 0 -> 1. Snapshotting anchor model.
update 250/390 | step=512000 | SPS=1264
update 260/390 | step=532480 | SPS=1266
update 270/390 | step=552960 | SPS=1268
update 280/390 | step=573440 | SPS=1269
update 290/390 | step=593920 | SPS=1271
[600016] Regime switch detected! 1 -> 0. Snapshotting anchor model.
update 300/390 | step=614400 | SPS=1273
update 310/390 | step=634880 | SPS=1275
update 320/390 | step=655360 | SPS=1275
update 330/390 | step=675840 | SPS=1274
update 340/390 | step=696320 | SPS=1274
[700016] Regime switch detected! 0 -> 1. Snapshotting anchor model.
update 350/390 | step=716800 | SPS=1276
update 360/390 | step=737280 | SPS=1278
update 370/390 | step=757760 | SPS=1279
update 380/390 | step=778240 | SPS=1277
update 390/390 | step=798720 | SPS=1277
Episode 50/60 | reward=3.2103 | avg10=2.8842 | avg_success_rate=0.9200 | steps=38 | time=628.0s
  [brain ckpt] runs/calib8x8_brain_neuromod_trainable_long_seed4_20260702-040916/episode_50/brain_ep50.pt
update 10/390 | step=20480 | SPS=1405
update 20/390 | step=40960 | SPS=1309
update 30/390 | step=61440 | SPS=1278
update 40/390 | step=81920 | SPS=1297
[100016] Regime switch detected! 0 -> 1. Snapshotting anchor model.
update 50/390 | step=102400 | SPS=1298
update 60/390 | step=122880 | SPS=1305
update 70/390 | step=143360 | SPS=1300
update 80/390 | step=163840 | SPS=1287
update 90/390 | step=184320 | SPS=1288
[200016] Regime switch detected! 1 -> 0. Snapshotting anchor model.
update 100/390 | step=204800 | SPS=1294
update 110/390 | step=225280 | SPS=1299
update 120/390 | step=245760 | SPS=1296
update 130/390 | step=266240 | SPS=1288
update 140/390 | step=286720 | SPS=1282
[300016] Regime switch detected! 0 -> 1. Snapshotting anchor model.
update 150/390 | step=307200 | SPS=1280
update 160/390 | step=327680 | SPS=1277
update 170/390 | step=348160 | SPS=1280
update 180/390 | step=368640 | SPS=1280
update 190/390 | step=389120 | SPS=1280
[400016] Regime switch detected! 1 -> 0. Snapshotting anchor model.
update 200/390 | step=409600 | SPS=1282
update 210/390 | step=430080 | SPS=1282
update 220/390 | step=450560 | SPS=1282
update 230/390 | step=471040 | SPS=1283
update 240/390 | step=491520 | SPS=1279
[500016] Regime switch detected! 0 -> 1. Snapshotting anchor model.
update 250/390 | step=512000 | SPS=1277
update 260/390 | step=532480 | SPS=1274
update 270/390 | step=552960 | SPS=1272
update 280/390 | step=573440 | SPS=1272
update 290/390 | step=593920 | SPS=1272
[600016] Regime switch detected! 1 -> 0. Snapshotting anchor model.
update 300/390 | step=614400 | SPS=1272
update 310/390 | step=634880 | SPS=1270
update 320/390 | step=655360 | SPS=1269
update 330/390 | step=675840 | SPS=1270
update 340/390 | step=696320 | SPS=1272
[700016] Regime switch detected! 0 -> 1. Snapshotting anchor model.
update 350/390 | step=716800 | SPS=1273
update 360/390 | step=737280 | SPS=1271
update 370/390 | step=757760 | SPS=1270
update 380/390 | step=778240 | SPS=1271
update 390/390 | step=798720 | SPS=1271
Episode 51/60 | reward=3.7633 | avg10=3.0649 | avg_success_rate=0.9700 | steps=38 | time=631.0s
update 10/390 | step=20480 | SPS=1380
update 20/390 | step=40960 | SPS=1292
update 30/390 | step=61440 | SPS=1259
update 40/390 | step=81920 | SPS=1272
[100016] Regime switch detected! 0 -> 1. Snapshotting anchor model.
update 50/390 | step=102400 | SPS=1268
update 60/390 | step=122880 | SPS=1278
update 70/390 | step=143360 | SPS=1283
update 80/390 | step=163840 | SPS=1287
update 90/390 | step=184320 | SPS=1286
[200016] Regime switch detected! 1 -> 0. Snapshotting anchor model.
update 100/390 | step=204800 | SPS=1279
update 110/390 | step=225280 | SPS=1282
update 120/390 | step=245760 | SPS=1280
update 130/390 | step=266240 | SPS=1286
update 140/390 | step=286720 | SPS=1288
[300016] Regime switch detected! 0 -> 1. Snapshotting anchor model.
update 150/390 | step=307200 | SPS=1283
update 160/390 | step=327680 | SPS=1281
update 170/390 | step=348160 | SPS=1280
update 180/390 | step=368640 | SPS=1278
update 190/390 | step=389120 | SPS=1279
[400016] Regime switch detected! 1 -> 0. Snapshotting anchor model.
update 200/390 | step=409600 | SPS=1278
update 210/390 | step=430080 | SPS=1280
update 220/390 | step=450560 | SPS=1281
update 230/390 | step=471040 | SPS=1283
update 240/390 | step=491520 | SPS=1280
[500016] Regime switch detected! 0 -> 1. Snapshotting anchor model.
update 250/390 | step=512000 | SPS=1282
update 260/390 | step=532480 | SPS=1284
update 270/390 | step=552960 | SPS=1285
update 280/390 | step=573440 | SPS=1284
update 290/390 | step=593920 | SPS=1285
[600016] Regime switch detected! 1 -> 0. Snapshotting anchor model.
update 300/390 | step=614400 | SPS=1284
update 310/390 | step=634880 | SPS=1285
update 320/390 | step=655360 | SPS=1282
update 330/390 | step=675840 | SPS=1282
update 340/390 | step=696320 | SPS=1281
[700016] Regime switch detected! 0 -> 1. Snapshotting anchor model.
update 350/390 | step=716800 | SPS=1279
update 360/390 | step=737280 | SPS=1277
update 370/390 | step=757760 | SPS=1275
update 380/390 | step=778240 | SPS=1276
update 390/390 | step=798720 | SPS=1277
Episode 52/60 | reward=3.0381 | avg10=3.3306 | avg_success_rate=0.9100 | steps=38 | time=628.5s
update 10/390 | step=20480 | SPS=1310
update 20/390 | step=40960 | SPS=1325
update 30/390 | step=61440 | SPS=1319
update 40/390 | step=81920 | SPS=1314
[100016] Regime switch detected! 0 -> 1. Snapshotting anchor model.
update 50/390 | step=102400 | SPS=1299
update 60/390 | step=122880 | SPS=1304
update 70/390 | step=143360 | SPS=1294
update 80/390 | step=163840 | SPS=1285
update 90/390 | step=184320 | SPS=1277
[200016] Regime switch detected! 1 -> 0. Snapshotting anchor model.
update 100/390 | step=204800 | SPS=1277
update 110/390 | step=225280 | SPS=1284
update 120/390 | step=245760 | SPS=1288
update 130/390 | step=266240 | SPS=1288
update 140/390 | step=286720 | SPS=1289
[300016] Regime switch detected! 0 -> 1. Snapshotting anchor model.
update 150/390 | step=307200 | SPS=1289
update 160/390 | step=327680 | SPS=1284
update 170/390 | step=348160 | SPS=1280
update 180/390 | step=368640 | SPS=1274
update 190/390 | step=389120 | SPS=1269
[400016] Regime switch detected! 1 -> 0. Snapshotting anchor model.
update 200/390 | step=409600 | SPS=1267
update 210/390 | step=430080 | SPS=1267
update 220/390 | step=450560 | SPS=1267
update 230/390 | step=471040 | SPS=1264
update 240/390 | step=491520 | SPS=1261
[500016] Regime switch detected! 0 -> 1. Snapshotting anchor model.
update 250/390 | step=512000 | SPS=1260
update 260/390 | step=532480 | SPS=1258
update 270/390 | step=552960 | SPS=1259
update 280/390 | step=573440 | SPS=1257
update 290/390 | step=593920 | SPS=1257
[600016] Regime switch detected! 1 -> 0. Snapshotting anchor model.
update 300/390 | step=614400 | SPS=1258
update 310/390 | step=634880 | SPS=1261
update 320/390 | step=655360 | SPS=1263
update 330/390 | step=675840 | SPS=1265
update 340/390 | step=696320 | SPS=1267
[700016] Regime switch detected! 0 -> 1. Snapshotting anchor model.
update 350/390 | step=716800 | SPS=1267
update 360/390 | step=737280 | SPS=1266
update 370/390 | step=757760 | SPS=1265
update 380/390 | step=778240 | SPS=1266
update 390/390 | step=798720 | SPS=1267
Episode 53/60 | reward=5.7774 | avg10=3.7000 | avg_success_rate=0.9600 | steps=38 | time=633.2s
update 10/390 | step=20480 | SPS=1244
update 20/390 | step=40960 | SPS=1273
update 30/390 | step=61440 | SPS=1297
update 40/390 | step=81920 | SPS=1308
[100016] Regime switch detected! 0 -> 1. Snapshotting anchor model.
update 50/390 | step=102400 | SPS=1310
update 60/390 | step=122880 | SPS=1313
update 70/390 | step=143360 | SPS=1314
update 80/390 | step=163840 | SPS=1317
update 90/390 | step=184320 | SPS=1319
[200016] Regime switch detected! 1 -> 0. Snapshotting anchor model.
update 100/390 | step=204800 | SPS=1319
update 110/390 | step=225280 | SPS=1308
update 120/390 | step=245760 | SPS=1307
update 130/390 | step=266240 | SPS=1307
update 140/390 | step=286720 | SPS=1307
[300016] Regime switch detected! 0 -> 1. Snapshotting anchor model.
update 150/390 | step=307200 | SPS=1308
update 160/390 | step=327680 | SPS=1309
update 170/390 | step=348160 | SPS=1308
update 180/390 | step=368640 | SPS=1304
update 190/390 | step=389120 | SPS=1297
[400016] Regime switch detected! 1 -> 0. Snapshotting anchor model.
update 200/390 | step=409600 | SPS=1294
update 210/390 | step=430080 | SPS=1290
update 220/390 | step=450560 | SPS=1290
update 230/390 | step=471040 | SPS=1292
update 240/390 | step=491520 | SPS=1291
[500016] Regime switch detected! 0 -> 1. Snapshotting anchor model.
update 250/390 | step=512000 | SPS=1286
update 260/390 | step=532480 | SPS=1283
update 270/390 | step=552960 | SPS=1281
update 280/390 | step=573440 | SPS=1279
update 290/390 | step=593920 | SPS=1278
[600016] Regime switch detected! 1 -> 0. Snapshotting anchor model.
update 300/390 | step=614400 | SPS=1275
update 310/390 | step=634880 | SPS=1272
update 320/390 | step=655360 | SPS=1273
update 330/390 | step=675840 | SPS=1275
update 340/390 | step=696320 | SPS=1276
[700016] Regime switch detected! 0 -> 1. Snapshotting anchor model.
update 350/390 | step=716800 | SPS=1275
update 360/390 | step=737280 | SPS=1276
update 370/390 | step=757760 | SPS=1276
update 380/390 | step=778240 | SPS=1274
update 390/390 | step=798720 | SPS=1273
Episode 54/60 | reward=4.2417 | avg10=3.7814 | avg_success_rate=0.8800 | steps=38 | time=630.3s
update 10/390 | step=20480 | SPS=1243
update 20/390 | step=40960 | SPS=1233
update 30/390 | step=61440 | SPS=1261
update 40/390 | step=81920 | SPS=1278
[100016] Regime switch detected! 0 -> 1. Snapshotting anchor model.
update 50/390 | step=102400 | SPS=1286
update 60/390 | step=122880 | SPS=1296
update 70/390 | step=143360 | SPS=1293
update 80/390 | step=163840 | SPS=1293
update 90/390 | step=184320 | SPS=1302
[200016] Regime switch detected! 1 -> 0. Snapshotting anchor model.
update 100/390 | step=204800 | SPS=1297
update 110/390 | step=225280 | SPS=1295
update 120/390 | step=245760 | SPS=1298
update 130/390 | step=266240 | SPS=1299
update 140/390 | step=286720 | SPS=1296
[300016] Regime switch detected! 0 -> 1. Snapshotting anchor model.
update 150/390 | step=307200 | SPS=1289
update 160/390 | step=327680 | SPS=1288
update 170/390 | step=348160 | SPS=1288
update 180/390 | step=368640 | SPS=1290
update 190/390 | step=389120 | SPS=1287
[400016] Regime switch detected! 1 -> 0. Snapshotting anchor model.
update 200/390 | step=409600 | SPS=1285
update 210/390 | step=430080 | SPS=1282
update 220/390 | step=450560 | SPS=1285
update 230/390 | step=471040 | SPS=1285
update 240/390 | step=491520 | SPS=1283
[500016] Regime switch detected! 0 -> 1. Snapshotting anchor model.
update 250/390 | step=512000 | SPS=1280
update 260/390 | step=532480 | SPS=1277
update 270/390 | step=552960 | SPS=1276
update 280/390 | step=573440 | SPS=1273
update 290/390 | step=593920 | SPS=1272
[600016] Regime switch detected! 1 -> 0. Snapshotting anchor model.
update 300/390 | step=614400 | SPS=1269
update 310/390 | step=634880 | SPS=1271
update 320/390 | step=655360 | SPS=1271
update 330/390 | step=675840 | SPS=1273
update 340/390 | step=696320 | SPS=1275
[700016] Regime switch detected! 0 -> 1. Snapshotting anchor model.
update 350/390 | step=716800 | SPS=1276
update 360/390 | step=737280 | SPS=1277
update 370/390 | step=757760 | SPS=1279
update 380/390 | step=778240 | SPS=1281
update 390/390 | step=798720 | SPS=1282
Episode 55/60 | reward=2.8607 | avg10=3.6299 | avg_success_rate=0.6500 | steps=38 | time=625.9s
  [brain ckpt] runs/calib8x8_brain_neuromod_trainable_long_seed4_20260702-040916/episode_55/brain_ep55.pt
update 10/390 | step=20480 | SPS=1411
update 20/390 | step=40960 | SPS=1325
update 30/390 | step=61440 | SPS=1299
update 40/390 | step=81920 | SPS=1291
[100016] Regime switch detected! 0 -> 1. Snapshotting anchor model.
update 50/390 | step=102400 | SPS=1288
update 60/390 | step=122880 | SPS=1283
update 70/390 | step=143360 | SPS=1288
update 80/390 | step=163840 | SPS=1293
update 90/390 | step=184320 | SPS=1291
[200016] Regime switch detected! 1 -> 0. Snapshotting anchor model.
update 100/390 | step=204800 | SPS=1281
update 110/390 | step=225280 | SPS=1279
update 120/390 | step=245760 | SPS=1274
update 130/390 | step=266240 | SPS=1274
update 140/390 | step=286720 | SPS=1268
[300016] Regime switch detected! 0 -> 1. Snapshotting anchor model.
update 150/390 | step=307200 | SPS=1265
update 160/390 | step=327680 | SPS=1262
update 170/390 | step=348160 | SPS=1258
update 180/390 | step=368640 | SPS=1259
update 190/390 | step=389120 | SPS=1255
[400016] Regime switch detected! 1 -> 0. Snapshotting anchor model.
update 200/390 | step=409600 | SPS=1254
update 210/390 | step=430080 | SPS=1253
update 220/390 | step=450560 | SPS=1256
update 230/390 | step=471040 | SPS=1255
update 240/390 | step=491520 | SPS=1256
[500016] Regime switch detected! 0 -> 1. Snapshotting anchor model.
update 250/390 | step=512000 | SPS=1254
update 260/390 | step=532480 | SPS=1257
update 270/390 | step=552960 | SPS=1258
update 280/390 | step=573440 | SPS=1261
update 290/390 | step=593920 | SPS=1263
[600016] Regime switch detected! 1 -> 0. Snapshotting anchor model.
update 300/390 | step=614400 | SPS=1265
update 310/390 | step=634880 | SPS=1266
update 320/390 | step=655360 | SPS=1268
update 330/390 | step=675840 | SPS=1269
update 340/390 | step=696320 | SPS=1270
[700016] Regime switch detected! 0 -> 1. Snapshotting anchor model.
update 350/390 | step=716800 | SPS=1270
update 360/390 | step=737280 | SPS=1268
update 370/390 | step=757760 | SPS=1266
update 380/390 | step=778240 | SPS=1267
update 390/390 | step=798720 | SPS=1265
Episode 56/60 | reward=4.8370 | avg10=3.7611 | avg_success_rate=0.9100 | steps=38 | time=634.4s
update 10/390 | step=20480 | SPS=1274
update 20/390 | step=40960 | SPS=1262
update 30/390 | step=61440 | SPS=1263
update 40/390 | step=81920 | SPS=1277
[100016] Regime switch detected! 0 -> 1. Snapshotting anchor model.
update 50/390 | step=102400 | SPS=1283
update 60/390 | step=122880 | SPS=1294
update 70/390 | step=143360 | SPS=1303
update 80/390 | step=163840 | SPS=1297
update 90/390 | step=184320 | SPS=1296
[200016] Regime switch detected! 1 -> 0. Snapshotting anchor model.
update 100/390 | step=204800 | SPS=1296
update 110/390 | step=225280 | SPS=1298
update 120/390 | step=245760 | SPS=1300
update 130/390 | step=266240 | SPS=1297
update 140/390 | step=286720 | SPS=1297
[300016] Regime switch detected! 0 -> 1. Snapshotting anchor model.
update 150/390 | step=307200 | SPS=1295
update 160/390 | step=327680 | SPS=1295
update 170/390 | step=348160 | SPS=1296
update 180/390 | step=368640 | SPS=1297
update 190/390 | step=389120 | SPS=1298
[400016] Regime switch detected! 1 -> 0. Snapshotting anchor model.
update 200/390 | step=409600 | SPS=1297
update 210/390 | step=430080 | SPS=1293
update 220/390 | step=450560 | SPS=1292
update 230/390 | step=471040 | SPS=1293
update 240/390 | step=491520 | SPS=1296
[500016] Regime switch detected! 0 -> 1. Snapshotting anchor model.
update 250/390 | step=512000 | SPS=1294
update 260/390 | step=532480 | SPS=1290
update 270/390 | step=552960 | SPS=1290
update 280/390 | step=573440 | SPS=1291
update 290/390 | step=593920 | SPS=1293
[600016] Regime switch detected! 1 -> 0. Snapshotting anchor model.
update 300/390 | step=614400 | SPS=1295
update 310/390 | step=634880 | SPS=1293
update 320/390 | step=655360 | SPS=1290
update 330/390 | step=675840 | SPS=1288
update 340/390 | step=696320 | SPS=1288
[700016] Regime switch detected! 0 -> 1. Snapshotting anchor model.
update 350/390 | step=716800 | SPS=1289
update 360/390 | step=737280 | SPS=1289
update 370/390 | step=757760 | SPS=1289
update 380/390 | step=778240 | SPS=1288
update 390/390 | step=798720 | SPS=1288
Episode 57/60 | reward=1.5187 | avg10=3.5658 | avg_success_rate=0.8900 | steps=38 | time=622.7s
update 10/390 | step=20480 | SPS=1344
update 20/390 | step=40960 | SPS=1296
update 30/390 | step=61440 | SPS=1278
update 40/390 | step=81920 | SPS=1274
[100016] Regime switch detected! 0 -> 1. Snapshotting anchor model.
update 50/390 | step=102400 | SPS=1282
update 60/390 | step=122880 | SPS=1293
update 70/390 | step=143360 | SPS=1295
update 80/390 | step=163840 | SPS=1296
update 90/390 | step=184320 | SPS=1301
[200016] Regime switch detected! 1 -> 0. Snapshotting anchor model.
update 100/390 | step=204800 | SPS=1294
update 110/390 | step=225280 | SPS=1285
update 120/390 | step=245760 | SPS=1279
update 130/390 | step=266240 | SPS=1281
update 140/390 | step=286720 | SPS=1276
[300016] Regime switch detected! 0 -> 1. Snapshotting anchor model.
update 150/390 | step=307200 | SPS=1275
update 160/390 | step=327680 | SPS=1275
update 170/390 | step=348160 | SPS=1273
update 180/390 | step=368640 | SPS=1270
update 190/390 | step=389120 | SPS=1274
[400016] Regime switch detected! 1 -> 0. Snapshotting anchor model.
update 200/390 | step=409600 | SPS=1273
update 210/390 | step=430080 | SPS=1274
update 220/390 | step=450560 | SPS=1275
update 230/390 | step=471040 | SPS=1276
update 240/390 | step=491520 | SPS=1277
[500016] Regime switch detected! 0 -> 1. Snapshotting anchor model.
update 250/390 | step=512000 | SPS=1280
update 260/390 | step=532480 | SPS=1282
update 270/390 | step=552960 | SPS=1282
update 280/390 | step=573440 | SPS=1282
update 290/390 | step=593920 | SPS=1284
[600016] Regime switch detected! 1 -> 0. Snapshotting anchor model.
update 300/390 | step=614400 | SPS=1285
update 310/390 | step=634880 | SPS=1285
update 320/390 | step=655360 | SPS=1283
update 330/390 | step=675840 | SPS=1281
update 340/390 | step=696320 | SPS=1278
[700016] Regime switch detected! 0 -> 1. Snapshotting anchor model.
update 350/390 | step=716800 | SPS=1277
update 360/390 | step=737280 | SPS=1278
update 370/390 | step=757760 | SPS=1277
update 380/390 | step=778240 | SPS=1277
update 390/390 | step=798720 | SPS=1278
Episode 58/60 | reward=5.1264 | avg10=3.6198 | avg_success_rate=0.9700 | steps=38 | time=628.1s
update 10/390 | step=20480 | SPS=1259
update 20/390 | step=40960 | SPS=1262
update 30/390 | step=61440 | SPS=1283
update 40/390 | step=81920 | SPS=1307
[100016] Regime switch detected! 0 -> 1. Snapshotting anchor model.
update 50/390 | step=102400 | SPS=1308
update 60/390 | step=122880 | SPS=1311
update 70/390 | step=143360 | SPS=1312
update 80/390 | step=163840 | SPS=1307
update 90/390 | step=184320 | SPS=1307
[200016] Regime switch detected! 1 -> 0. Snapshotting anchor model.
update 100/390 | step=204800 | SPS=1303
update 110/390 | step=225280 | SPS=1305
update 120/390 | step=245760 | SPS=1306
update 130/390 | step=266240 | SPS=1304
update 140/390 | step=286720 | SPS=1303
[300016] Regime switch detected! 0 -> 1. Snapshotting anchor model.
update 150/390 | step=307200 | SPS=1302
update 160/390 | step=327680 | SPS=1303
update 170/390 | step=348160 | SPS=1303
update 180/390 | step=368640 | SPS=1302
update 190/390 | step=389120 | SPS=1304
[400016] Regime switch detected! 1 -> 0. Snapshotting anchor model.
update 200/390 | step=409600 | SPS=1305
update 210/390 | step=430080 | SPS=1301
update 220/390 | step=450560 | SPS=1303
update 230/390 | step=471040 | SPS=1303
update 240/390 | step=491520 | SPS=1304
[500016] Regime switch detected! 0 -> 1. Snapshotting anchor model.
update 250/390 | step=512000 | SPS=1305
update 260/390 | step=532480 | SPS=1303
update 270/390 | step=552960 | SPS=1300
update 280/390 | step=573440 | SPS=1296
update 290/390 | step=593920 | SPS=1293
[600016] Regime switch detected! 1 -> 0. Snapshotting anchor model.
update 300/390 | step=614400 | SPS=1293
update 310/390 | step=634880 | SPS=1289
update 320/390 | step=655360 | SPS=1287
update 330/390 | step=675840 | SPS=1286
update 340/390 | step=696320 | SPS=1287
[700016] Regime switch detected! 0 -> 1. Snapshotting anchor model.
update 350/390 | step=716800 | SPS=1288
update 360/390 | step=737280 | SPS=1287
update 370/390 | step=757760 | SPS=1287
update 380/390 | step=778240 | SPS=1286
update 390/390 | step=798720 | SPS=1283
Episode 59/60 | reward=3.0837 | avg10=3.7457 | avg_success_rate=0.9100 | steps=38 | time=625.2s
update 10/390 | step=20480 | SPS=1235
update 20/390 | step=40960 | SPS=1222
update 30/390 | step=61440 | SPS=1219
update 40/390 | step=81920 | SPS=1249
[100016] Regime switch detected! 0 -> 1. Snapshotting anchor model.
update 50/390 | step=102400 | SPS=1238
update 60/390 | step=122880 | SPS=1237
update 70/390 | step=143360 | SPS=1239
update 80/390 | step=163840 | SPS=1238
update 90/390 | step=184320 | SPS=1246
[200016] Regime switch detected! 1 -> 0. Snapshotting anchor model.
update 100/390 | step=204800 | SPS=1245
update 110/390 | step=225280 | SPS=1253
update 120/390 | step=245760 | SPS=1260
update 130/390 | step=266240 | SPS=1260
update 140/390 | step=286720 | SPS=1259
[300016] Regime switch detected! 0 -> 1. Snapshotting anchor model.
update 150/390 | step=307200 | SPS=1265
update 160/390 | step=327680 | SPS=1262
update 170/390 | step=348160 | SPS=1259
update 180/390 | step=368640 | SPS=1255
update 190/390 | step=389120 | SPS=1253
[400016] Regime switch detected! 1 -> 0. Snapshotting anchor model.
update 200/390 | step=409600 | SPS=1252
update 210/390 | step=430080 | SPS=1256
update 220/390 | step=450560 | SPS=1260
update 230/390 | step=471040 | SPS=1262
update 240/390 | step=491520 | SPS=1266
[500016] Regime switch detected! 0 -> 1. Snapshotting anchor model.
update 250/390 | step=512000 | SPS=1266
update 260/390 | step=532480 | SPS=1263
update 270/390 | step=552960 | SPS=1267
update 280/390 | step=573440 | SPS=1266
update 290/390 | step=593920 | SPS=1265
[600016] Regime switch detected! 1 -> 0. Snapshotting anchor model.
update 300/390 | step=614400 | SPS=1265
update 310/390 | step=634880 | SPS=1266
update 320/390 | step=655360 | SPS=1267
update 330/390 | step=675840 | SPS=1268
update 340/390 | step=696320 | SPS=1269
[700016] Regime switch detected! 0 -> 1. Snapshotting anchor model.
update 350/390 | step=716800 | SPS=1270
update 360/390 | step=737280 | SPS=1272
update 370/390 | step=757760 | SPS=1271
update 380/390 | step=778240 | SPS=1270
update 390/390 | step=798720 | SPS=1268
Episode 60/60 | reward=3.7099 | avg10=3.7957 | avg_success_rate=0.6400 | steps=38 | time=632.6s
  [brain ckpt] runs/calib8x8_brain_neuromod_trainable_long_seed4_20260702-040916/episode_60/brain_ep60.pt
Saved Brain model to: runs/calib8x8_brain_neuromod_trainable_long_seed4_20260702-040916/brain_model.pt

Brain training complete. Total RL episodes: 60
